Time(ms),Lat,Lon,Speed(kmph),Ax,Ay,Az,Gx,Gy,Gz,AlphaX,AlphaY,AlphaZ,Ax_ADXL,Ay_ADXL,Az_ADXL
1810,22.319267,87.302673,0.13,0.16,-0.03,8.10,-0.31,-1.55,0.85,0.41,0.37,-0.87,0.392,-0.078,8.591
2012,22.319267,87.302673,0.13,0.17,-0.08,8.07,-0.31,-1.69,0.96,0.00,-0.68,0.57,0.392,-0.078,8.630
2199,22.319267,87.302673,0.13,0.14,-0.02,7.97,-0.37,-1.58,0.86,-0.33,0.57,-0.53,0.431,-0.118,8.512
2298,22.319267,87.302673,0.13,0.13,-0.06,7.96,-0.49,-1.49,0.90,-1.16,0.93,0.39,0.392,-0.118,8.630
2443,22.319267,87.302673,0.13,0.15,-0.09,8.07,-0.39,-1.52,0.90,0.68,-0.21,0.00,0.392,-0.118,8.591
2587,22.319267,87.302673,0.13,0.14,-0.04,8.02,-0.31,-1.53,0.80,0.58,-0.05,-0.69,0.392,-0.157,8.591
2788,22.319267,87.302673,0.13,0.15,-0.05,8.10,-0.60,-1.65,1.06,-1.44,-0.61,1.29,0.392,0.000,8.669
2977,22.319263,87.302673,0.19,0.13,-0.04,7.99,-0.40,-1.57,0.98,1.01,0.40,-0.40,0.431,-0.039,8.669
3166,22.319263,87.302673,0.19,0.19,0.01,7.98,-0.29,-1.44,0.93,0.61,0.73,-0.28,0.431,-0.157,8.551
3264,22.319263,87.302673,0.19,0.13,-0.12,8.10,-0.44,-1.55,0.92,-1.56,-1.17,-0.08,0.431,-0.118,8.630
3410,22.319263,87.302673,0.19,0.11,-0.10,8.10,-0.47,-1.66,0.97,-0.16,-0.78,0.31,0.353,-0.118,8.591
3556,22.319263,87.302673,0.19,0.12,-0.06,7.99,-0.38,-1.63,0.99,0.58,0.26,0.16,0.392,-0.118,8.551
3737,22.319263,87.302673,0.19,0.22,-0.02,8.08,-0.35,-1.60,0.89,0.17,0.17,-0.59,0.353,-0.118,8.551
3941,22.319259,87.302673,0.13,0.13,-0.02,8.06,-0.58,-1.70,0.76,-1.12,-0.52,-0.60,0.392,-0.078,8.630
4129,22.319259,87.302673,0.13,0.21,-0.04,8.08,-0.26,-1.48,1.00,1.71,1.18,1.26,0.431,-0.078,8.591
4246,22.319259,87.302673,0.13,0.15,0.01,8.10,-0.26,-1.53,0.93,0.00,-0.39,-0.59,0.392,-0.157,8.591
4383,22.319259,87.302673,0.13,0.11,-0.08,8.06,-0.24,-1.56,1.04,0.17,-0.22,0.78,0.392,-0.118,8.551
4528,22.319259,87.302673,0.13,0.11,-0.05,8.07,-0.35,-1.55,0.75,-0.79,0.05,-2.00,0.431,-0.118,8.512
4673,22.319259,87.302673,0.13,0.18,-0.07,8.08,-0.32,-1.45,0.85,0.21,0.68,0.68,0.392,-0.118,8.669
4874,22.319259,87.302673,0.13,0.14,-0.07,8.03,-0.40,-1.71,0.73,-0.42,-1.29,-0.61,0.392,-0.196,8.630
5062,22.319259,87.302673,0.13,0.14,-0.10,7.98,-0.34,-1.57,1.02,0.32,0.73,1.54,0.392,-0.118,8.551
5229,22.319259,87.302673,0.13,0.11,-0.06,8.03,-0.24,-1.73,0.89,0.64,-0.91,-0.78,0.431,-0.118,8.591
5321,22.319259,87.302673,0.13,0.14,-0.02,8.01,-0.34,-1.47,0.79,-1.16,2.74,-1.00,0.392,-0.118,8.512
5467,22.319259,87.302673,0.13,0.13,-0.10,7.98,-0.34,-1.54,1.01,0.05,-0.47,1.46,0.392,-0.157,8.591
5611,22.319259,87.302673,0.13,0.21,-0.04,7.98,-0.31,-1.60,0.98,0.16,-0.37,-0.16,0.392,-0.157,8.591
5815,22.319259,87.302673,0.13,0.16,-0.11,8.06,-0.31,-1.71,0.93,0.00,-0.56,-0.26,0.353,-0.078,8.630
6016,22.319259,87.302673,0.13,0.17,-0.06,8.03,-0.31,-1.53,0.86,0.00,0.87,-0.34,0.392,-0.039,8.551
6203,22.319259,87.302673,0.13,0.19,-0.05,7.94,-0.31,-1.51,0.86,0.00,0.12,0.00,0.392,-0.118,8.551
6300,22.319259,87.302673,0.13,0.14,-0.10,8.07,-0.21,-1.47,0.98,1.10,0.39,1.26,0.431,-0.118,8.591
6443,22.319259,87.302673,0.13,0.15,-0.10,8.02,-0.40,-1.60,1.06,-1.39,-0.85,0.53,0.392,-0.078,8.551
6589,22.319259,87.302673,0.13,0.12,-0.06,7.91,-0.40,-1.63,0.80,0.00,-0.26,-1.78,0.392,-0.118,8.591
6791,22.319248,87.302665,0.09,0.14,-0.06,8.07,-0.52,-1.56,0.87,-0.57,0.34,0.34,0.431,-0.078,8.591
6988,22.319248,87.302665,0.09,0.13,-0.08,8.08,-0.31,-1.66,0.96,1.05,-0.46,0.46,0.431,-0.078,8.630
7178,22.319248,87.302665,0.09,0.10,-0.02,7.95,-0.46,-1.58,0.92,-0.76,0.40,-0.24,0.392,-0.078,8.551
7278,22.319248,87.302665,0.09,0.18,0.00,8.04,-0.39,-1.53,0.95,0.69,0.53,0.31,0.392,-0.157,8.551
7420,22.319248,87.302665,0.09,0.14,-0.04,8.13,-0.41,-1.72,0.81,-0.16,-1.34,-0.97,0.392,-0.118,8.512
7567,22.319248,87.302665,0.09,0.18,-0.10,8.08,-0.33,-1.63,0.94,0.57,0.62,0.88,0.392,-0.118,8.512
7755,22.319248,87.302665,0.09,0.11,-0.09,8.06,-0.36,-1.63,0.85,-0.16,-0.04,-0.49,0.392,-0.157,8.591
7952,22.319246,87.302665,0.02,0.18,-0.09,7.99,-0.31,-1.44,0.95,0.23,0.97,0.50,0.431,-0.196,8.630
8140,22.319246,87.302665,0.02,0.18,-0.02,7.99,-0.31,-1.65,1.05,0.04,-1.10,0.53,0.392,-0.118,8.591
8243,22.319246,87.302665,0.02,0.13,-0.07,7.98,-0.34,-1.59,0.91,-0.30,0.59,-1.33,0.431,-0.118,8.591
8384,22.319246,87.302665,0.02,0.12,0.00,7.98,-0.32,-1.57,0.95,0.11,0.11,0.27,0.392,-0.118,8.551
8527,22.319246,87.302665,0.02,0.16,-0.04,8.06,-0.28,-1.58,0.92,0.27,-0.05,-0.21,0.392,-0.157,8.512
8673,22.319246,87.302665,0.02,0.11,-0.05,8.07,-0.34,-1.51,0.94,-0.42,0.47,0.16,0.392,0.000,8.591
8873,22.319246,87.302665,0.02,0.16,0.00,8.08,-0.34,-1.39,0.95,0.00,0.61,0.04,0.392,-0.039,8.630
9060,22.319246,87.302665,0.02,0.17,-0.09,8.02,-0.47,-1.63,0.89,-0.69,-1.31,-0.29,0.431,-0.039,8.591
9227,22.319246,87.302665,0.02,0.15,-0.05,8.04,-0.44,-1.59,1.01,0.18,0.27,0.69,0.431,-0.118,8.669
9317,22.319246,87.302665,0.02,0.19,-0.04,8.08,-0.37,-1.69,0.98,0.85,-1.19,-0.34,0.392,-0.078,8.473
9462,22.319246,87.302665,0.02,0.17,-0.09,8.10,-0.31,-1.57,0.91,0.42,0.84,-0.47,0.392,-0.157,8.551
9607,22.319246,87.302665,0.02,0.16,-0.05,8.11,-0.39,-1.60,0.92,-0.58,-0.21,0.11,0.392,-0.118,8.551
9811,22.319246,87.302665,0.02,0.10,-0.08,8.00,-0.41,-1.65,0.92,-0.11,-0.22,0.00,0.431,-0.039,8.591
10011,22.319246,87.302665,0.02,0.15,-0.02,8.07,-0.28,-1.57,0.98,0.65,0.38,0.27,0.392,-0.118,8.591
10200,22.319246,87.302665,0.02,0.20,-0.05,8.08,-0.48,-1.50,1.00,-1.05,0.40,0.12,0.392,-0.078,8.591
10299,22.319246,87.302665,0.02,0.16,-0.02,8.09,-0.29,-1.37,0.94,1.93,1.23,-0.62,0.353,-0.118,8.630
10444,22.319246,87.302665,0.02,0.13,-0.07,8.14,-0.27,-1.44,0.94,0.11,-0.42,0.00,0.392,-0.157,8.551
10590,22.319246,87.302665,0.02,0.16,-0.03,8.07,-0.39,-1.65,0.90,-0.78,-1.46,-0.26,0.431,-0.118,8.591
10796,22.319232,87.302665,0.13,0.12,-0.08,8.17,-0.24,-1.42,0.89,0.74,1.11,-0.07,0.392,-0.078,8.591
10995,22.319232,87.302665,0.13,0.16,-0.07,8.07,-0.15,-1.72,1.02,0.42,-1.50,0.65,0.431,-0.039,8.669
11185,22.319232,87.302665,0.13,0.12,-0.05,8.09,-0.34,-1.55,0.95,-0.96,0.88,-0.36,0.392,-0.118,8.591
11286,22.319232,87.302665,0.13,0.15,-0.06,8.05,-0.28,-1.63,0.96,0.53,-0.83,0.15,0.392,-0.078,8.551
11431,22.319232,87.302665,0.13,0.16,-0.06,8.04,-0.47,-1.57,0.83,-1.26,0.42,-0.89,0.431,-0.118,8.512
11578,22.319232,87.302665,0.13,0.19,-0.09,8.05,-0.27,-1.54,0.98,1.35,0.21,0.99,0.431,-0.118,8.512
11776,22.319232,87.302665,0.13,0.08,-0.12,8.09,-0.32,-1.47,1.03,-0.27,0.39,0.27,0.392,-0.078,8.669
11969,22.319229,87.302658,0.04,0.14,-0.06,8.06,-0.47,-1.60,1.11,-0.79,-0.67,0.40,0.353,-0.118,8.591
12158,22.319229,87.302658,0.04,0.19,0.02,8.02,-0.32,-1.57,0.86,0.81,0.12,-1.29,0.392,-0.157,8.551
12258,22.319229,87.302658,0.04,0.09,0.00,8.07,-0.41,-1.49,0.94,-0.92,0.84,0.76,0.431,-0.118,8.551
12402,22.319229,87.302658,0.04,0.21,-0.11,8.04,-0.28,-1.62,1.05,0.90,-0.90,0.74,0.392,-0.118,8.591
12548,22.319229,87.302658,0.04,0.19,-0.08,8.03,-0.38,-1.59,1.13,-0.68,0.21,0.58,0.431,-0.196,8.551
12732,22.319229,87.302658,0.04,0.15,-0.00,8.02,-0.31,-1.65,0.91,0.37,-0.33,-1.20,0.392,-0.078,8.591
12937,22.319227,87.302658,0.02,0.14,-0.03,8.04,-0.30,-1.44,1.03,0.07,1.01,0.60,0.392,-0.078,8.591
13124,22.319227,87.302658,0.02,0.13,-0.05,8.13,-0.30,-1.70,1.01,0.00,-1.39,-0.12,0.471,-0.039,8.591
13238,22.319227,87.302658,0.02,0.18,-0.04,8.12,-0.19,-1.63,0.85,0.94,0.67,-1.41,0.392,-0.118,8.512
13376,22.319227,87.302658,0.02,0.14,-0.09,8.05,-0.40,-1.76,0.96,-1.55,-1.00,0.83,0.431,-0.118,8.591
13522,22.319227,87.302658,0.02,0.12,-0.03,8.08,-0.31,-1.57,0.98,0.63,1.31,0.16,0.392,-0.078,8.551
13667,22.319227,87.302658,0.02,0.12,-0.09,8.11,-0.32,-1.53,1.03,-0.05,0.32,0.32,0.392,-0.157,8.630
13870,22.319227,87.302658,0.02,0.15,-0.07,8.18,-0.27,-1.57,1.05,0.26,-0.23,0.08,0.431,-0.157,8.630
14059,22.319227,87.302658,0.02,0.11,-0.03,8.04,-0.40,-1.44,0.90,-0.73,0.73,-0.77,0.392,-0.078,8.591
14225,22.319227,87.302658,0.02,0.16,-0.06,8.05,-0.53,-1.51,0.92,-0.74,-0.46,0.09,0.392,-0.118,8.551
14318,22.319227,87.302658,0.02,0.10,-0.11,8.08,-0.33,-1.66,0.81,2.13,-1.56,-1.15,0.353,-0.157,8.708
14466,22.319227,87.302658,0.02,0.17,-0.07,8.00,-0.35,-1.58,0.85,-0.15,0.52,0.26,0.392,-0.157,8.551
14611,22.319227,87.302658,0.02,0.17,-0.08,7.98,-0.46,-1.59,0.83,-0.74,-0.05,-0.11,0.392,-0.039,8.591
14817,22.319227,87.302658,0.02,0.13,-0.04,8.11,-0.22,-1.54,0.94,1.15,0.22,0.52,0.392,-0.118,8.630
15020,22.319227,87.302658,0.02,0.20,-0.07,8.04,-0.45,-1.43,0.92,-1.13,0.56,-0.08,0.392,-0.078,8.551
15208,22.319227,87.302658,0.02,0.12,-0.06,8.10,-0.34,-1.64,0.95,0.57,-1.14,0.16,0.392,-0.118,8.551
15304,22.319227,87.302658,0.02,0.16,-0.04,8.10,-0.34,-1.66,0.94,0.00,-0.16,-0.16,0.431,-0.157,8.512
15451,22.319227,87.302658,0.02,0.09,-0.08,8.08,-0.35,-1.49,0.84,-0.05,1.14,-0.68,0.392,-0.157,8.630
15597,22.319227,87.302658,0.02,0.12,-0.01,8.06,-0.18,-1.60,0.89,1.20,-0.73,0.37,0.431,-0.118,8.551
15801,22.319221,87.302665,0.07,0.15,-0.05,8.05,-0.38,-1.56,0.94,-1.01,0.19,0.22,0.392,-0.118,8.591
16003,22.319221,87.302665,0.07,0.11,-0.03,8.04,-0.40,-1.58,0.95,-0.11,-0.11,0.08,0.392,-0.078,8.551
16191,22.319221,87.302665,0.07,0.19,-0.10,8.10,-0.27,-1.56,0.90,0.69,0.12,-0.28,0.392,-0.078,8.591
16290,22.319221,87.302665,0.07,0.17,-0.09,8.07,-0.32,-1.38,0.95,-0.46,1.77,0.46,0.392,-0.157,8.591
16436,22.319221,87.302665,0.07,0.15,-0.00,8.04,-0.40,-1.71,1.05,-0.58,-2.25,0.68,0.431,-0.196,8.512
16582,22.319221,87.302665,0.07,0.12,-0.05,8.05,-0.27,-1.57,0.89,0.94,0.94,-1.05,0.392,-0.157,8.512
16784,22.319221,87.302665,0.13,0.06,-0.05,8.03,-0.61,-1.39,1.07,-1.70,0.91,0.87,0.392,-0.078,8.591
16982,22.319221,87.302665,0.13,0.21,-0.04,8.08,-0.56,-1.34,0.90,0.27,0.23,-0.85,0.392,-0.039,8.591
17171,22.319221,87.302665,0.13,0.16,-0.00,8.04,-0.30,-1.49,1.02,1.37,-0.77,0.61,0.392,-0.196,8.551
17270,22.319221,87.302665,0.13,0.15,-0.06,8.05,-0.21,-1.63,0.90,0.93,-1.47,-1.16,0.431,-0.157,8.551
17417,22.319221,87.302665,0.13,0.23,-0.08,8.05,-0.31,-1.56,0.85,-0.68,0.52,-0.36,0.392,-0.157,8.512
17563,22.319221,87.302665,0.13,0.12,-0.03,8.11,-0.35,-1.55,0.88,-0.31,0.05,0.21,0.392,-0.118,8.591
17756,22.319221,87.302665,0.13,0.16,-0.06,8.07,-0.39,-1.61,1.02,-0.20,-0.32,0.75,0.353,-0.039,8.591
17953,22.319221,87.302665,0.06,0.24,0.09,8.12,-0.34,-1.56,1.13,0.23,0.23,0.54,0.471,-0.196,8.591
18141,22.319221,87.302665,0.06,0.00,-0.13,8.06,-0.22,-1.77,0.56,0.65,-1.10,-3.05,0.431,-0.118,8.512
18242,22.319221,87.302665,0.06,0.12,-0.03,8.02,-0.36,-1.82,1.01,-1.36,-0.45,4.46,0.471,-0.078,8.512
18387,22.319221,87.302665,0.06,0.24,-0.09,7.99,-0.41,-1.48,0.77,-0.37,2.32,-1.63,0.431,-0.118,8.591
18534,22.319221,87.302665,0.06,0.11,-0.09,8.15,-0.37,-1.53,1.11,0.26,-0.31,2.28,0.431,-0.196,8.591
18715,22.319221,87.302665,0.06,0.17,0.02,8.10,-0.24,-1.71,1.05,0.72,-1.01,-0.30,0.353,-0.078,8.551
18919,22.319223,87.302665,0.15,0.18,-0.02,8.07,-0.52,-1.41,0.87,-1.35,1.46,-0.90,0.392,-0.118,8.708
19106,22.319223,87.302665,0.15,0.09,-0.05,8.05,-0.36,-1.56,0.86,0.86,-0.82,-0.04,0.392,-0.118,8.669
19235,22.319223,87.302665,0.15,0.18,-0.06,8.02,-0.26,-1.65,1.00,0.77,-0.65,1.07,0.392,-0.157,8.591
19364,22.319223,87.302665,0.15,0.13,-0.08,8.10,-0.27,-1.67,0.80,-0.12,-0.18,-1.54,0.431,-0.157,8.551
19513,22.319223,87.302665,0.15,0.20,-0.06,8.12,-0.28,-1.94,1.11,-0.05,-1.79,2.05,0.392,-0.078,8.551
19659,22.319223,87.302665,0.15,0.13,-0.08,8.03,-0.27,-1.53,1.08,0.05,2.77,-0.21,0.392,-0.039,8.669
19862,22.319223,87.302665,0.15,0.14,-0.05,8.01,-0.37,-1.45,0.84,-0.49,0.41,-1.17,0.431,-0.118,8.551
20051,22.319223,87.302665,0.15,0.11,-0.09,8.02,-0.27,-1.43,0.93,0.57,0.12,0.48,0.314,-0.078,8.551
20231,22.319223,87.302665,0.15,0.14,-0.03,8.20,-0.42,-1.35,0.89,-0.85,0.42,-0.25,0.392,-0.157,8.630
20324,22.319223,87.302665,0.15,0.16,-0.00,8.08,-0.22,-1.82,0.86,2.13,-5.01,-0.25,0.392,-0.078,8.591
20470,22.319223,87.302665,0.15,0.11,-0.13,8.17,-0.50,-1.47,0.90,-1.93,2.41,0.26,0.471,-0.118,8.512
20616,22.319223,87.302665,0.15,0.11,-0.15,7.98,-0.48,-1.26,0.92,0.16,1.41,0.16,0.431,-0.157,8.551
20817,22.319223,87.302665,0.15,0.26,-0.08,8.07,-0.56,-1.35,1.15,-0.38,-0.46,1.10,0.510,-0.118,8.551
21020,22.319223,87.302665,0.15,0.10,-0.01,8.17,-0.42,-1.82,1.14,0.68,-2.33,-0.04,0.353,-0.118,8.591
21210,22.319223,87.302665,0.15,0.22,0.06,7.96,-0.37,-1.59,0.91,0.24,1.25,-1.21,0.314,0.000,8.512
21304,22.319223,87.302665,0.15,0.18,0.00,8.19,-0.11,-1.37,0.82,2.76,2.27,-0.97,0.392,-0.235,8.551
21448,22.319223,87.302665,0.15,0.15,0.00,8.19,-0.18,-1.50,0.85,-0.42,-0.85,0.21,0.471,-0.235,8.551
21594,22.319223,87.302665,0.15,0.20,-0.16,7.95,-0.06,-1.68,0.87,0.78,-1.25,0.16,0.353,-0.078,8.551
21797,22.319234,87.302680,0.15,0.06,-0.03,8.15,-0.26,-1.41,1.14,-0.98,1.32,1.32,0.392,-0.275,8.630
22001,22.319234,87.302680,0.15,0.20,0.01,8.07,-0.40,-1.91,1.10,-0.71,-2.43,-0.19,0.431,-0.039,8.669
22190,22.319234,87.302680,0.15,0.10,-0.02,8.08,-0.56,-1.52,0.69,-0.85,2.06,-2.18,0.275,-0.196,8.630
22290,22.319234,87.302680,0.15,0.08,-0.06,8.19,-0.27,-1.63,1.19,2.98,-1.15,5.04,0.471,-0.196,8.551
22435,22.319234,87.302680,0.15,0.16,-0.02,8.10,-0.23,-1.74,0.97,0.26,-0.74,-1.53,0.353,-0.157,8.551
22582,22.319234,87.302680,0.15,0.09,-0.01,8.11,-0.24,-1.85,0.99,-0.05,-0.73,0.16,0.353,-0.078,8.748
22785,22.319234,87.302680,0.09,0.14,-0.02,8.01,-0.29,-1.44,0.75,-0.26,2.03,-1.20,0.392,-0.196,8.473
22982,22.319234,87.302680,0.09,-0.05,-0.15,8.08,-0.44,-1.48,0.82,-0.74,-0.23,0.35,0.431,-0.196,8.708
23172,22.319234,87.302680,0.09,0.25,-0.11,8.06,-0.47,-2.77,1.15,-0.16,-6.79,1.73,0.392,-0.392,8.591
23273,22.319234,87.302680,0.09,0.15,-0.08,8.16,0.15,-2.26,0.79,6.05,5.06,-3.55,0.471,0.000,8.434
23416,22.319234,87.302680,0.09,0.25,0.03,8.03,-0.50,-1.42,1.10,-4.54,5.87,2.19,0.314,-0.078,8.473
23561,22.319234,87.302680,0.09,0.10,-0.01,7.92,-0.75,-1.05,0.92,-1.68,2.58,-1.26,0.510,-0.118,8.708
23754,22.319234,87.302680,0.09,0.16,-0.10,8.01,-0.27,-1.18,0.95,2.49,-0.71,0.16,0.431,-0.039,8.708
23951,22.319234,87.302680,0.07,0.21,-0.05,8.06,-0.37,-0.95,0.86,-0.50,1.20,-0.43,0.275,-0.118,8.630
24139,22.319234,87.302680,0.07,0.01,0.08,8.10,-0.77,-1.33,0.72,-2.15,-2.03,-0.77,0.353,-0.157,8.551
24241,22.319234,87.302680,0.07,0.09,-0.07,8.05,-0.13,-1.47,1.02,6.29,-1.42,2.92,0.471,-0.275,8.630
24385,22.319234,87.302680,0.07,0.09,-0.15,8.17,-0.34,-2.67,1.03,-1.43,-8.32,0.11,0.431,-0.157,8.591
24531,22.319234,87.302680,0.07,0.39,-0.15,8.05,-0.21,-2.79,1.22,0.89,-0.84,1.31,0.628,0.078,8.238
24711,22.319234,87.302680,0.07,0.39,-0.11,8.02,-0.43,-0.19,0.74,-1.23,14.46,-2.67,0.392,-0.314,8.669
24916,22.319234,87.302680,0.07,-0.00,0.06,8.16,-0.47,-1.49,0.79,-0.19,-6.33,0.22,0.353,-0.039,8.473
25104,22.319234,87.302680,0.07,0.10,-0.12,7.96,-0.36,-1.88,0.92,0.57,-2.07,0.69,0.431,0.039,8.512
25233,22.319234,87.302680,0.07,0.29,-0.09,7.94,-0.30,-1.41,0.89,0.47,3.61,-0.18,0.471,-0.078,8.630
25362,22.319234,87.302680,0.07,0.12,-0.12,8.07,-0.31,-1.15,0.82,-0.12,2.07,-0.59,0.431,-0.118,8.512
25509,22.319234,87.302680,0.07,0.15,-0.03,8.15,-0.40,-1.60,0.97,-0.62,-3.12,1.04,0.353,-0.157,8.551
25656,22.319234,87.302680,0.07,0.17,-0.07,7.95,-0.40,-1.61,1.04,0.00,-0.05,0.47,0.392,0.000,8.630
25858,22.319234,87.302680,0.07,0.22,-0.03,8.04,-0.45,-1.54,0.84,-0.23,0.34,-0.98,0.353,-0.039,8.630
26046,22.319234,87.302680,0.07,0.12,-0.13,8.06,-0.42,-1.56,0.79,0.16,-0.12,-0.28,0.392,-0.078,8.630
26224,22.319234,87.302680,0.07,0.12,-0.04,8.07,-0.45,-1.56,0.95,-0.17,0.00,0.94,0.431,-0.157,8.591
26317,22.319234,87.302680,0.07,0.17,-0.12,8.10,-0.47,-1.67,0.73,-0.16,-1.15,-2.46,0.431,-0.118,8.473
26465,22.319234,87.302680,0.07,0.20,-0.07,8.00,-0.44,-1.66,0.96,0.21,0.10,1.60,0.431,-0.157,8.512
26609,22.319234,87.302680,0.07,0.18,-0.02,8.06,-0.37,-1.35,0.83,0.42,2.12,-0.90,0.392,-0.157,8.551
26813,22.319234,87.302680,0.07,0.19,-0.02,8.04,-0.46,-1.88,0.97,-0.41,-2.58,0.67,0.431,0.000,8.591
27015,22.319234,87.302680,0.07,0.17,-0.08,8.05,-0.27,-1.44,0.84,0.94,2.19,-0.64,0.431,-0.157,8.591
27203,22.319234,87.302680,0.07,0.11,-0.10,8.04,-0.60,-1.34,0.77,-1.75,0.53,-0.37,0.431,-0.078,8.551
27300,22.319234,87.302680,0.07,0.16,-0.09,8.03,-0.15,-1.23,0.90,4.64,1.10,1.34,0.353,-0.118,8.551
27445,22.319234,87.302680,0.07,0.11,-0.02,8.06,-0.32,-1.56,0.82,-1.21,-2.32,-0.58,0.431,-0.275,8.630
27592,22.319234,87.302680,0.07,0.12,-0.08,8.01,-0.25,-1.75,1.03,0.47,-1.25,1.45,0.353,-0.078,8.473
27796,22.319244,87.302688,0.04,0.25,-0.03,7.97,-0.34,-1.59,1.05,-0.45,0.79,0.07,0.471,-0.118,8.591
27998,22.319244,87.302688,0.04,0.19,-0.08,8.12,-0.39,-1.78,0.88,-0.23,-0.94,-0.83,0.471,-0.118,8.630
28187,22.319244,87.302688,0.04,0.22,0.22,7.99,-0.01,-1.57,0.73,2.02,1.09,-0.81,0.235,-0.078,8.512
28285,22.319244,87.302688,0.04,0.05,0.23,7.80,-0.79,-1.07,1.10,-7.95,5.14,3.82,0.314,-0.157,8.630
28430,22.319244,87.302688,0.04,0.21,-0.01,8.24,-0.20,-2.28,1.02,4.05,-8.37,-0.53,0.235,-0.118,8.669
28576,22.319244,87.302688,0.04,0.21,0.08,7.98,-0.44,-1.53,0.96,-1.62,5.12,-0.42,0.510,-0.118,8.748
28777,22.319244,87.302688,0.04,0.18,-0.25,7.99,-0.15,-1.42,0.95,1.41,0.57,-0.08,0.196,-0.118,8.630
28975,22.319244,87.302688,0.02,0.15,0.12,8.23,-0.80,-1.55,0.96,-3.28,-0.66,0.08,0.118,0.000,8.669
29164,22.319244,87.302688,0.02,0.20,0.33,8.36,-0.24,-1.21,0.92,2.99,1.82,-0.24,0.157,-0.157,8.787
29263,22.319244,87.302688,0.02,0.25,0.68,8.08,0.60,-2.94,0.92,8.40,-17.50,0.08,0.157,-0.078,8.551
29408,22.319244,87.302688,0.02,0.35,0.40,8.29,1.76,-2.25,0.74,8.00,4.74,-1.26,0.314,-0.196,8.708
29551,22.319244,87.302688,0.02,0.05,-0.08,7.42,-1.15,0.60,1.35,-20.29,19.91,4.27,0.824,-0.392,8.081
29736,22.319244,87.302688,0.02,-0.14,1.03,7.37,1.27,-2.06,1.42,13.04,-14.36,0.37,-0.039,-0.078,7.728
29941,22.319246,87.302688,0.35,0.23,0.15,8.98,0.18,-4.18,1.46,-5.32,-10.31,0.19,-0.078,-0.314,8.041
30131,22.319246,87.302688,0.35,0.09,-0.28,8.79,-0.06,-1.61,0.92,-1.25,13.50,-2.85,0.431,-0.078,8.473
30240,22.319246,87.302688,0.35,0.54,-0.51,6.84,-0.23,-2.43,1.89,-1.54,-7.49,8.89,0.235,0.078,8.473
30379,22.319246,87.302688,0.35,0.17,0.97,7.67,0.94,-0.47,2.92,8.40,14.11,7.41,-0.471,-0.118,7.688
30523,22.319246,87.302688,0.35,0.44,0.57,7.73,-0.34,2.21,2.31,-8.91,18.55,-4.19,-0.078,0.039,8.904
30669,22.319246,87.302688,0.35,-0.16,0.37,9.05,-0.57,-0.77,2.95,-1.57,-20.39,4.39,0.118,-0.078,8.708
30875,22.319246,87.302688,0.35,-0.04,0.13,8.46,-0.73,-0.94,3.53,-0.74,-0.82,2.82,0.000,-0.078,8.708
31065,22.319246,87.302688,0.35,0.15,0.41,8.41,-0.91,-1.13,3.37,-0.96,-1.00,-0.84,0.275,-0.235,8.826
31241,22.319246,87.302688,0.35,0.28,0.23,7.67,-0.11,-2.22,3.49,4.55,-6.20,0.65,0.118,-0.275,8.865
31332,22.319246,87.302688,0.35,0.06,0.32,8.31,0.02,-1.98,3.53,1.34,2.60,0.42,0.431,-0.314,8.748
31474,22.319246,87.302688,0.35,0.15,0.47,8.28,-0.41,-1.12,3.56,-3.01,6.07,0.27,0.275,-0.196,8.159
31619,22.319246,87.302688,0.35,-0.21,0.45,7.80,-1.59,-1.34,3.48,-8.11,-1.47,-0.58,0.392,-0.118,9.218
31825,22.319246,87.302688,0.35,0.15,0.42,8.28,-0.76,-2.42,3.90,4.04,-5.26,2.04,0.314,-0.235,8.277
32027,22.319246,87.302688,0.35,-0.02,0.43,7.89,0.08,-2.17,3.57,4.12,1.25,-1.62,-0.039,-0.196,8.394
32216,22.319246,87.302688,0.35,-0.06,0.24,7.93,-0.49,-0.84,3.92,-2.99,7.03,1.86,-0.078,-0.392,8.748
32314,22.319246,87.302688,0.35,0.21,0.57,8.11,-1.33,-1.57,3.79,-8.57,-7.48,-1.40,0.078,-0.353,8.708
32459,22.319246,87.302688,0.35,-0.11,-0.70,8.73,-0.47,-3.93,2.86,5.95,-16.27,-6.37,-0.941,-0.235,7.963
32610,22.319246,87.302688,0.35,0.46,0.29,7.56,0.81,-0.50,5.99,8.44,22.75,20.73,0.785,0.196,9.336
32812,22.319246,87.302688,0.35,-0.12,0.79,7.43,0.27,-1.90,3.26,-2.65,-6.95,-13.53,-0.392,-0.353,8.394
33015,22.319246,87.302688,0.35,0.24,0.27,9.44,0.17,-2.15,2.52,-0.53,-1.20,-3.65,-0.157,-0.275,9.650
33203,22.319246,87.302688,0.35,0.02,0.76,7.85,0.33,-3.98,3.46,0.85,-9.79,4.99,0.235,-0.157,8.630
33301,22.319246,87.302688,0.35,0.67,0.05,8.68,-1.88,-1.41,2.55,-22.51,26.25,-9.27,-0.196,-0.039,8.120
33448,22.319246,87.302688,0.35,-0.17,0.05,9.02,-1.69,-1.58,3.22,1.25,-1.14,4.57,0.118,-0.353,9.022
33594,22.319246,87.302688,0.35,0.29,-0.33,8.08,0.00,-1.50,2.85,11.61,0.52,-2.56,-0.314,-0.510,7.728
33800,22.319246,87.302688,0.35,0.45,0.98,8.63,-0.32,-3.22,2.28,-1.56,-8.34,-2.74,0.039,-0.431,8.865
33998,22.319246,87.302688,0.35,0.33,1.09,7.65,0.41,-3.26,2.81,3.70,-0.19,2.66,-0.431,-0.235,8.198
34187,22.319246,87.302688,0.35,0.24,0.30,7.86,0.69,-3.08,3.14,1.49,0.93,1.74,0.431,-0.157,7.806
34284,22.319246,87.302688,0.35,0.06,0.51,8.52,1.17,-3.15,2.53,4.88,-0.63,-6.22,-0.353,0.157,8.983
34427,22.319246,87.302688,0.35,0.09,-0.05,7.32,-0.75,0.18,2.85,-13.40,23.22,2.24,-0.118,0.039,9.454
34574,22.319246,87.302688,0.35,0.30,-0.49,7.28,-0.56,-1.11,3.29,1.30,-8.72,2.96,0.628,-0.157,8.394
34776,22.319246,87.302688,0.35,-0.31,1.12,7.51,2.93,-2.82,3.53,17.27,-8.50,1.21,0.275,-0.353,9.061
34971,22.319236,87.302658,6.07,0.16,0.11,8.14,-1.38,-1.86,3.17,-22.12,4.93,-1.88,0.314,0.196,8.238
35161,22.319236,87.302658,6.07,0.20,-0.10,7.88,-1.59,0.89,3.64,-1.08,14.50,2.49,0.392,-0.078,8.826
35262,22.319236,87.302658,6.07,0.20,0.46,8.09,-0.27,-0.66,4.04,13.08,-15.34,3.93,0.196,-0.275,8.512
35407,22.319236,87.302658,6.07,0.32,0.76,8.50,1.26,-2.79,3.52,10.53,-14.69,-3.58,-0.235,-0.235,9.336
35555,22.319236,87.302658,6.07,0.37,0.84,7.54,-0.47,-1.62,3.93,-11.71,7.89,2.79,0.118,-0.157,8.826
35746,22.319236,87.302658,6.07,-0.03,0.46,8.09,-0.73,-1.19,3.89,-1.36,2.24,-0.24,0.235,-0.235,8.904
35944,22.319231,87.302642,6.67,0.35,0.34,7.51,0.66,0.18,3.54,7.02,6.94,-1.73,-0.314,-0.392,8.512
36132,22.319231,87.302642,6.67,0.40,0.55,8.77,0.96,-2.21,3.30,1.62,-12.71,-1.30,0.000,-0.118,8.355
36251,22.319231,87.302642,6.67,0.34,0.08,7.63,-2.57,-2.16,3.34,-29.70,0.38,0.38,0.275,-0.196,7.924
36389,22.319231,87.302642,6.67,0.37,0.79,7.40,2.84,-2.22,3.40,39.22,-0.44,0.39,0.039,-0.157,9.022
36534,22.319231,87.302642,6.67,0.52,-0.17,8.09,2.27,-0.02,3.40,-3.95,15.16,0.00,-0.196,-0.078,8.748
36715,22.319231,87.302642,6.67,-0.05,0.74,7.36,-0.47,-0.58,3.34,-15.10,-3.08,-0.30,0.078,-0.275,7.924
36921,22.319231,87.302642,6.67,0.42,-0.07,9.65,0.47,-1.72,1.34,4.52,-5.52,-9.71,-0.275,0.078,9.101
37110,22.319231,87.302642,6.67,0.43,-0.47,6.81,-2.07,-1.92,1.34,-13.41,-1.09,0.00,0.314,0.196,9.257
37249,22.319231,87.302642,6.67,0.66,0.02,8.03,0.37,-1.19,0.86,17.57,5.27,-3.46,0.118,0.078,8.865
37366,22.319231,87.302642,6.67,0.12,0.50,6.08,4.26,1.72,0.76,33.21,24.86,-0.85,-0.118,0.000,7.845
37511,22.319231,87.302642,6.67,0.12,-0.06,8.25,-0.24,-1.45,0.56,-31.06,-21.85,-1.42,-0.431,-0.549,8.041
37662,22.319231,87.302642,6.67,0.76,-0.34,8.13,-0.15,-0.37,0.71,0.61,7.18,1.01,0.314,0.275,8.120
37864,22.319231,87.302642,6.67,-0.04,0.53,7.13,1.47,-1.80,0.15,8.01,-7.10,-2.76,0.000,-0.157,8.865
38053,22.319231,87.302642,6.67,0.43,-0.00,6.86,0.27,-3.82,-0.53,-6.30,-10.66,-3.59,0.275,0.078,8.434
38232,22.319231,87.302642,6.67,0.27,0.28,8.75,0.67,-1.61,-0.89,2.22,12.32,-2.05,0.196,0.118,8.041
38323,22.319231,87.302642,6.67,0.44,0.28,6.73,0.60,-1.99,-0.93,-0.75,-4.19,-0.42,0.431,0.157,9.454
38468,22.319231,87.302642,6.67,0.22,0.05,7.99,-1.08,-1.56,-1.07,-11.58,2.95,-0.95,0.078,-0.039,8.355
38616,22.319231,87.302642,6.67,0.58,0.48,7.59,-1.73,-3.50,-1.44,-4.38,-13.10,-2.48,0.196,-0.118,8.708
38823,22.319231,87.302642,6.67,0.90,0.28,7.37,2.40,-1.94,-1.70,19.95,7.56,-1.29,0.157,0.000,7.806
39026,22.319231,87.302642,6.67,0.99,0.02,9.32,0.05,-3.22,-1.64,-11.62,-6.32,0.30,0.353,0.118,8.865
39215,22.319231,87.302642,6.67,0.76,0.27,7.88,0.73,-4.37,-1.66,3.64,-6.06,-0.08,0.314,0.431,8.316
39311,22.319231,87.302642,6.67,0.83,0.06,7.93,0.52,-4.40,-1.66,-2.23,-0.40,-0.08,0.000,0.588,7.728
39455,22.319231,87.302642,6.67,0.76,-0.01,8.10,-2.18,-4.60,-1.54,-18.71,-1.33,0.85,-0.078,0.157,9.140
39605,22.319231,87.302642,6.67,0.82,0.33,7.98,1.94,-5.62,-1.36,27.43,-6.82,1.22,-0.431,0.588,7.924
39809,22.319231,87.302642,6.67,1.18,-0.15,7.25,0.68,-4.17,-1.05,-6.17,7.11,1.50,0.353,0.588,9.297
40010,22.319231,87.302642,6.67,0.73,0.11,7.59,2.71,-0.62,-0.81,10.10,17.66,1.22,0.118,0.785,8.277
40201,22.319231,87.302642,6.67,0.84,-0.09,8.72,-2.11,-1.60,-0.84,-25.22,-5.16,-0.16,0.549,0.981,9.179
40304,22.319231,87.302642,6.67,1.01,-0.14,7.38,1.20,-1.29,-1.57,32.09,3.04,-7.11,0.471,0.667,8.277
40449,22.319231,87.302642,6.67,0.94,0.10,9.10,-1.57,-3.27,-1.42,-19.11,-13.69,1.05,0.510,0.785,10.003
40597,22.319231,87.302642,6.67,1.05,0.37,7.12,0.50,-2.26,-1.89,13.98,6.86,-3.15,0.392,1.138,8.904
40801,22.319231,87.302642,6.67,0.84,-0.00,7.60,2.36,-3.15,-2.24,9.13,-4.34,-1.72,0.157,0.667,8.159
41004,22.319231,87.302642,6.67,1.27,-0.70,8.64,0.27,-2.89,-2.53,-10.27,1.28,-1.43,0.392,0.824,8.198
41194,22.319231,87.302642,6.67,1.49,-0.01,7.64,-0.44,-3.06,-2.03,-3.74,-0.92,2.61,0.196,0.902,8.591
41294,22.319231,87.302642,6.67,0.95,0.09,8.42,-0.01,-2.20,-2.66,4.27,8.63,-6.26,0.314,0.863,8.630
41439,22.319231,87.302642,6.67,1.08,0.58,8.04,4.40,-1.59,-2.40,30.43,4.21,1.74,0.118,0.588,8.277
41582,22.319231,87.302642,6.67,1.38,0.67,7.74,-3.04,-1.04,-2.63,-52.05,3.84,-1.60,0.588,0.824,8.983
41786,22.319213,87.302528,11.72,1.53,0.15,7.64,1.14,0.02,-2.99,20.47,5.20,-1.76,0.510,0.863,9.140
41982,22.319213,87.302528,11.72,1.00,0.26,7.04,2.27,-1.53,-2.76,5.76,-7.95,1.21,0.471,0.981,9.022
42173,22.319213,87.302528,11.72,1.37,0.05,9.18,-4.47,-2.65,-2.64,-35.25,-5.84,0.60,0.039,0.902,8.512
42275,22.319213,87.302528,11.72,1.33,0.78,9.04,-6.97,0.35,-2.28,-24.55,29.41,3.52,0.588,1.020,8.081
42422,22.319213,87.302528,11.72,1.30,0.00,7.61,0.22,-0.19,-2.33,48.92,-3.69,-0.31,0.235,1.334,9.022
42568,22.319213,87.302528,11.72,0.89,0.15,7.74,-1.31,-2.75,-3.00,-10.46,-17.52,-4.60,0.471,1.059,7.649
42773,22.319213,87.302528,11.72,1.69,0.44,7.81,3.01,-2.05,-2.00,21.04,3.39,4.88,0.000,1.059,7.885
42968,22.319215,87.302497,12.06,1.40,0.36,7.88,0.37,-0.63,-1.51,-13.51,7.28,2.51,0.628,1.177,8.983
43158,22.319215,87.302497,12.06,1.11,0.43,8.66,-7.92,-1.02,-0.74,-43.67,-2.05,4.06,0.431,0.785,8.355
43260,22.319215,87.302497,12.06,1.39,0.01,9.74,-5.22,-2.88,-0.40,26.49,-18.19,3.37,0.628,0.549,7.806
43408,22.319215,87.302497,12.06,1.32,-0.52,7.71,2.56,0.15,-1.34,52.56,20.43,-6.34,0.745,0.471,7.924
43554,22.319215,87.302497,12.06,1.23,0.11,8.35,-3.82,-2.32,-0.48,-43.71,-16.89,5.86,0.510,0.745,8.551
43755,22.319215,87.302497,12.06,0.89,0.33,7.44,5.01,-3.18,-0.08,43.94,-4.25,2.01,0.588,0.588,8.944
43948,22.319213,87.302467,11.50,1.44,0.04,7.19,-0.61,-1.92,0.78,-29.11,6.53,4.43,0.785,0.628,8.394
44138,22.319213,87.302467,11.50,0.79,-0.35,8.97,-1.15,-1.75,1.02,-2.81,0.88,1.25,0.628,1.138,7.571
44251,22.319213,87.302467,11.50,0.76,-0.14,7.96,1.61,0.17,1.56,24.39,16.96,4.80,0.235,0.863,8.512
44387,22.319213,87.302467,11.50,0.43,-0.47,7.39,0.95,-1.22,1.50,-4.88,-10.22,-0.45,0.431,0.785,9.924
44534,22.319213,87.302467,11.50,0.76,-0.28,7.63,2.74,-2.39,1.41,12.20,-7.95,-0.57,0.353,1.020,9.218
44719,22.319213,87.302467,11.50,1.16,-0.29,7.94,3.32,-1.85,0.69,3.14,2.89,-3.88,1.020,0.471,6.904
44925,22.319206,87.302436,11.89,0.79,-0.10,8.75,2.22,0.56,1.21,-5.34,11.75,2.52,0.785,0.667,7.453
45115,22.319206,87.302436,11.89,0.97,-0.29,7.70,2.99,-1.48,2.02,4.06,-10.77,4.26,0.667,0.863,9.885
45246,22.319206,87.302436,11.89,0.90,0.27,6.92,5.51,-1.18,1.54,19.23,2.27,-3.67,0.549,0.981,8.120
45374,22.319206,87.302436,11.89,0.81,-0.30,6.78,6.35,-0.53,1.18,6.56,5.07,-2.80,0.667,0.785,9.061
45518,22.319206,87.302436,11.89,0.65,-0.58,7.19,0.62,-0.06,1.31,-39.81,3.29,0.90,0.471,0.824,9.611
45664,22.319206,87.302436,11.89,1.10,0.15,7.44,-1.31,-1.40,1.64,-13.23,-9.20,2.25,0.902,0.941,8.708
45869,22.319206,87.302436,11.89,0.91,-0.29,8.12,3.50,-1.38,0.89,23.46,0.11,-3.69,0.549,0.667,8.277
46072,22.319202,87.302398,11.89,0.84,0.48,8.43,0.49,-1.61,0.84,-14.82,-1.13,-0.23,0.745,0.981,7.924
46254,22.319202,87.302398,11.89,1.32,-0.40,7.90,-5.20,-2.47,0.68,-31.25,-4.74,-0.88,0.667,0.628,9.218
46349,22.319202,87.302398,11.89,1.20,-0.32,7.24,-1.37,0.08,1.16,40.34,26.92,5.06,0.471,0.588,8.277
46494,22.319202,87.302398,11.89,1.13,-0.98,8.45,1.22,-1.89,0.78,17.85,-13.58,-2.63,-0.196,0.549,7.100
46643,22.319202,87.302398,11.89,1.09,-0.66,8.45,-3.91,-2.16,0.89,-34.43,-1.84,0.72,0.549,0.745,7.924
46849,22.319202,87.302398,11.89,1.09,0.22,8.12,-0.81,-0.79,0.92,15.04,6.67,0.19,0.510,0.706,8.512
47039,22.319202,87.302398,11.89,0.81,-0.09,7.74,-3.65,-2.56,1.22,-14.95,-9.36,1.57,0.706,0.863,7.924
47230,22.319202,87.302398,11.89,0.89,0.14,8.36,-0.20,-2.95,0.90,18.06,-2.04,-1.68,0.549,0.941,9.689
47326,22.319202,87.302398,11.89,0.99,0.42,8.22,0.77,-2.65,0.87,10.10,3.18,-0.32,0.275,0.941,7.806
47470,22.319202,87.302398,11.89,1.07,-0.20,8.33,2.96,-1.40,0.54,15.21,8.64,-2.28,0.392,1.020,8.434
47616,22.319202,87.302398,11.89,1.26,-0.37,8.06,2.01,-0.31,0.44,-6.54,7.48,-0.68,0.353,1.412,8.434
47820,22.319202,87.302398,11.89,1.37,-1.55,6.82,6.60,-0.84,0.27,22.53,-2.58,-0.86,0.353,0.510,8.473
48024,22.319202,87.302398,11.89,1.59,-0.29,10.12,-1.86,-1.59,-0.11,-41.50,-3.67,-1.83,0.431,1.530,9.022
48215,22.319202,87.302398,11.89,1.91,0.57,7.50,-0.08,-2.86,0.26,9.35,-6.67,1.92,0.275,0.588,6.904
48311,22.319202,87.302398,11.89,1.18,-0.23,8.16,-2.62,-1.30,0.35,-26.48,16.30,0.95,0.353,0.706,9.061
48457,22.319202,87.302398,11.89,1.49,0.08,8.58,1.92,-3.34,0.05,31.11,-14.01,-2.09,0.824,0.902,8.669
48604,22.319202,87.302398,11.89,1.71,0.19,7.64,-1.77,-2.53,0.31,-25.13,5.50,1.77,-0.118,0.902,8.081
48809,22.319202,87.302398,11.89,1.37,-0.20,8.56,-0.08,-2.17,0.27,8.23,1.79,-0.19,0.510,0.863,7.688
49012,22.319202,87.302398,11.89,2.34,-0.13,9.03,-0.18,-2.36,0.35,-0.49,-0.94,0.41,-0.039,0.745,8.120
49202,22.319202,87.302398,11.89,0.98,-0.37,8.92,0.05,-1.74,0.18,1.21,3.25,-0.92,0.471,0.745,7.610
49300,22.319202,87.302398,11.89,1.35,-0.38,8.10,3.80,-1.06,-0.19,38.32,6.93,-3.74,0.235,0.706,8.159
49446,22.319202,87.302398,11.89,1.01,0.31,7.57,-5.87,-2.14,0.31,-66.24,-7.37,3.45,0.902,0.628,9.140
49593,22.319202,87.302398,11.89,1.14,0.25,7.25,-2.13,1.33,0.50,25.45,23.58,1.25,0.392,1.059,8.238
49796,22.319202,87.302398,11.89,1.40,-0.16,7.74,-2.31,-2.70,0.26,-0.86,-19.85,-1.17,0.471,0.628,9.101
50000,22.319202,87.302398,11.89,1.15,0.06,7.49,5.34,-0.76,1.37,37.46,9.50,5.46,0.628,0.745,6.904
50192,22.319202,87.302398,11.89,1.42,0.50,8.04,1.60,-2.03,1.16,-19.44,-6.60,-1.11,0.667,0.431,8.865
50293,22.319202,87.302398,11.89,1.38,-0.60,6.54,-1.79,2.11,1.63,-33.63,40.96,4.61,1.491,0.392,9.807
50440,22.319202,87.302398,11.89,1.06,0.84,7.31,1.27,-0.21,1.91,20.88,-15.79,1.92,0.941,1.098,8.512
50585,22.319202,87.302398,11.89,0.77,0.11,6.62,0.66,-1.44,1.39,-4.21,-8.42,-3.58,0.549,0.667,9.414
50790,22.319173,87.302223,14.43,0.97,-0.35,8.11,-1.85,2.95,1.82,-12.29,21.37,2.09,0.628,0.078,7.139
50991,22.319173,87.302223,14.43,0.83,-0.41,9.31,-8.61,-2.16,1.08,-33.61,-25.41,-3.68,0.039,1.608,8.787
51183,22.319173,87.302223,14.43,1.22,0.28,7.94,1.87,-1.06,0.76,54.59,5.73,-1.63,0.275,1.098,9.611
51282,22.319173,87.302223,14.43,0.72,-0.24,8.27,-2.24,-3.47,1.24,-41.56,-24.29,4.78,0.981,0.941,8.277
51431,22.319173,87.302223,14.43,1.41,-0.81,7.06,-0.21,-1.09,1.17,13.68,15.93,-0.46,0.667,0.863,8.787
51578,22.319173,87.302223,14.43,1.18,-0.50,7.93,3.52,-1.99,0.72,25.34,-6.13,-3.06,0.118,0.549,8.238
51782,22.319166,87.302185,13.87,1.20,-0.38,9.04,-3.66,-3.36,1.04,-35.21,-6.70,1.57,0.196,0.824,7.022
51976,22.319166,87.302185,13.87,1.22,0.23,7.79,-4.06,-4.02,1.08,-2.05,-3.38,0.24,0.000,0.314,7.453
52165,22.319166,87.302185,13.87,1.12,0.09,8.68,-4.10,-1.40,2.21,-0.20,13.85,5.94,0.941,1.177,8.865
52265,22.319166,87.302185,13.87,0.78,0.04,8.51,-2.26,-2.81,1.44,18.40,-14.12,-7.71,0.235,0.667,8.355
52413,22.319166,87.302185,13.87,0.92,-0.46,7.59,4.95,-2.68,1.37,48.69,0.88,-0.46,0.510,0.392,7.963
52558,22.319166,87.302185,13.87,1.67,0.03,7.97,4.82,-0.15,1.46,-0.89,17.48,0.63,0.157,0.588,7.806
52749,22.319166,87.302185,13.87,0.69,-1.07,8.42,5.92,-1.98,1.36,5.76,-9.63,-0.52,0.314,0.863,8.081
52948,22.319168,87.302154,12.17,1.16,0.10,8.02,-0.48,-0.87,1.91,-32.15,5.60,2.76,0.824,0.863,9.257
53139,22.319168,87.302154,12.17,0.47,-0.36,7.26,3.36,-3.46,0.83,20.10,-13.55,-5.64,0.275,0.941,8.591
53253,22.319168,87.302154,12.17,1.19,-0.39,6.92,-2.26,1.84,2.24,-49.28,46.47,12.39,0.510,1.138,8.708
53392,22.319168,87.302154,12.17,0.80,0.21,7.37,5.40,0.18,2.05,55.14,-11.92,-1.37,-0.235,0.549,8.944
53538,22.319168,87.302154,12.17,0.78,-0.58,7.89,1.66,-1.93,1.98,-25.62,-14.48,-0.52,0.196,0.902,9.218
53725,22.319168,87.302154,12.17,1.20,-0.63,8.17,0.14,-1.18,1.44,-8.16,4.00,-2.90,0.235,0.078,8.826
53931,22.319164,87.302116,14.19,0.75,0.50,7.82,0.28,-2.81,0.82,0.70,-7.89,-2.96,0.431,1.569,8.434
54120,22.319164,87.302116,14.19,1.05,0.18,7.34,2.78,-1.50,1.41,13.21,6.91,3.11,0.275,1.098,8.081
54250,22.319164,87.302116,14.19,1.16,0.45,7.75,0.02,-0.46,1.73,-21.20,8.04,2.47,0.353,0.745,8.669
54378,22.319164,87.302116,14.19,1.16,1.08,7.98,-2.06,-1.76,1.60,-16.28,-10.20,-1.01,0.118,0.510,8.748
54528,22.319164,87.302116,14.19,1.12,-0.08,7.44,-2.99,-3.03,1.73,-6.21,-8.45,0.81,0.863,0.588,8.708
54709,22.319164,87.302116,14.19,1.52,0.04,8.16,2.30,-1.08,1.75,29.23,10.75,0.13,0.471,0.941,9.179
54917,22.319164,87.302116,14.19,0.97,-0.36,8.72,0.52,-2.92,1.53,-8.55,-8.84,-1.06,0.118,1.216,7.963
55106,22.319164,87.302116,14.19,1.45,-0.92,8.55,3.54,-1.53,1.25,15.99,7.39,-1.45,0.863,0.431,7.688
55246,22.319164,87.302116,14.19,0.91,-0.39,7.63,-0.72,-3.11,1.68,-30.43,-11.34,3.05,0.588,0.549,9.101
55369,22.319164,87.302116,14.19,1.03,-0.15,7.97,0.17,-1.45,1.36,7.20,13.53,-2.61,0.078,0.863,7.767
55516,22.319164,87.302116,14.19,1.26,-0.15,9.03,-5.36,-1.66,1.80,-37.60,-1.40,3.01,0.706,0.588,7.728
55668,22.319164,87.302116,14.19,1.44,-0.37,9.19,3.59,-0.28,1.76,58.86,9.04,-0.25,0.314,0.824,8.865
55875,22.319164,87.302116,14.19,1.30,0.09,8.42,-4.12,-2.97,1.47,-37.25,-12.98,-1.40,0.863,0.941,7.728
56066,22.319164,87.302116,14.19,1.48,0.02,7.94,-3.04,-1.06,1.43,5.68,9.99,-0.24,0.510,0.785,8.002
56230,22.319164,87.302116,14.19,1.59,0.19,9.26,-2.75,-0.75,1.47,1.77,1.91,0.28,0.588,1.098,8.238
56323,22.319164,87.302116,14.19,1.34,-0.56,7.46,-2.26,-1.17,1.14,5.25,-4.51,-3.61,0.275,0.902,10.160
56470,22.319164,87.302116,14.19,1.20,-0.09,8.72,1.05,-2.46,1.08,22.49,-8.78,-0.42,0.549,0.941,7.610
56616,22.319164,87.302116,14.19,1.34,0.00,7.32,-5.39,-2.14,1.40,-44.08,2.20,2.20,0.706,0.863,9.218
56820,22.319164,87.302116,14.19,1.17,0.40,8.30,-0.71,-1.11,0.88,22.94,5.01,-2.54,0.235,0.745,8.904
57024,22.319164,87.302116,14.19,0.86,0.43,8.70,0.02,-2.98,1.63,3.59,-9.13,3.67,0.314,1.216,9.061
57214,22.319164,87.302116,14.19,1.69,0.07,7.67,-0.44,-1.24,1.56,-2.45,9.12,-0.32,0.706,0.628,8.551
57311,22.319164,87.302116,14.19,1.30,-0.70,8.27,-2.70,-0.64,1.61,-23.29,6.22,0.47,0.392,1.334,8.081
57457,22.319164,87.302116,14.19,1.09,-0.07,6.92,4.57,2.15,1.40,49.83,19.08,-1.46,1.098,1.334,8.787
57603,22.319164,87.302116,14.19,0.67,-0.10,7.27,-1.40,-2.03,1.11,-40.94,-28.60,-1.93,0.275,0.863,10.277
57812,22.319164,87.302116,14.19,0.91,0.69,8.15,-3.52,-1.34,1.08,-10.12,3.29,-0.18,1.334,1.255,8.904
58016,22.319164,87.302116,14.19,0.50,0.52,8.21,-0.31,-1.24,2.03,15.75,0.52,4.68,0.275,0.706,9.532
58207,22.319164,87.302116,14.19,1.28,-0.04,9.52,-1.26,0.47,1.68,-5.00,8.91,-1.84,0.549,0.785,9.257
58303,22.319164,87.302116,14.19,0.53,-0.41,8.33,2.45,-3.95,1.43,38.65,-46.04,-2.62,-0.353,0.745,9.650
58451,22.319164,87.302116,14.19,1.35,0.08,7.49,-1.64,-0.76,1.50,-27.65,21.56,0.46,0.588,0.863,9.140
58598,22.319164,87.302116,14.19,0.71,-0.55,7.24,-2.96,1.99,2.12,-8.98,18.75,4.26,-0.157,0.863,9.179
58804,22.319164,87.302116,14.19,0.43,-0.74,8.63,-0.09,-1.87,1.70,13.93,-18.75,-2.04,0.745,0.667,8.865
59009,22.319164,87.302116,14.19,0.91,0.86,8.54,-0.11,-2.86,1.33,-0.11,-4.84,-1.82,0.157,1.373,9.061
59198,22.319164,87.302116,14.19,1.47,-0.85,7.32,-1.44,2.78,2.17,-6.99,29.85,4.44,-0.039,0.510,10.356
59300,22.319164,87.302116,14.19,0.59,0.89,7.86,4.98,-1.73,2.45,62.94,-44.23,2.77,0.392,0.000,8.198
59445,22.319164,87.302116,14.19,0.77,0.04,8.40,-6.28,-6.26,2.03,-77.70,-31.22,-2.90,0.431,0.549,7.924
59594,22.319164,87.302116,14.19,0.51,0.06,8.07,0.46,-1.50,2.31,45.24,31.92,1.84,0.902,0.863,7.806
59797,22.319164,87.302116,14.19,0.92,0.79,7.94,3.03,-1.34,2.31,12.67,0.83,0.00,0.510,0.588,8.002
59999,22.319164,87.302116,14.19,0.96,-0.61,8.25,4.99,-2.21,2.08,9.71,-4.31,-1.13,0.353,0.824,7.728
60190,22.319164,87.302116,14.19,0.86,-0.57,8.29,0.97,1.95,2.95,-21.06,21.78,4.60,0.039,1.020,8.787
60291,22.319164,87.302116,14.19,0.74,-0.07,7.55,2.04,-2.35,2.79,10.58,-42.63,-1.59,0.353,0.824,8.591
60438,22.319164,87.302116,14.19,1.61,-0.01,8.31,8.19,-4.15,2.08,41.85,-12.26,-4.83,0.510,0.039,6.433
60585,22.319164,87.302116,14.19,0.80,1.23,8.86,-7.97,-3.44,4.06,-109.93,4.88,13.45,0.588,0.588,8.708
60792,22.319164,87.302116,14.19,0.51,0.19,7.45,-4.50,-4.27,4.67,16.74,-4.02,2.95,0.863,0.981,10.709
60995,22.319164,87.302116,14.19,0.38,0.22,7.02,6.01,-1.98,4.05,51.78,11.28,-3.08,-0.157,0.235,8.394
61187,22.319164,87.302116,14.19,0.04,0.73,9.83,-10.68,-1.18,4.20,-86.91,4.13,0.80,0.392,0.667,7.924
61287,22.319164,87.302116,14.19,0.56,-0.31,7.13,-2.74,1.41,4.87,79.39,25.95,6.72,0.275,0.235,6.786
61432,22.319164,87.302116,14.19,0.57,-0.48,10.40,-5.27,-3.18,4.18,-17.43,-31.64,-4.79,0.549,0.588,7.139
61583,22.319164,87.302116,14.19,1.18,0.78,5.47,-0.68,0.48,3.76,30.38,24.22,-2.73,0.510,0.431,10.277
61788,22.319164,87.302116,14.19,0.59,0.36,4.77,0.91,-4.07,3.37,7.75,-22.19,-1.94,1.530,0.941,10.042
61988,22.319164,87.302116,14.19,0.29,0.70,7.56,0.40,-1.44,3.13,-2.56,13.13,-1.18,0.157,0.745,7.688
62179,22.319164,87.302116,14.19,0.77,0.13,8.78,-4.42,-3.02,3.45,-25.22,-8.23,1.68,0.039,0.510,9.179
62281,22.319164,87.302116,14.19,1.03,-0.12,7.40,2.39,-0.19,3.38,66.76,27.69,-0.67,0.667,0.510,9.179
62427,22.319164,87.302116,14.19,0.80,-0.71,7.95,10.48,-0.81,2.95,55.42,-4.24,-2.93,0.039,1.020,9.022
62574,22.319164,87.302116,14.19,0.91,0.67,8.37,-2.52,-4.21,4.18,-88.44,-23.16,8.31,0.941,0.471,8.198
62781,22.319053,87.301742,14.82,1.61,-1.01,7.19,5.17,-4.03,2.48,37.14,0.89,-8.19,0.431,1.020,7.963
62981,22.319053,87.301742,14.82,1.02,0.05,9.36,-0.72,-1.38,2.96,-29.43,13.24,2.40,0.431,0.785,9.611
63173,22.319053,87.301742,14.82,0.56,0.67,7.76,-0.85,-0.60,3.87,-0.72,4.06,4.73,-0.118,1.216,8.394
63273,22.319053,87.301742,14.82,0.87,-0.34,7.60,2.01,-0.51,2.61,28.63,0.92,-12.60,0.588,0.941,9.611
63420,22.319053,87.301742,14.82,0.55,-0.50,7.07,4.51,1.11,3.26,17.03,11.06,4.41,0.667,0.235,7.649
63564,22.319053,87.301742,14.82,0.95,-0.12,8.29,-5.56,-2.86,2.72,-69.97,-27.62,-3.76,1.020,0.392,9.061
63770,22.319053,87.301742,14.82,1.60,-0.86,8.76,1.04,-2.96,1.75,32.05,-0.48,-4.71,0.157,0.588,6.669
63965,22.319042,87.301696,15.58,0.88,-0.57,8.53,6.55,-1.79,2.73,28.26,6.03,5.05,1.098,0.314,8.198
64155,22.319042,87.301696,15.58,1.20,-0.34,7.98,-1.34,-1.76,2.30,-41.50,0.16,-2.29,1.059,0.431,8.081
64258,22.319042,87.301696,15.58,0.79,-0.86,8.42,0.33,-1.66,2.46,16.16,0.96,1.56,0.824,0.667,8.081
64402,22.319042,87.301696,15.58,1.41,-0.38,8.41,-3.62,-2.09,2.49,-27.41,-3.02,0.21,0.941,0.118,8.512
64549,22.319042,87.301696,15.58,0.98,-1.07,8.26,-0.62,-3.78,2.58,20.41,-11.48,0.62,0.863,0.745,8.394
64750,22.319042,87.301696,15.58,1.10,-0.23,8.13,-1.50,-1.79,2.50,-4.37,9.87,-0.42,1.020,0.745,8.238
64942,22.319019,87.301658,16.48,1.10,-0.91,10.95,-0.41,-1.10,2.30,5.65,3.62,-1.03,0.667,0.824,8.748
65132,22.319019,87.301658,16.48,1.20,-0.40,7.83,1.67,-3.90,2.57,10.97,-14.74,1.45,0.785,0.941,8.081
65239,22.319019,87.301658,16.48,0.65,-0.52,6.65,-3.80,-0.16,3.18,-51.15,34.96,5.71,0.824,0.902,9.375
65381,22.319019,87.301658,16.48,1.44,-0.71,9.11,4.08,-3.48,2.94,55.53,-23.38,-1.72,1.255,0.941,8.630
65528,22.319019,87.301658,16.48,1.49,-0.58,8.48,-3.26,-2.53,2.53,-49.96,6.44,-2.80,0.981,0.588,8.198
65713,22.319019,87.301658,16.48,1.31,-1.05,9.81,-7.89,-3.37,2.40,-25.05,-4.54,-0.70,0.745,0.353,7.610
65921,22.319011,87.301635,10.41,1.90,-0.67,9.28,-3.62,-2.14,0.88,20.55,5.95,-7.30,0.628,0.863,8.277
66112,22.319011,87.301635,10.41,1.71,-0.21,8.54,-2.99,-2.93,0.15,3.28,-4.16,-3.80,0.981,1.177,8.002
66240,22.319011,87.301635,10.41,1.65,-0.42,6.98,1.69,-2.23,-0.21,36.62,5.49,-2.86,0.628,0.902,8.159
66372,22.319011,87.301635,10.41,0.97,-0.80,8.93,0.05,-1.40,0.50,-12.49,6.30,5.44,0.863,0.549,7.806
66518,22.319011,87.301635,10.41,1.33,-0.22,8.03,1.79,-1.95,0.65,11.92,-3.82,0.99,0.588,1.020,9.532
66698,22.319011,87.301635,10.41,1.12,-0.34,6.67,11.46,0.69,0.53,53.73,14.72,-0.68,1.098,1.059,5.962
66906,22.319011,87.301635,10.41,1.33,-1.28,8.03,-13.52,1.06,3.01,-120.08,1.76,11.93,0.000,0.431,9.728
67099,22.319011,87.301635,10.41,1.21,-0.33,10.25,2.24,-0.60,2.50,81.64,-8.62,-2.61,2.236,0.628,9.493
67237,22.319011,87.301635,10.41,1.58,-1.49,8.70,-12.21,-1.51,3.31,-104.66,-6.58,5.86,1.608,0.824,8.120
67363,22.319011,87.301635,10.41,0.73,-0.14,6.27,-3.73,-0.76,2.36,67.31,6.00,-7.57,0.078,1.098,6.825
67510,22.319011,87.301635,10.41,1.14,0.13,5.98,10.04,-2.96,1.09,93.63,-15.01,-8.62,1.177,0.785,10.317
67659,22.319011,87.301635,10.41,0.87,-0.72,9.38,-6.07,-5.33,1.37,-108.10,-15.88,1.84,0.235,0.941,8.081
67867,22.319011,87.301635,10.41,1.71,0.54,8.27,5.76,-8.64,0.85,56.88,-15.93,-2.50,0.353,1.451,8.002
68059,22.319011,87.301635,10.41,1.30,-0.40,7.31,0.33,0.16,2.64,-28.31,45.84,9.34,0.706,1.138,9.257
68227,22.319011,87.301635,10.41,0.62,0.49,7.13,-3.57,0.10,3.58,-23.22,-0.36,5.59,-0.314,0.941,7.649
68320,22.319011,87.301635,10.41,0.76,0.06,8.91,-1.23,-2.05,2.95,25.20,-23.06,-6.73,-0.353,0.745,8.669
68468,22.319011,87.301635,10.41,1.04,0.60,9.01,0.47,-2.92,3.06,11.50,-5.88,0.72,-0.078,0.745,7.061
68614,22.319011,87.301635,10.41,1.58,0.20,9.92,-3.40,-2.08,3.11,-26.51,5.75,0.37,0.157,0.431,7.061
68817,22.319011,87.301635,10.41,0.56,-0.46,8.61,-0.55,-1.66,2.66,14.03,2.03,-2.26,-0.039,0.745,8.904
69022,22.319011,87.301635,10.41,0.51,0.06,8.22,-1.68,-1.11,3.47,-5.51,2.72,3.95,0.392,0.549,7.963
69213,22.319011,87.301635,10.41,1.06,0.22,8.62,-3.88,-3.50,2.92,-11.51,-12.51,-2.88,0.039,0.628,9.728
69312,22.319011,87.301635,10.41,1.10,-0.49,8.15,-2.54,-0.58,3.54,13.49,29.45,6.32,0.353,0.824,8.669
69458,22.319011,87.301635,10.41,1.10,-0.40,6.82,-1.39,1.09,3.64,7.90,11.45,0.68,0.078,0.667,8.708
69603,22.319011,87.301635,10.41,1.30,-0.00,7.66,-1.06,-3.03,3.72,2.26,-28.43,0.53,0.353,1.098,7.688
69808,22.319011,87.301635,10.41,0.94,0.07,8.71,1.20,-2.33,3.06,11.02,3.43,-3.20,0.863,0.863,8.551
70011,22.319011,87.301635,10.41,1.34,-0.15,8.10,2.52,-2.31,3.67,6.51,0.08,3.01,0.667,0.039,7.885
70202,22.319011,87.301635,10.41,1.17,0.09,8.53,-0.73,-1.09,3.48,-16.99,6.39,-1.00,1.334,0.902,8.787
70300,22.319011,87.301635,10.41,1.39,0.95,7.56,-1.26,-0.50,3.44,-5.45,6.08,-0.39,0.706,0.745,8.551
70446,22.319011,87.301635,10.41,0.96,-0.60,6.74,10.30,-3.23,2.67,79.16,-18.72,-5.28,1.020,0.039,8.787
70594,22.319011,87.301635,10.41,1.10,-1.30,8.29,-6.92,-6.90,2.57,-116.36,-24.81,-0.67,1.177,1.255,7.532
70804,22.319011,87.301635,10.41,1.27,-0.16,9.06,2.40,3.31,2.73,44.38,48.64,0.76,0.314,0.706,7.806
71009,22.319011,87.301635,10.41,0.89,-1.08,10.11,1.19,0.53,2.02,-5.88,-13.59,-3.50,0.196,0.549,8.394
71199,22.319011,87.301635,10.41,1.28,-0.11,10.33,-4.12,-3.16,2.16,-27.96,-19.41,0.76,0.863,0.628,10.238
71304,22.319011,87.301635,10.41,0.84,0.35,7.66,-2.88,-5.40,2.63,11.85,-21.37,4.51,1.765,1.255,8.669
71449,22.319011,87.301635,10.41,1.11,-0.41,5.72,4.53,0.91,2.84,51.07,43.54,1.42,1.608,1.216,9.571
71595,22.319011,87.301635,10.41,1.93,0.69,8.14,0.76,-4.44,2.39,-25.83,-36.65,-3.08,0.628,0.902,10.238
71801,22.319011,87.301635,10.41,1.44,0.44,6.90,1.30,-3.69,2.28,2.63,3.67,-0.52,-0.157,1.334,10.042
72005,22.319011,87.301635,10.41,0.10,0.61,10.04,-12.04,6.85,2.10,-65.37,51.64,-0.90,0.824,1.020,9.336
72197,22.319011,87.301635,10.41,0.95,-0.53,7.09,6.92,-0.40,2.47,98.72,-37.73,1.91,1.412,1.648,8.198
72298,22.319011,87.301635,10.41,1.09,-0.57,7.81,7.76,-0.81,1.71,8.39,-4.08,-7.48,0.941,1.530,9.218
72442,22.319011,87.301635,10.41,1.10,-0.61,7.86,3.89,-2.09,1.63,-26.93,-8.91,-0.58,0.314,1.216,9.571
72591,22.319011,87.301635,10.41,1.40,0.09,9.08,-6.83,-0.49,2.86,-71.93,10.76,8.30,1.138,1.098,8.826
72796,22.319011,87.301635,10.41,1.40,0.63,7.14,6.63,-4.02,2.50,65.69,-17.24,-1.75,0.628,0.824,10.081
73001,22.319011,87.301635,10.41,0.87,-1.33,6.60,0.58,1.27,2.71,-29.53,25.81,1.01,0.353,0.824,7.571
73193,22.319011,87.301635,10.41,0.88,-0.65,9.25,0.00,-0.42,1.55,-3.02,-8.79,-6.04,-0.196,0.706,7.571
73294,22.319011,87.301635,10.41,1.13,-0.06,9.18,-0.74,-1.91,2.63,-7.33,-14.74,10.66,0.000,0.628,6.629
73443,22.319011,87.301635,10.41,0.51,-0.40,7.12,2.68,2.63,1.58,22.95,30.48,-7.02,-0.510,0.981,7.375
73589,22.319011,87.301635,10.41,1.35,0.38,8.65,2.18,-0.18,2.16,-3.45,-19.29,3.97,0.471,0.392,8.551
73794,22.319011,87.301635,10.41,1.69,0.69,8.82,-2.24,-3.87,1.29,-21.56,-17.99,-4.25,0.196,0.431,8.669
73999,22.319011,87.301635,10.41,0.65,-0.15,8.37,3.08,2.36,2.19,25.99,30.39,4.39,-0.118,0.353,8.238
74190,22.319011,87.301635,10.41,1.08,-0.12,8.12,-2.73,-0.25,2.45,-30.41,-13.67,1.36,-0.392,1.020,7.688
74291,22.319011,87.301635,10.41,0.74,-0.12,8.58,1.66,0.34,2.02,43.46,5.82,-4.23,-0.314,0.353,8.787
74436,22.319011,87.301635,10.41,1.26,-0.93,9.47,-8.40,-4.19,2.56,-69.44,-31.22,3.69,0.471,0.981,7.257
74585,22.319011,87.301635,10.41,1.65,0.79,8.03,4.85,1.66,1.46,88.99,39.24,-7.38,0.353,0.392,7.296
74787,22.319011,87.301635,10.41,0.63,-0.89,8.91,2.91,-0.94,0.89,-9.64,-12.85,-2.80,0.863,0.510,6.433
74989,22.319011,87.301635,10.41,1.48,0.71,10.69,-8.72,-4.14,0.29,-57.55,-15.83,-2.99,-0.118,0.902,8.041
75182,22.319011,87.301635,10.41,1.10,1.00,7.95,5.73,-2.03,1.30,74.83,10.92,5.22,0.235,0.471,8.551
75281,22.319011,87.301635,10.41,0.95,1.09,6.88,-6.54,-0.15,2.18,-123.91,18.97,8.94,-0.392,0.314,6.237
75429,22.319011,87.301635,10.41,0.59,-0.97,11.53,-2.07,-9.27,1.91,30.22,-61.58,-1.86,0.785,0.863,6.786
75579,22.319011,87.301635,10.41,1.73,-0.55,5.34,16.11,0.20,0.25,121.22,63.10,-11.04,-0.078,1.098,9.375
75787,22.319011,87.301635,10.41,0.70,0.61,9.22,0.83,-2.42,1.53,-73.47,-12.59,6.17,0.863,1.412,9.140
75990,22.319011,87.301635,10.41,0.97,-0.17,6.44,0.09,-1.59,1.79,-3.65,4.10,1.28,0.157,0.824,5.688
76180,22.319011,87.301635,10.41,1.52,-0.84,7.27,9.31,0.05,1.89,48.53,8.60,0.48,-0.392,0.667,10.513
76280,22.319011,87.301635,10.41,0.88,0.03,6.95,4.34,0.67,1.21,-49.69,6.26,-6.72,0.353,0.471,8.473
76425,22.319011,87.301635,10.41,1.78,-0.34,9.07,-6.26,-2.91,2.22,-73.12,-24.69,6.95,1.451,0.941,8.238
76573,22.319011,87.301635,10.41,0.76,-0.48,8.54,-0.57,-3.83,0.95,38.43,-6.24,-8.61,1.334,0.902,9.885
76779,22.318914,87.301399,9.32,0.93,-0.70,9.53,-3.29,-2.49,2.31,-13.19,6.52,6.60,1.294,0.981,9.297
76979,22.318914,87.301399,9.32,0.81,0.19,6.47,-1.33,-3.20,3.03,9.81,-3.55,3.63,0.235,1.177,9.218
77169,22.318914,87.301399,9.32,0.80,0.17,8.40,-1.15,-0.56,3.67,0.92,13.86,3.37,1.059,1.020,9.650
77267,22.318914,87.301399,9.32,1.08,0.33,7.30,1.76,-1.48,2.84,29.68,-9.35,-8.49,0.981,0.824,5.884
77411,22.318914,87.301399,9.32,1.45,-0.23,9.93,3.51,-3.21,3.26,12.19,-12.03,2.92,0.314,0.588,7.688
77557,22.318914,87.301399,9.32,1.16,0.42,9.06,3.32,-3.69,3.75,-1.31,-3.29,3.35,1.334,0.628,9.140
77755,22.318914,87.301399,9.32,1.31,0.76,7.32,2.29,-0.52,4.18,-5.20,16.04,2.16,0.431,0.314,6.512
77949,22.318895,87.301368,9.80,0.22,-0.41,9.26,-4.92,-0.44,3.50,-37.14,0.39,-3.46,-0.196,0.667,9.689
78140,22.318895,87.301368,9.80,1.28,-0.69,5.16,3.75,-0.37,3.57,45.36,0.36,0.36,0.510,0.431,10.474
78239,22.318895,87.301368,9.80,0.83,-1.02,9.86,1.35,-2.23,3.49,-24.21,-18.74,-0.85,0.000,0.314,8.904
78387,22.318895,87.301368,9.80,1.43,1.41,6.28,2.98,-3.75,3.15,11.04,-10.26,-2.27,0.588,0.745,12.003
78533,22.318895,87.301368,9.80,0.18,0.23,5.88,2.31,-5.04,3.39,-4.65,-8.84,1.62,0.588,0.863,9.022
78715,22.318895,87.301368,9.80,0.69,0.63,6.72,-6.56,-0.72,5.43,-48.74,23.74,11.20,1.726,0.510,7.571
78922,22.318878,87.301345,7.91,0.97,0.56,8.10,-8.31,2.92,4.89,-8.41,17.59,-2.58,0.275,0.588,9.414
79111,22.318878,87.301345,7.91,0.48,0.45,7.88,11.95,-1.46,2.66,107.19,-23.18,-11.79,0.706,-0.275,8.316
79235,22.318878,87.301345,7.91,0.40,0.19,9.04,0.83,-3.78,2.69,-89.69,-18.71,0.18,0.981,0.824,8.473
79373,22.318878,87.301345,7.91,0.56,0.76,8.28,-0.31,-4.08,3.31,-8.30,-2.16,4.54,0.588,1.098,6.904
79517,22.318878,87.301345,7.91,1.19,-0.02,6.53,-3.37,0.98,4.33,-21.26,35.09,7.05,0.431,0.588,6.551
79698,22.318878,87.301345,7.91,0.75,-0.32,8.77,-6.23,-7.71,3.54,-15.77,-47.99,-4.34,1.020,1.412,9.571
79905,22.318878,87.301345,7.91,0.94,0.74,5.11,6.74,3.73,4.56,62.65,55.24,4.94,0.588,1.098,9.414
80095,22.318878,87.301345,7.91,0.54,-0.77,7.40,-1.50,-1.61,4.92,-43.39,-28.08,1.89,-0.235,0.431,9.611
80236,22.318878,87.301345,7.91,0.82,-0.13,8.48,-0.73,-1.98,3.79,5.47,-2.60,-8.07,0.785,0.863,8.002
80355,22.318878,87.301345,7.91,0.63,-0.31,7.02,-4.82,-1.89,3.96,-34.38,0.71,1.48,0.863,-0.118,8.512
80501,22.318878,87.301345,7.91,1.48,-0.41,9.77,2.42,-2.30,3.24,49.62,-2.77,-4.97,0.588,1.059,7.806
80647,22.318878,87.301345,7.91,1.27,-1.16,9.37,-1.84,-0.47,3.28,-29.17,12.55,0.31,-0.353,0.902,9.375
80854,22.318878,87.301345,7.91,0.75,-0.23,6.50,0.53,-1.98,3.16,11.43,-7.34,-0.59,0.431,1.216,7.414
81043,22.318878,87.301345,7.91,1.13,-0.51,9.08,-1.89,-3.81,2.40,-12.76,-9.65,-4.04,0.745,1.451,9.179
81220,22.318878,87.301345,7.91,0.70,-0.91,8.83,4.21,-1.23,2.15,34.46,14.58,-1.38,-0.196,1.373,10.199
81314,22.318878,87.301345,7.91,1.33,-0.89,6.74,0.59,1.28,2.87,-38.57,26.72,7.63,0.353,0.863,9.140
81459,22.318878,87.301345,7.91,0.75,0.20,8.11,-0.64,0.45,2.57,-8.48,-5.74,-2.05,0.118,1.098,9.061
81603,22.318878,87.301345,7.91,1.15,0.13,7.49,3.18,-1.69,2.58,26.56,-14.84,0.05,0.431,1.412,9.179
81806,22.318878,87.301345,7.91,0.58,-0.82,7.66,6.14,-2.75,2.82,14.55,-5.23,1.17,1.177,0.431,7.806
82009,22.318878,87.301345,7.91,1.25,-0.67,9.38,-13.74,0.14,3.17,-97.92,14.21,1.73,0.745,0.824,9.375
82200,22.318878,87.301345,7.91,0.54,0.34,5.91,-0.56,1.74,2.80,68.98,8.39,-1.92,0.000,1.569,9.061
82294,22.318878,87.301345,7.91,0.42,-0.07,8.59,-7.30,-3.08,3.34,-71.63,-51.32,5.77,0.588,0.981,8.630
82441,22.318878,87.301345,7.91,1.37,-0.11,7.69,0.40,-2.18,2.87,52.34,6.18,-3.22,0.981,0.510,6.865
82586,22.318878,87.301345,7.91,0.57,0.07,9.20,-4.02,-4.21,2.79,-30.48,-14.00,-0.58,0.863,0.353,8.904
82792,22.318878,87.301345,7.91,0.65,0.42,8.08,-2.73,-2.71,2.77,6.26,7.26,-0.07,0.628,0.941,8.473
82995,22.318878,87.301345,7.91,1.31,0.11,8.71,-6.82,-0.27,3.21,-20.16,12.03,2.14,0.628,1.098,8.865
83185,22.318878,87.301345,7.91,0.38,0.49,9.12,-3.27,-4.75,3.10,18.72,-23.58,-0.56,-0.078,0.588,9.375
83287,22.318878,87.301345,7.91,1.95,-0.01,5.64,-0.39,3.65,3.11,28.21,82.32,0.07,0.628,0.941,8.277
83431,22.318878,87.301345,7.91,0.20,-0.54,9.76,-5.56,-3.80,2.39,-35.89,-51.74,-4.98,-0.039,0.745,8.159
83580,22.318878,87.301345,7.91,0.86,0.27,7.20,-0.40,-1.80,2.27,34.63,13.42,-0.77,0.510,0.981,8.865
83784,22.318878,87.301345,7.91,1.54,-0.63,5.30,0.71,-3.29,2.15,5.43,-7.30,-0.60,0.745,0.706,8.826
83986,22.318878,87.301345,7.91,0.61,0.68,8.04,0.24,0.84,1.74,-2.34,20.44,-2.04,0.941,1.138,6.629
84173,22.318878,87.301345,7.91,1.38,-0.37,8.24,3.64,-1.40,1.50,18.21,-11.96,-1.31,0.667,0.549,7.492
84276,22.318878,87.301345,7.91,1.41,-0.05,7.64,-0.18,-0.11,1.82,-37.13,12.45,3.11,1.059,0.745,7.728
84421,22.318878,87.301345,7.91,1.50,-0.95,8.58,0.26,-0.95,1.38,3.05,-5.74,-3.00,0.549,0.824,8.983
84566,22.318878,87.301345,7.91,1.99,0.20,8.92,0.76,-5.17,1.25,3.47,-29.11,-0.89,0.706,0.510,8.002
84767,22.318721,87.301231,8.80,1.45,-0.15,7.62,0.97,-2.12,1.76,1.03,15.15,2.51,0.275,1.138,9.179
84963,22.318721,87.301231,8.80,0.95,-0.33,6.35,10.59,-2.85,1.78,49.07,-3.74,0.12,0.353,0.902,9.336
85153,22.318721,87.301231,8.80,1.45,-0.67,6.27,8.17,-1.50,1.37,-12.74,7.11,-2.13,0.824,0.588,9.414
85254,22.318721,87.301231,8.80,0.53,-0.52,7.02,-1.50,-3.05,1.40,-95.76,-15.34,0.30,0.785,1.726,8.944
85401,22.318721,87.301231,8.80,1.31,-0.33,7.87,4.24,-1.12,2.12,39.05,13.14,4.88,0.353,0.824,10.630
85547,22.318721,87.301231,8.80,1.35,-0.60,7.87,1.15,-0.87,2.84,-21.18,1.73,4.91,0.902,0.628,8.355
85744,22.318721,87.301231,8.80,1.48,-0.31,7.32,4.45,0.00,2.44,16.78,4.42,-2.05,0.392,0.706,9.375
85936,22.318674,87.301185,13.96,1.11,-0.52,8.44,-4.86,-1.37,1.73,-48.51,-7.12,-3.70,0.431,0.902,8.355
86126,22.318674,87.301185,13.96,2.05,0.05,7.78,1.69,-1.34,2.39,34.47,0.12,3.50,0.667,0.941,7.335
86232,22.318674,87.301185,13.96,1.65,0.49,7.88,0.53,0.08,2.65,-10.87,13.39,2.45,0.941,1.059,9.140
86369,22.318674,87.301185,13.96,1.70,0.06,7.57,-4.09,-1.46,3.05,-33.77,-11.20,2.95,0.471,1.334,8.002
86517,22.318674,87.301185,13.96,2.04,-0.18,8.66,-7.41,1.03,2.46,-22.44,16.81,-4.02,0.471,0.706,8.512
86700,22.318674,87.301185,13.96,1.31,0.31,6.60,-0.92,-1.13,3.43,35.50,-11.80,5.30,0.667,0.941,8.630
86907,22.318632,87.301147,14.70,1.22,-1.20,8.97,-1.31,1.29,3.00,-1.88,11.69,-2.07,-0.157,0.902,6.943
87098,22.318632,87.301147,14.70,1.23,-0.47,9.99,-0.60,0.54,2.51,3.72,-3.92,-2.56,0.549,1.059,8.277
87233,22.318632,87.301147,14.70,0.87,-1.13,8.10,0.48,-0.80,2.40,7.97,-9.95,-0.79,0.275,0.706,7.061
87357,22.318632,87.301147,14.70,0.43,-1.03,8.55,0.05,-3.13,2.27,-3.45,-18.78,-1.05,-0.275,1.373,7.335
87505,22.318632,87.301147,14.70,1.02,-0.30,9.97,-2.32,-1.51,2.67,-16.04,10.93,2.68,0.549,1.059,9.022
87688,22.318632,87.301147,14.70,1.01,-0.23,8.52,2.15,-2.30,2.00,24.40,-4.30,-3.67,0.275,0.667,8.355
87894,22.318592,87.301116,15.69,1.79,-0.71,9.35,-3.56,-1.13,2.30,-27.72,5.67,1.45,0.039,0.902,6.943
88085,22.318592,87.301116,15.69,1.82,-0.88,8.57,1.85,-0.17,2.24,28.34,5.04,-0.28,0.118,1.412,7.845
88246,22.318592,87.301116,15.69,2.04,-0.89,8.93,-0.49,-1.88,2.21,-14.51,-10.62,-0.24,0.549,0.981,8.159
88348,22.318592,87.301116,15.69,0.95,-0.04,8.73,-2.76,-1.96,2.15,-22.23,-0.82,-0.52,0.157,0.628,8.120
88498,22.318592,87.301116,15.69,1.25,0.36,7.23,-0.63,-1.89,2.04,14.20,0.51,-0.76,0.157,1.373,8.983
88643,22.318592,87.301116,15.69,1.14,-0.45,8.01,-3.63,0.44,2.76,-20.74,16.06,4.95,-0.078,1.098,7.257
88849,22.318592,87.301116,15.69,0.78,-0.21,8.38,1.34,1.37,2.84,24.12,4.52,0.41,0.706,1.177,9.022
89039,22.318592,87.301116,15.69,1.41,-0.13,7.97,4.05,0.21,1.95,14.26,-6.15,-4.66,0.314,0.824,7.806
89230,22.318592,87.301116,15.69,1.30,-0.55,7.90,-1.90,-0.45,1.95,-31.13,-3.44,0.00,0.118,0.902,9.061
89328,22.318592,87.301116,15.69,1.40,-0.16,8.02,-1.31,-1.15,2.21,6.00,-7.09,2.65,0.549,0.863,8.355
89474,22.318592,87.301116,15.69,0.94,-0.49,8.30,-3.16,-3.72,2.06,-12.65,-17.62,-1.05,0.471,0.863,9.257
89623,22.318592,87.301116,15.69,1.31,0.46,7.81,1.89,-1.02,1.67,33.92,18.08,-2.61,0.549,0.863,9.297
89827,22.318592,87.301116,15.69,1.06,0.51,8.53,-1.68,-1.74,1.85,-17.51,-3.52,0.90,0.314,0.785,7.649
90031,22.318525,87.301055,15.69,1.33,-0.75,7.33,2.64,1.02,1.30,21.18,13.51,-2.73,0.824,0.824,8.512
90222,22.318525,87.301055,15.69,0.41,0.32,6.65,-3.02,-2.73,1.84,-29.66,-19.62,2.84,0.471,1.451,10.120
90321,22.318525,87.301055,15.69,1.16,-0.74,8.96,-2.08,-0.71,1.41,9.48,20.43,-4.32,-0.196,0.824,5.962
90469,22.318525,87.301055,15.69,1.26,-0.40,9.36,-4.53,-5.54,1.33,-16.56,-32.65,-0.57,0.510,0.667,8.316
90618,22.318525,87.301055,15.69,1.48,-0.39,8.44,3.58,0.10,2.11,54.46,37.86,5.23,0.902,1.255,8.120
90821,22.318525,87.301055,15.69,0.52,-0.10,9.53,0.05,-2.21,2.01,-17.37,-11.36,-0.49,1.177,0.824,8.904
91026,22.318492,87.301048,15.69,0.88,0.43,7.25,0.76,-1.69,1.21,3.43,2.53,-3.87,0.157,0.981,9.571
91215,22.318492,87.301048,15.69,1.26,-0.97,7.30,0.48,0.11,2.53,-1.45,9.49,6.99,0.118,1.255,8.434
91313,22.318492,87.301048,15.69,1.05,-0.34,7.27,3.99,-0.29,2.11,35.83,-4.05,-4.28,0.667,0.863,8.512
91459,22.318492,87.301048,15.69,0.98,-0.12,8.96,0.02,-2.51,1.98,-27.24,-15.21,-0.89,0.510,0.431,8.551
91608,22.318492,87.301048,15.69,1.65,0.96,7.81,2.47,-0.40,2.40,16.45,14.19,2.77,0.078,1.098,7.806
91810,22.318492,87.301048,15.69,1.49,0.13,7.87,-0.95,-2.98,2.06,-16.89,-12.81,-1.66,0.314,0.824,8.748
92015,22.318492,87.301048,15.69,1.23,0.10,8.21,1.80,-0.36,2.80,13.41,12.81,3.61,0.588,0.588,8.041
92207,22.318492,87.301048,15.69,1.01,-0.49,8.08,0.56,-2.58,2.54,-6.48,-11.57,-1.35,0.667,0.588,9.022
92309,22.318492,87.301048,15.69,0.78,0.12,8.08,-2.92,-3.43,3.11,-34.13,-8.31,5.61,0.902,0.588,8.238
92454,22.318492,87.301048,15.69,0.84,-0.66,7.02,1.91,0.05,2.66,33.32,23.95,-3.16,0.314,0.196,9.571
92600,22.318492,87.301048,15.69,0.60,0.37,7.37,-9.79,-4.61,2.86,-80.10,-31.89,1.41,0.392,0.706,6.747
92807,22.318492,87.301048,15.69,1.77,-0.12,8.41,2.76,1.33,3.35,60.59,28.69,2.36,1.020,0.667,10.630
93012,22.318492,87.301048,15.69,0.77,-0.54,7.27,-3.88,-0.80,2.58,-32.36,-10.39,-3.76,1.216,0.981,8.708
93204,22.318492,87.301048,15.69,0.83,-0.15,7.68,1.90,-3.19,1.43,30.10,-12.44,-6.00,0.863,0.981,8.826
93306,22.318492,87.301048,15.69,1.30,-0.01,5.29,-1.24,0.76,2.95,-30.76,38.69,14.89,1.216,0.745,8.551
93454,22.318492,87.301048,15.69,1.20,-0.94,6.60,3.11,2.55,2.02,29.35,12.12,-6.29,0.510,0.706,10.042
93600,22.318492,87.301048,15.69,0.43,-0.37,8.90,-1.41,-3.44,2.96,-30.95,-41.04,6.48,0.706,0.314,7.845
93807,22.318492,87.301048,15.69,1.57,-0.36,9.18,-0.34,-3.05,1.50,5.16,1.92,-7.08,-0.235,0.981,8.277
94011,22.318492,87.301048,15.69,1.14,0.12,7.48,-5.21,-3.18,1.72,-23.84,-0.67,1.09,0.039,1.020,8.002
94201,22.318492,87.301048,15.69,1.01,0.31,7.78,1.78,2.45,2.34,36.76,29.65,3.25,0.667,0.431,9.179
94300,22.318492,87.301048,15.69,0.53,-0.06,7.27,0.56,-2.86,2.44,-12.34,-53.67,1.08,0.392,0.510,9.061
94447,22.318492,87.301048,15.69,1.05,0.26,7.64,-0.18,-4.40,2.27,-4.99,-10.44,-1.19,0.235,0.941,8.512
94595,22.318492,87.301048,15.69,1.10,0.52,7.49,5.17,-1.27,2.59,36.10,21.10,2.17,0.431,0.392,9.807
94798,22.318492,87.301048,15.69,1.54,-0.34,7.33,4.12,-1.31,3.11,-5.15,-0.19,2.59,0.510,0.902,7.532
95002,22.318492,87.301048,15.69,1.86,0.83,10.84,-4.08,-1.96,2.56,-40.19,-3.18,-2.69,1.569,1.412,8.630
95194,22.318492,87.301048,15.69,1.72,-1.09,5.43,15.18,-5.16,1.66,100.27,-16.66,-4.69,0.549,0.431,9.061
95298,22.318492,87.301048,15.69,1.88,0.94,6.25,5.07,-1.66,2.66,-97.18,33.69,9.62,0.157,1.138,8.473
95442,22.318492,87.301048,15.69,1.37,-0.31,8.36,-0.73,0.73,5.06,-40.29,16.54,16.65,0.941,0.235,7.963
95591,22.318492,87.301048,15.69,0.54,0.11,9.71,-7.15,-5.18,3.40,-43.03,-39.60,-11.17,0.549,0.078,6.119
95799,22.318492,87.301048,15.69,1.73,-0.00,7.00,5.03,-1.45,3.66,58.54,17.91,1.25,1.059,0.981,9.218
96004,22.318492,87.301048,15.69,0.67,0.37,10.02,-7.69,-3.11,4.22,-62.04,-8.12,2.76,0.000,0.941,9.140
96194,22.318492,87.301048,15.69,1.39,0.00,8.56,0.71,-1.05,3.26,44.19,10.85,-5.06,0.392,1.098,8.394
96295,22.318492,87.301048,15.69,0.85,-0.51,9.61,6.46,-4.63,2.89,56.91,-35.45,-3.70,0.392,0.392,8.512
96442,22.318492,87.301048,15.69,0.93,0.30,6.64,2.22,1.11,4.67,-28.82,39.10,12.15,0.235,0.471,8.238
96588,22.318492,87.301048,15.69,0.93,0.03,7.60,1.74,1.49,4.39,-3.29,2.56,-1.93,0.863,0.196,9.689
96790,22.318492,87.301048,15.69,1.03,0.23,8.39,2.00,-0.27,3.21,1.28,-8.73,-5.86,1.334,1.138,8.748
96994,22.318492,87.301048,15.69,0.34,0.06,7.77,1.54,-4.71,3.73,-2.25,-21.74,2.54,0.745,0.196,10.317
97185,22.318492,87.301048,15.69,0.89,-0.28,6.87,3.16,-4.53,4.13,8.47,0.92,2.12,0.667,1.020,10.003
97285,22.318492,87.301048,15.69,1.06,-0.85,8.14,-2.12,-0.23,3.47,-52.82,43.05,-6.64,0.118,0.275,8.041
97433,22.318492,87.301048,15.69,0.99,-0.28,7.92,2.96,1.95,4.04,34.35,14.75,3.87,0.078,0.471,8.944
97577,22.318492,87.301048,15.69,1.07,-0.90,8.18,-3.31,0.24,3.40,-43.52,-11.87,-4.45,0.157,0.157,8.394
97784,22.318492,87.301048,15.69,0.97,0.31,7.83,1.68,-4.77,2.72,24.08,-24.23,-3.28,0.157,1.216,9.101
97989,22.318492,87.301048,15.69,1.25,-0.42,7.01,-1.61,-2.16,3.40,-16.05,12.74,3.31,0.118,0.549,7.806
98182,22.318492,87.301048,15.69,1.68,-0.28,9.10,-0.44,-0.89,3.66,6.05,6.61,1.38,0.785,0.275,8.551
98281,22.318492,87.301048,15.69,0.95,-0.22,7.79,2.21,0.50,3.70,26.83,13.96,0.39,0.392,1.216,9.022
98425,22.318492,87.301048,15.69,0.92,0.06,6.96,-0.64,1.61,4.60,-19.83,7.74,6.20,0.510,0.785,9.140
98570,22.318492,87.301048,15.69,0.72,-0.07,7.82,1.16,-2.79,3.33,12.42,-30.38,-8.74,0.353,0.706,8.198
98776,22.318492,87.301048,15.69,1.03,-0.11,8.10,1.53,-0.79,3.92,1.78,9.75,2.89,0.706,0.353,9.924
98975,22.318492,87.301048,15.69,0.93,0.36,6.80,3.03,-4.02,3.98,7.56,-16.23,0.27,0.078,0.706,7.688
99167,22.318492,87.301048,15.69,1.13,0.07,8.65,-1.20,-0.21,3.99,-22.03,19.84,0.08,0.392,0.981,7.728
99268,22.318492,87.301048,15.69,0.36,-0.17,8.01,-3.76,0.07,4.53,-25.39,2.72,5.29,0.981,0.824,9.611
99414,22.318492,87.301048,15.69,0.86,1.05,5.04,1.99,0.05,3.98,39.42,-0.16,-3.71,0.824,0.863,10.160
99559,22.318492,87.301048,15.69,0.77,0.02,7.24,4.39,-1.67,2.66,16.53,-11.85,-9.11,0.824,1.098,10.081
99765,22.318096,87.300880,15.48,0.56,0.74,8.62,0.24,0.02,3.25,-20.16,8.23,2.85,0.785,0.981,8.551
99961,22.318096,87.300880,15.48,0.93,-0.63,7.88,5.18,-1.82,3.21,25.24,-9.39,-0.19,0.353,0.941,7.061
100153,22.318096,87.300880,15.48,1.13,-0.50,6.54,3.93,-3.03,3.31,-6.52,-6.32,0.52,1.098,0.706,8.081
100254,22.318096,87.300880,15.48,0.73,-0.03,7.88,-8.18,-2.50,3.40,-119.95,5.22,0.83,0.745,0.745,7.728
100403,22.318096,87.300880,15.48,0.78,0.40,6.94,0.98,-0.24,3.53,61.48,15.22,0.92,0.039,0.824,8.904
100548,22.318096,87.300880,15.48,1.33,-0.58,8.95,0.53,-1.98,3.02,-3.11,-12.06,-3.53,0.157,0.902,9.101
100752,22.318096,87.300880,15.48,1.40,-0.01,8.21,-2.22,-0.63,3.08,-13.47,6.66,0.26,0.588,0.510,8.748
100948,22.318048,87.300872,15.33,1.16,0.15,8.19,1.47,-2.24,2.34,18.85,-8.26,-3.78,0.078,0.588,8.120
101140,22.318048,87.300872,15.33,1.28,-0.53,6.90,6.54,-3.49,2.77,26.40,-6.48,2.27,0.745,0.706,8.159
101241,22.318048,87.300872,15.33,1.00,0.25,7.43,-2.98,-4.15,2.23,-94.32,-6.50,-5.37,0.785,0.706,8.787
101390,22.318048,87.300872,15.33,1.06,0.92,7.25,4.03,-1.49,2.71,47.08,17.83,3.23,1.294,0.863,9.689
101535,22.318048,87.300872,15.33,1.11,0.07,6.49,8.42,1.84,2.40,30.27,22.95,-2.11,0.745,1.294,9.375
101727,22.318048,87.300872,15.33,0.93,-0.48,8.31,-0.39,-1.65,1.59,-45.88,-18.17,-4.25,0.667,0.824,7.610
101927,22.317993,87.300857,15.91,1.01,0.23,8.39,-2.55,-3.28,2.14,-10.80,-8.17,2.75,0.235,0.510,7.414
102119,22.317993,87.300857,15.91,1.65,0.62,8.06,-1.02,-1.63,1.79,7.95,8.59,-1.79,0.745,0.941,8.669
102238,22.317993,87.300857,15.91,1.27,-0.80,8.00,-4.71,-0.48,1.84,-30.98,9.69,0.38,0.314,0.902,7.257
102377,22.317993,87.300857,15.91,1.37,-1.11,8.32,4.14,-0.16,1.75,63.65,2.31,-0.66,0.353,1.059,8.473
102524,22.317993,87.300857,15.91,1.09,-0.71,7.72,2.67,-1.82,1.47,-9.97,-11.27,-1.92,-0.039,0.745,8.473
102719,22.317993,87.300857,15.91,1.64,0.74,8.74,-0.43,-0.31,1.18,-15.89,7.71,-1.45,0.667,1.020,8.983
102919,22.317945,87.300857,16.19,1.20,-0.62,7.72,5.47,-1.13,0.97,29.50,-4.08,-1.07,0.000,0.549,6.825
103110,22.317945,87.300857,16.19,1.11,-0.02,8.89,-0.01,-0.84,1.55,-28.70,1.52,3.04,1.020,1.020,8.120
103237,22.317945,87.300857,16.19,1.51,-0.03,8.19,-4.11,-1.39,0.88,-32.34,-4.33,-5.29,-0.039,1.138,7.571
103375,22.317945,87.300857,16.19,0.80,0.15,8.86,2.78,-4.24,0.37,49.95,-20.69,-3.71,0.392,1.059,8.630
103523,22.317945,87.300857,16.19,1.27,-0.73,8.62,0.83,-2.08,0.35,-13.15,14.65,-0.10,0.706,0.745,8.630
103710,22.317945,87.300857,16.19,1.43,0.16,6.98,0.98,-1.70,0.97,0.78,2.00,3.31,0.549,0.863,7.610
103916,22.317901,87.300849,16.17,0.60,-0.40,8.81,2.17,-1.02,0.68,5.78,3.30,-1.41,0.588,0.981,8.551
104108,22.317901,87.300849,16.17,1.02,-0.35,7.66,-1.11,-3.08,1.06,-17.06,-10.73,1.99,0.314,1.608,8.512
104238,22.317901,87.300849,16.17,1.91,0.10,7.67,3.36,0.40,0.82,34.35,26.78,-1.88,0.785,0.902,8.904
104369,22.317901,87.300849,16.17,1.71,-1.30,9.24,-2.95,-1.82,1.13,-48.19,-16.96,2.39,0.745,1.255,8.316
104518,22.317901,87.300849,16.17,1.41,0.27,9.49,2.08,-1.40,1.21,33.81,2.82,0.56,0.275,0.824,8.708
104700,22.317901,87.300849,16.17,1.09,-0.54,7.98,5.73,0.95,0.89,20.05,12.92,-1.76,0.157,1.138,9.767
104907,22.317859,87.300842,14.82,1.79,0.25,8.35,-1.62,-2.33,1.29,-35.51,-15.82,1.92,1.334,0.981,9.140
105100,22.317859,87.300842,14.82,0.98,-0.43,9.98,-14.57,-2.90,1.47,-67.12,-2.97,0.91,0.078,0.785,9.650
105236,22.317859,87.300842,14.82,1.11,-0.93,10.52,-1.20,-5.74,0.85,98.34,-20.88,-4.55,0.353,0.510,7.257
105366,22.317859,87.300842,14.82,1.02,-1.28,6.88,-8.31,-1.46,2.27,-54.73,32.94,10.92,1.255,1.687,9.807
105517,22.317859,87.300842,14.82,0.65,0.19,8.50,-3.89,-4.86,1.41,29.32,-22.55,-5.66,0.196,1.177,7.688
105686,22.317859,87.300842,14.82,1.23,0.26,7.62,-0.30,-0.07,2.12,21.23,28.37,4.20,-0.431,0.667,7.767
105894,22.317859,87.300842,14.82,0.82,-0.71,9.90,2.72,2.37,2.21,14.50,11.74,0.44,0.353,0.981,5.649
106086,22.317859,87.300842,14.82,0.88,0.53,12.65,-10.07,-1.05,2.41,-66.60,-17.85,1.03,0.588,1.608,4.943
106244,22.317859,87.300842,14.82,5.34,-2.65,6.55,-24.69,-4.41,2.84,-92.57,-21.26,2.71,1.294,-1.059,7.492
106354,22.317859,87.300842,14.82,0.79,-0.07,3.05,-1.24,-0.40,1.97,213.19,36.43,-7.91,1.491,1.020,9.532
106504,22.317859,87.300842,14.82,2.45,-0.15,11.24,0.27,-4.98,5.95,10.13,-30.53,26.56,1.334,0.118,8.198
106689,22.317859,87.300842,14.82,0.87,-0.04,7.11,-2.91,-6.09,1.34,-17.21,-5.98,-24.96,0.392,0.039,7.885
106898,22.317775,87.300834,14.33,0.47,-0.22,6.98,4.69,-5.81,2.94,36.34,1.35,7.67,0.157,0.392,9.179
107090,22.317775,87.300834,14.33,1.80,-1.15,6.44,2.50,-2.69,3.93,-11.41,16.22,5.17,-0.196,0.118,6.669
107232,22.317775,87.300834,14.33,1.02,-0.61,10.58,2.71,-0.60,4.34,1.51,14.78,2.90,0.510,0.902,8.748
107354,22.317775,87.300834,14.33,0.31,0.36,7.69,1.54,0.25,4.74,-9.57,6.95,3.25,0.392,0.549,9.218
107498,22.317775,87.300834,14.33,0.94,-0.74,8.52,4.00,-1.47,4.67,17.07,-11.98,-0.48,0.078,0.314,8.512
107681,22.317775,87.300834,14.33,0.34,-0.56,6.85,-1.47,-3.35,4.96,-29.91,-10.26,1.59,0.039,0.471,10.317
107890,22.317775,87.300834,14.33,1.49,-0.03,6.46,6.94,-4.09,4.41,40.25,-3.54,-2.63,0.667,0.471,8.708
108081,22.317775,87.300834,14.33,0.18,-0.49,9.96,-10.23,1.25,5.42,-89.88,27.98,5.28,1.177,0.353,9.297
108230,22.317775,87.300834,14.33,1.10,-1.01,8.92,-8.02,-1.37,5.66,14.86,-17.57,1.59,0.510,0.785,9.885
108347,22.317775,87.300834,14.33,0.74,-0.21,6.19,0.65,0.92,6.03,74.05,19.57,3.20,0.745,0.157,9.101
108492,22.317775,87.300834,14.33,-0.02,-1.01,7.44,-1.12,-0.17,6.12,-12.21,-7.53,0.63,0.902,0.039,7.924
108663,22.317775,87.300834,14.33,0.69,-0.68,8.33,-2.15,-1.07,5.92,-6.03,-5.27,-1.21,0.588,0.118,9.375
108870,22.317775,87.300834,14.33,-0.03,-0.29,6.71,-2.24,-2.19,6.42,-0.41,-5.42,2.43,0.706,0.235,8.708
109062,22.317775,87.300834,14.33,-0.29,0.34,6.45,-2.35,-1.98,6.58,-0.60,1.07,0.83,0.588,0.039,7.335
109220,22.317775,87.300834,14.33,0.22,0.57,7.19,-3.05,-2.46,5.52,-4.40,-3.00,-6.72,0.275,0.431,7.571
109324,22.317775,87.300834,14.33,1.46,0.09,8.30,-1.29,-1.27,4.87,16.88,11.45,-6.24,0.353,0.431,8.944
109471,22.317775,87.300834,14.33,0.23,0.00,8.78,-7.48,-2.63,5.52,-42.11,-9.24,4.41,-0.196,0.431,9.218
109621,22.317775,87.300834,14.33,0.81,0.16,6.80,6.81,1.34,3.59,95.27,26.41,-12.88,0.275,-0.628,7.767
109827,22.317775,87.300834,14.33,1.29,0.43,6.97,8.05,0.50,3.72,6.00,-4.04,0.63,1.098,0.196,8.944
110017,22.317775,87.300834,14.33,1.03,-0.63,11.04,-1.96,-3.20,2.50,-52.67,-19.49,-6.43,0.314,0.353,6.394
110211,22.317775,87.300834,14.33,1.00,-0.94,8.59,17.09,0.27,2.79,98.21,17.86,1.53,0.588,0.078,7.178
110309,22.317775,87.300834,14.33,0.61,-0.66,9.92,5.70,-0.06,2.89,-116.22,-3.35,1.01,0.510,-0.353,8.591
110458,22.317775,87.300834,14.33,1.75,1.37,7.18,-2.56,0.82,3.10,-55.48,5.94,1.38,0.471,0.314,10.395
110605,22.317775,87.300834,14.33,0.56,-0.73,8.68,1.24,-4.59,2.79,25.86,-36.82,-2.13,1.255,0.235,8.198
110813,22.317775,87.300834,14.33,1.04,-0.35,7.41,2.31,-1.31,1.81,5.14,15.74,-4.70,0.549,0.392,9.964
111017,22.317609,87.300827,14.33,0.85,-0.09,6.40,1.08,-1.60,2.17,-5.99,-1.42,1.76,1.255,0.588,8.277
111208,22.317609,87.300827,14.33,0.81,-0.98,8.55,-0.75,-2.48,1.65,-9.59,-4.60,-2.72,0.824,0.392,9.611
111309,22.317609,87.300827,14.33,1.05,0.79,6.84,6.50,-0.76,1.30,71.80,17.08,-3.48,0.353,0.981,9.022
111455,22.317609,87.300827,14.33,0.63,0.34,8.34,0.44,-4.49,1.99,-41.51,-25.57,4.76,0.588,0.706,8.551
111603,22.317609,87.300827,14.33,1.50,-0.30,8.00,0.37,1.31,2.23,-0.46,39.20,1.60,0.353,1.098,7.728
111807,22.317609,87.300827,14.33,1.07,-0.70,8.47,1.95,-1.24,1.68,7.71,-12.50,-2.69,0.785,0.588,8.748
112013,22.317609,87.300827,14.33,1.49,-0.00,8.44,-2.14,0.30,1.36,-19.83,7.45,-1.56,0.706,0.745,9.140
112204,22.317609,87.300827,14.33,0.85,-0.65,8.88,3.64,-3.47,0.65,30.25,-19.70,-3.72,0.510,0.314,9.179
112305,22.317609,87.300827,14.33,1.46,-1.14,8.73,-1.53,-2.02,0.89,-51.24,14.36,2.34,0.471,1.138,8.120
112453,22.317609,87.300827,14.33,1.03,-0.57,8.49,-2.71,-2.02,0.27,-7.94,0.00,-4.13,0.706,0.549,7.061
112601,22.317609,87.300827,14.33,1.26,-0.26,8.59,-0.16,-1.88,0.09,17.23,0.93,-1.24,1.255,0.549,8.591
112807,22.317609,87.300827,14.33,1.17,0.46,7.69,-0.34,-0.39,0.95,-0.85,7.23,4.15,1.020,0.628,9.414
113011,22.317609,87.300827,14.33,1.26,0.36,7.73,-0.92,-3.37,1.28,-2.88,-14.63,1.65,0.902,0.981,9.414
113202,22.317609,87.300827,14.33,0.25,0.43,8.31,-1.00,-0.87,1.26,-0.40,13.11,-0.12,0.902,0.981,8.473
113302,22.317609,87.300827,14.33,0.88,0.43,7.51,-1.95,-3.63,1.18,-9.47,-27.56,-0.76,1.177,1.138,8.120
113449,22.317609,87.300827,14.33,1.09,0.09,7.68,-0.64,-0.81,0.97,8.88,19.16,-1.45,0.706,0.745,8.591
113597,22.317609,87.300827,14.33,0.57,-0.15,8.74,3.43,-3.66,1.14,27.49,-19.29,1.13,0.667,0.745,8.355
113803,22.317609,87.300827,14.33,0.99,-0.44,7.12,0.26,-1.14,1.92,-15.38,12.27,3.78,0.981,0.314,8.512
114009,22.317609,87.300827,14.33,1.22,0.00,7.81,0.65,-3.05,0.92,1.89,-9.30,-4.82,1.451,0.431,8.904
114199,22.317609,87.300827,14.33,1.34,0.14,6.96,1.54,-4.33,1.30,4.70,-6.71,1.97,0.785,0.706,8.002
114295,22.317609,87.300827,14.33,1.07,-0.40,7.37,-0.07,-1.27,1.75,-16.78,31.81,4.69,1.098,0.471,8.826
114444,22.317609,87.300827,14.33,1.19,-0.68,7.04,-1.85,-1.40,1.53,-11.94,-0.87,-1.43,1.020,0.510,9.218
114593,22.317609,87.300827,14.33,1.54,-0.74,8.36,0.12,0.52,1.95,13.22,12.91,2.77,0.275,0.196,7.845
114797,22.317609,87.300827,14.33,0.97,-0.40,8.79,-0.12,-3.60,1.85,-1.20,-20.21,-0.49,0.824,0.588,7.885
115002,22.317609,87.300827,14.33,1.23,-0.22,7.53,3.54,-4.68,2.21,17.87,-5.25,1.75,-0.353,0.510,10.513
115195,22.317609,87.300827,14.33,0.06,-1.05,6.71,2.51,-2.39,3.13,-5.34,11.87,4.79,0.314,0.785,6.669
115294,22.317609,87.300827,14.33,0.74,0.42,10.25,-16.01,-1.88,2.56,-187.06,5.17,-5.71,-0.078,0.510,6.904
115445,22.317609,87.300827,14.33,1.11,0.55,6.85,-3.08,-0.34,3.18,85.64,10.16,4.04,0.471,0.157,9.493
115592,22.317609,87.300827,14.33,0.78,-0.68,7.28,4.55,0.32,1.93,51.88,4.52,-8.46,0.235,0.785,8.591
115795,22.317609,87.300827,14.33,0.86,-0.16,8.91,-5.63,-2.12,2.08,-50.16,-12.03,0.71,0.941,0.118,8.630
116001,22.317609,87.300827,14.33,1.14,-0.07,8.09,2.14,-1.91,1.51,37.72,1.04,-2.74,0.628,1.059,9.807
116193,22.317609,87.300827,14.33,0.11,0.28,9.33,-4.67,-2.43,1.98,-35.46,-2.70,2.43,0.118,0.392,8.434
116293,22.317609,87.300827,14.33,0.82,-0.20,7.32,4.81,-1.70,1.63,94.81,7.25,-3.51,0.785,0.785,9.179
116439,22.317609,87.300827,14.33,0.68,-0.22,7.96,-3.27,-1.16,2.68,-55.32,3.71,7.22,0.902,0.824,9.218
116586,22.317609,87.300827,14.33,0.67,-0.61,7.90,-0.28,-1.80,3.09,20.30,-4.36,2.80,1.098,0.275,7.767
116793,22.317609,87.300827,14.33,0.99,-0.54,8.27,0.55,-1.11,2.42,4.02,3.32,-3.25,0.628,1.138,9.179
116998,22.317609,87.300827,14.33,0.35,-0.49,8.58,-4.05,-1.91,3.64,-22.45,-3.87,5.96,0.628,-0.039,7.963
117189,22.317609,87.300827,14.33,1.20,-0.43,8.44,-1.26,-1.92,3.38,14.63,-0.04,-1.36,0.588,0.510,7.767
117292,22.317609,87.300827,14.33,0.91,-0.67,8.83,0.58,-1.92,3.00,17.86,0.00,-3.71,0.157,0.157,8.120
117438,22.317609,87.300827,14.33,0.92,-0.06,8.35,-0.02,-2.79,3.56,-4.13,-5.96,3.87,0.628,0.588,8.238
117585,22.317609,87.300827,14.33,0.94,-0.32,8.41,0.60,-0.79,3.17,4.21,13.61,-2.70,0.392,0.431,8.787
117790,22.317609,87.300827,14.33,0.60,-0.11,8.34,-0.88,-2.59,3.72,-7.19,-8.79,2.68,0.667,0.628,7.649
117995,22.317609,87.300827,14.33,0.86,-0.04,8.07,1.77,-0.91,4.05,12.92,8.19,1.60,0.706,0.549,7.257
118187,22.317609,87.300827,14.33,0.61,-0.19,8.22,1.44,-0.49,4.78,-1.75,2.19,3.82,0.392,0.039,7.845
118286,22.317609,87.300827,14.33,0.88,-0.67,8.81,-1.11,-0.92,4.94,-25.75,-4.40,1.62,0.706,0.196,9.061
118433,22.317609,87.300827,14.33,0.59,0.06,7.78,-0.27,-2.60,4.83,5.76,-11.37,-0.73,0.588,0.471,7.845
118582,22.317609,87.300827,14.33,0.45,-0.67,8.75,-1.97,-1.27,5.21,-11.42,8.91,2.51,0.275,0.471,8.473
118788,22.317609,87.300827,14.33,0.80,-0.54,9.01,0.41,-0.93,5.28,11.56,1.63,0.37,0.706,0.588,8.159
118992,22.317609,87.300827,14.33,0.84,-0.27,8.41,1.58,-2.05,4.85,5.73,-5.46,-2.13,1.177,0.785,8.983
119184,22.317609,87.300827,14.33,0.42,-0.02,7.33,-0.64,-0.59,4.35,-11.57,7.59,-2.58,0.863,0.863,9.179
119286,22.317609,87.300827,14.33,0.87,-0.31,8.22,-0.89,-0.64,4.24,-2.39,-0.52,-1.05,0.235,0.275,8.277
119435,22.317609,87.300827,14.33,0.79,-0.48,8.52,-1.96,-3.21,4.24,-7.22,-17.21,0.00,0.392,0.196,8.238
119583,22.317609,87.300827,14.33,0.75,-0.95,8.67,-0.35,-2.27,3.79,10.88,6.29,-3.04,0.588,0.510,7.885
119789,22.317609,87.300827,14.33,1.19,-0.48,7.88,-1.70,0.51,3.50,-6.56,13.53,-1.45,0.902,0.471,9.257
119995,22.317609,87.300827,14.33,0.72,-0.14,8.49,0.23,-1.75,3.02,9.38,-10.97,-2.30,0.981,0.588,8.708
120186,22.317609,87.300827,14.33,1.40,0.06,7.93,2.37,-1.06,2.50,11.23,3.60,-2.76,0.471,0.431,7.257
120286,22.317609,87.300827,14.33,1.29,-0.72,9.08,-1.77,-1.82,2.41,-41.45,-7.56,-0.84,0.510,0.353,8.630
120435,22.317609,87.300827,14.33,0.68,0.07,7.96,-3.98,-3.31,2.50,-14.81,-9.99,0.61,1.569,0.706,10.787
120584,22.317609,87.300827,14.33,0.52,-0.34,7.62,-7.06,0.22,3.13,-20.70,23.67,4.20,1.451,1.138,8.748
120791,22.317609,87.300827,14.33,0.80,0.89,5.99,-3.92,-1.85,2.42,15.16,-9.99,-3.43,0.471,0.431,8.041
120995,22.317609,87.300827,14.33,0.63,0.15,7.03,0.30,-1.86,2.31,20.69,-0.07,-0.56,0.078,0.588,8.120
121187,22.317609,87.300827,14.33,0.87,0.31,7.86,2.44,-0.31,2.46,11.13,8.07,0.80,0.157,1.098,8.944
121285,22.317609,87.300827,14.33,1.18,0.06,7.14,4.39,2.05,2.39,19.94,24.15,-0.70,0.353,0.981,9.846
121431,22.317609,87.300827,14.33,0.92,0.93,8.08,4.53,-0.50,1.83,0.99,-17.52,-3.82,0.824,0.510,10.905
121578,22.317609,87.300827,14.33,0.51,0.77,7.84,-1.11,-4.71,0.86,-38.43,-28.61,-6.60,0.628,0.941,8.355
121786,22.317609,87.300827,14.33,0.53,0.75,7.15,-1.59,-5.24,0.46,-2.28,-2.53,-1.95,0.078,1.569,9.611
121991,22.317609,87.300827,14.33,0.98,0.44,6.62,2.27,-1.33,1.41,18.84,19.07,4.65,-0.118,0.588,7.610
122182,22.317609,87.300827,14.33,0.93,-0.18,9.01,-0.95,-3.03,0.85,-16.87,-8.91,-2.92,0.039,0.588,8.630
122287,22.317609,87.300827,14.33,0.58,0.35,7.09,-0.07,-0.47,1.27,8.36,24.35,3.93,0.157,1.569,8.316
122432,22.317609,87.300827,14.33,1.32,0.46,7.53,1.74,-1.58,0.86,12.48,-7.63,-2.79,0.196,1.334,8.394
122578,22.317609,87.300827,14.33,0.71,0.31,8.76,-1.54,-5.81,0.51,-22.48,-28.97,-2.41,0.000,0.431,8.904
122787,22.317609,87.300827,14.33,0.91,-0.28,8.55,3.75,-0.96,0.39,25.31,23.19,-0.58,0.000,1.138,7.924
122993,22.317609,87.300827,14.33,1.30,-0.35,7.86,-0.91,-0.96,0.53,-22.60,0.00,0.70,0.157,0.902,8.316
123184,22.317609,87.300827,14.33,1.56,0.73,7.62,-0.99,-1.96,0.34,-0.44,-5.24,-1.04,0.863,1.216,9.454
123285,22.317609,87.300827,14.33,0.98,1.05,6.93,-4.31,-0.94,0.42,-32.80,10.13,0.83,0.431,0.981,8.238
123432,22.317609,87.300827,14.33,0.93,0.02,8.74,-1.63,-2.39,0.39,18.23,-9.87,-0.21,0.471,1.020,8.081
123580,22.317609,87.300827,14.33,1.65,0.23,7.92,-2.49,-1.29,-0.10,-5.83,7.43,-3.30,0.196,0.785,8.316
123786,22.317609,87.300827,14.33,0.94,0.71,8.15,0.62,-3.89,0.07,15.08,-12.64,0.82,0.275,1.020,8.316
123991,22.317609,87.300827,14.33,1.62,-0.58,8.18,-0.06,-0.26,0.17,-3.31,17.72,0.48,0.196,0.471,9.257
124182,22.317609,87.300827,14.33,1.34,-0.38,7.99,1.24,-2.14,0.44,6.83,-9.83,1.40,-0.078,1.059,7.688
124282,22.317609,87.300827,14.33,1.65,-0.38,7.91,-0.73,0.53,0.77,-19.77,26.64,3.36,0.510,0.745,8.355
124430,22.317609,87.300827,14.33,0.91,0.51,7.93,0.90,-2.27,0.68,11.04,-18.88,-0.62,0.431,1.098,8.238
124577,22.317609,87.300827,14.33,1.17,-0.46,7.19,1.74,0.44,0.57,5.71,18.43,-0.73,0.510,1.020,8.669
124781,22.317609,87.300827,14.33,1.20,-0.63,7.48,-1.86,-4.30,0.73,-17.66,-23.24,0.75,0.863,0.981,9.650
124987,22.317609,87.300827,14.33,1.04,-0.08,8.19,-1.34,-1.75,1.28,2.52,12.38,2.71,0.235,0.745,8.198
125177,22.317609,87.300827,14.33,1.18,0.59,6.79,4.69,-2.50,1.62,31.74,-3.98,1.77,0.353,0.471,7.218
125279,22.317609,87.300827,14.33,1.21,-0.74,8.22,-2.55,-1.27,1.62,-70.95,12.12,0.00,0.431,0.706,8.865
125426,22.317609,87.300827,14.33,1.37,0.47,7.72,-0.10,-3.72,1.73,16.67,-16.67,0.73,0.902,0.549,8.394
125575,22.317609,87.300827,14.33,1.38,-0.27,7.86,-0.35,-1.56,1.82,-1.69,14.45,0.67,1.216,1.138,9.885
125780,22.317609,87.300827,14.33,0.55,0.17,8.91,-3.27,-2.18,1.79,-14.26,-2.98,-0.19,0.549,0.785,8.473
125985,22.317609,87.300827,14.33,1.43,-0.20,7.40,-0.08,-1.06,1.34,15.60,5.44,-2.16,0.824,0.549,8.551
126177,22.317609,87.300827,14.33,0.78,0.08,8.09,0.15,-3.00,1.56,1.19,-10.10,1.11,0.431,0.706,8.081
126277,22.317609,87.300827,14.33,1.50,-0.42,8.35,3.02,-1.24,1.59,28.70,17.56,0.31,0.628,0.824,8.277
126424,22.317609,87.300827,14.33,0.73,-0.28,8.90,1.00,-2.40,1.95,-13.76,-7.84,2.49,0.628,0.785,8.473
126571,22.317609,87.300827,14.33,0.95,-0.11,7.79,1.50,-1.54,2.31,3.38,5.82,2.39,0.981,0.902,8.002
126774,22.317609,87.300827,14.33,1.30,-0.57,8.29,1.50,0.62,3.17,0.00,10.64,4.25,0.549,0.431,8.041
126978,22.317609,87.300827,14.33,1.16,-0.54,6.90,2.75,-0.56,2.85,6.14,-5.80,-1.57,0.392,0.902,8.669
127170,22.317609,87.300827,14.33,0.59,-0.18,7.68,-0.72,-1.69,3.94,-18.05,-5.88,5.69,0.392,0.588,9.532
127273,22.317609,87.300827,14.33,0.88,0.17,7.89,3.21,-0.96,3.90,38.17,7.11,-0.37,-0.157,0.471,8.473
127420,22.317609,87.300827,14.33,0.68,-0.30,8.18,-0.80,-0.78,4.98,-27.31,1.25,7.37,0.471,0.431,8.983
127567,22.317609,87.300827,14.33,1.01,-0.28,7.87,-0.50,-1.61,4.12,2.08,-5.66,-5.87,0.353,0.588,7.963
127774,22.317609,87.300827,14.33,0.63,-0.45,9.32,-0.47,-0.60,4.46,0.11,4.87,1.62,0.510,0.118,8.041
127978,22.317609,87.300827,14.33,0.86,0.50,7.41,-1.66,1.42,4.80,-5.84,9.92,1.68,0.588,0.549,9.022
128168,22.317609,87.300827,14.33,0.87,0.15,9.51,-5.28,-0.34,5.15,-19.04,-9.24,1.85,0.431,0.078,8.434
128272,22.317609,87.300827,14.33,0.40,-0.40,9.22,-4.38,-3.12,5.00,8.66,-26.79,-1.47,-0.078,0.314,6.786
128420,22.317609,87.300827,14.33,1.05,-0.32,8.38,0.02,-2.04,4.72,29.71,7.32,-1.91,1.530,0.157,8.081
128568,22.317609,87.300827,14.33,0.09,0.19,7.55,-9.14,-2.57,5.02,-61.84,-3.61,2.01,0.431,0.588,10.081
128775,22.317609,87.300827,14.33,-0.04,0.20,7.42,-5.64,-2.44,5.16,16.89,0.63,0.70,-0.078,0.824,8.238
128979,22.317609,87.300827,14.33,-0.17,-0.41,6.78,2.47,-3.14,4.47,39.78,-3.41,-3.37,0.314,0.863,11.062
129174,22.317609,87.300827,14.33,0.46,0.18,7.50,-3.77,-0.41,4.05,-32.02,13.98,-2.15,0.000,0.078,7.375
129277,22.317609,87.300827,14.33,0.63,-1.10,9.61,1.55,-5.24,3.31,51.66,-46.84,-7.26,-0.039,-0.275,7.335
129428,22.317609,87.300827,14.33,1.06,0.12,9.14,0.92,-4.90,3.22,-4.15,2.22,-0.56,0.275,0.431,8.041
129573,22.317609,87.300827,14.33,1.44,0.17,7.31,-1.10,-3.36,3.13,-13.95,10.63,-0.63,0.078,0.902,8.983
129781,22.317609,87.300827,14.33,1.43,0.06,7.26,3.23,0.08,4.29,20.81,16.51,5.58,1.294,0.902,8.159
129986,22.317609,87.300827,14.33,0.91,-0.12,9.08,4.60,-1.11,3.69,6.67,-5.77,-2.90,0.039,1.373,9.022
130178,22.317609,87.300827,14.33,1.49,-0.40,6.46,6.05,-0.84,3.10,7.59,1.39,-3.10,0.118,0.275,8.473
130277,22.317609,87.300827,14.33,0.26,-0.83,9.65,-4.89,-2.17,3.76,-110.49,-13.42,6.63,-0.196,0.078,7.688
130428,22.317609,87.300827,14.33,1.50,-0.50,8.88,1.24,0.69,3.82,40.59,18.91,0.45,0.196,-0.196,8.944
130575,22.317609,87.300827,14.33,1.52,-0.44,10.12,-7.47,-3.16,3.52,-59.25,-26.17,-2.08,-0.157,0.078,6.669
130786,22.317609,87.300827,14.33,1.27,-0.97,8.00,2.79,1.23,3.06,48.62,20.80,-2.17,0.549,0.235,10.120
130993,22.317609,87.300827,14.33,0.40,0.81,6.47,2.40,-0.67,3.75,-1.88,-9.18,3.32,0.235,0.628,7.178
131182,22.317609,87.300827,14.33,1.11,-0.21,7.93,2.18,-0.82,2.91,-1.17,-0.77,-4.44,0.745,0.431,8.512
131284,22.317609,87.300827,14.33,0.49,-0.50,7.55,-2.39,-1.98,2.96,-44.83,-11.38,0.52,0.314,0.235,9.179
131433,22.317609,87.300827,14.33,1.32,0.35,7.23,3.82,-1.73,2.41,41.70,1.69,-3.69,1.373,0.902,10.160
131580,22.317609,87.300827,14.33,0.45,-0.17,6.68,2.08,-3.00,3.10,-11.84,-8.67,4.67,0.628,0.941,9.924
131786,22.317609,87.300827,14.33,0.38,0.14,7.07,-2.58,1.13,3.53,-22.64,20.05,2.11,1.373,0.902,10.238
131993,22.317609,87.300827,14.33,0.45,1.03,5.77,5.05,-1.99,3.95,36.84,-15.08,2.03,1.255,1.020,7.767
132185,22.317609,87.300827,14.33,0.49,-0.63,6.87,6.51,-2.03,3.99,7.63,-0.20,0.20,0.941,0.314,7.257
132284,22.317609,87.300827,14.33,0.58,-0.21,9.25,-8.38,-2.69,4.47,-150.44,-6.71,4.78,0.353,0.510,6.512
132433,22.317609,87.300827,14.33,1.68,-1.22,8.68,-2.29,-1.14,3.59,40.88,10.45,-5.89,0.392,0.549,7.492
132582,22.317609,87.300827,14.33,0.69,-1.16,9.48,3.87,-4.68,3.34,41.34,-23.77,-1.64,0.000,0.314,8.041
132790,22.317609,87.300827,14.33,1.23,-0.25,8.49,1.88,2.25,4.21,-9.58,33.32,4.18,1.020,0.118,11.376
132996,22.317609,87.300827,14.33,0.18,-0.53,7.53,3.99,-3.06,2.50,10.26,-25.79,-8.30,0.549,0.667,10.277
133189,22.317609,87.300827,14.33,0.71,-0.61,6.79,11.95,-0.34,2.08,41.21,14.08,-2.21,1.138,0.549,9.728
133289,22.317609,87.300827,14.33,0.74,0.35,6.01,9.89,-0.66,2.69,-20.53,-3.21,6.11,0.549,0.510,8.473
133436,22.317609,87.300827,14.33,1.45,-0.32,7.60,-5.21,-1.02,2.85,-102.72,-2.44,1.09,0.863,0.157,8.551
133585,22.317609,87.300827,14.33,0.48,-0.95,11.36,-17.34,-6.47,2.80,-81.46,-36.53,-0.31,0.981,0.902,8.120
133796,22.317609,87.300827,14.33,1.17,-0.92,6.99,6.40,1.66,3.00,112.55,38.53,0.94,0.588,0.118,7.767
134002,22.317609,87.300827,14.33,0.95,-0.33,9.18,-4.45,-0.78,2.99,-52.69,-11.86,-0.04,0.157,0.510,8.316
134195,22.317609,87.300827,14.33,1.36,0.23,9.30,2.30,-1.31,2.92,34.96,-2.73,-0.40,0.588,0.941,6.747
134293,22.317609,87.300827,14.33,0.57,1.02,7.70,-4.45,-2.89,3.32,-68.86,-16.20,4.13,-0.275,0.353,9.257
134443,22.317609,87.300827,14.33,0.92,-0.31,6.55,3.92,3.82,3.78,55.78,44.78,3.05,0.824,0.628,8.591
134588,22.317609,87.300827,14.33,1.24,-0.79,10.04,-6.82,-2.30,2.79,-74.02,-42.22,-6.84,-0.431,0.863,9.767
134800,22.317609,87.300827,14.33,0.94,-1.24,10.01,-6.54,-1.13,2.34,1.30,5.51,-2.09,0.039,-0.392,8.081
135005,22.317609,87.300827,14.33,1.33,-0.12,8.73,7.22,-4.76,1.39,67.14,-17.69,-4.65,0.706,1.648,8.159
135196,22.317609,87.300827,14.33,0.94,-0.95,6.42,0.08,-1.40,3.51,-37.41,17.55,11.11,0.706,1.216,10.042
135299,22.317609,87.300827,14.33,0.54,-0.36,6.18,-10.97,-5.26,2.82,-107.24,-37.43,-6.74,0.863,0.392,9.454
135450,22.317609,87.300827,14.33,0.82,0.99,6.02,2.32,-1.98,2.51,88.01,21.74,-2.02,1.451,0.471,8.904
135598,22.317609,87.300827,14.33,0.82,0.08,7.37,3.05,0.04,3.08,4.90,13.62,3.82,1.177,0.510,9.571
135799,22.317609,87.300827,14.33,1.66,0.51,4.56,0.79,-0.86,2.99,-11.20,-4.48,-0.42,1.608,0.745,11.454
136005,22.317609,87.300827,14.33,0.57,-0.11,6.30,-1.52,-6.39,1.17,-11.23,-26.83,-8.86,0.785,1.098,7.061
136198,22.317609,87.300827,14.33,1.36,-0.07,8.27,-4.78,-0.78,2.12,-16.89,29.07,4.94,0.785,1.216,10.160
136299,22.317609,87.300827,14.33,0.76,-0.36,8.66,-7.34,-1.75,1.52,-25.32,-9.60,-5.97,0.471,0.588,8.865
136449,22.317609,87.300827,14.33,0.68,0.10,8.16,-0.02,-3.44,1.81,48.75,-11.30,1.93,1.177,0.745,8.669
136596,22.317609,87.300827,14.33,1.27,-0.10,8.60,-6.32,-1.92,2.43,-42.84,10.33,4.21,1.138,0.667,9.218
136804,22.317609,87.300827,14.33,0.65,-0.39,7.24,-4.02,-0.33,3.63,11.05,7.67,5.80,0.549,0.588,8.630
137009,22.316772,87.301315,14.33,1.07,-1.31,7.12,2.00,-2.63,3.36,29.38,-11.21,-1.34,0.314,0.588,7.492
137201,22.316772,87.301315,14.33,0.78,-0.40,7.83,-3.76,-1.54,3.24,-29.98,5.65,-0.64,0.667,0.471,9.375
137302,22.316772,87.301315,14.33,1.28,-0.12,8.04,-7.65,-2.95,3.56,-38.55,-13.98,3.17,1.177,0.510,8.708
137451,22.316772,87.301315,14.33,1.06,-0.28,7.11,0.37,-1.87,3.09,53.84,7.27,-3.13,1.334,0.745,9.101
137597,22.316772,87.301315,14.33,1.08,-1.07,8.27,-1.63,-2.28,3.02,-13.75,-2.82,-0.52,1.216,0.510,9.611
137805,22.316772,87.301315,14.33,1.23,-0.70,6.95,6.82,-3.55,2.91,40.63,-6.09,-0.51,0.628,0.628,8.473
138012,22.316761,87.301330,14.33,1.25,-0.59,9.00,0.63,-2.99,2.27,-29.87,2.69,-3.10,0.863,0.824,8.473
138204,22.316761,87.301330,14.33,1.02,-0.56,7.43,-1.25,-1.07,2.42,-9.82,10.02,0.80,0.863,1.020,8.159
138302,22.316761,87.301330,14.33,1.42,-0.86,7.67,2.85,-2.38,1.97,41.83,-13.40,-4.60,1.177,0.902,8.473
138450,22.316761,87.301330,14.33,1.24,-0.76,7.88,-0.31,-2.38,1.05,-21.30,0.00,-6.24,0.745,0.588,8.473
138599,22.316761,87.301330,14.33,1.82,-0.59,7.48,1.37,-0.06,1.37,11.22,15.57,2.15,0.588,0.667,7.924
138804,22.316761,87.301330,14.33,1.53,-0.40,10.07,-2.64,-0.12,1.36,-19.55,-0.30,-0.04,0.706,0.510,8.120
139011,22.316745,87.301361,14.33,1.42,-0.97,6.73,1.59,-2.45,0.56,20.43,-11.25,-3.87,0.863,1.294,8.159
139203,22.316745,87.301361,14.33,0.99,0.09,6.43,0.84,-0.58,0.70,-3.90,9.74,0.76,0.392,1.020,9.454
139299,22.316745,87.301361,14.33,0.82,0.15,7.88,-2.71,-2.26,0.96,-36.98,-17.49,2.70,0.588,1.020,7.571
139448,22.316745,87.301361,14.33,1.17,-0.72,7.20,-3.50,0.44,1.11,-5.33,18.14,1.02,0.824,0.745,9.414
139594,22.316745,87.301361,14.33,0.75,-1.00,8.02,-11.99,-1.82,1.45,-58.14,-15.48,2.30,0.785,0.353,8.787
139803,22.316745,87.301361,14.33,1.30,0.45,5.78,-1.05,-2.90,1.50,52.34,-5.19,0.26,0.745,1.138,7.335
140009,22.316728,87.301399,14.33,0.91,0.46,7.42,0.71,3.40,1.32,8.56,30.57,-0.89,0.314,0.588,8.944
140200,22.316728,87.301399,14.33,0.64,0.77,8.85,-0.95,-1.89,0.95,-8.71,-27.66,-1.96,-0.745,1.255,8.787
140302,22.316728,87.301399,14.33,1.01,0.86,8.86,-0.47,-4.30,0.96,4.79,-23.65,0.15,0.157,1.294,9.218
140448,22.316728,87.301399,14.33,0.97,-1.12,7.17,2.50,-1.51,1.28,20.29,19.08,2.20,0.118,1.059,8.120
140595,22.316728,87.301399,14.33,0.70,0.42,8.51,0.67,-3.13,2.14,-12.41,-11.01,5.82,0.157,1.177,10.003
140803,22.316728,87.301399,14.33,1.46,0.63,7.48,-1.76,-1.45,2.50,-11.67,8.07,1.76,-0.392,0.392,8.394
141007,22.316707,87.301429,14.33,1.57,0.43,7.11,0.67,-2.74,3.13,11.90,-6.32,3.07,0.235,0.431,8.473
141198,22.316707,87.301429,14.33,1.84,1.20,7.26,-5.75,-1.79,2.52,-33.61,5.00,-3.20,-0.863,1.020,8.826
141299,22.316707,87.301429,14.33,0.53,0.17,9.24,-1.38,-4.15,3.37,43.23,-23.43,8.39,-0.157,0.785,7.767
141447,22.316707,87.301429,14.33,1.22,0.79,7.55,0.36,-2.39,3.33,11.76,11.91,-0.26,0.078,1.138,8.277
141594,22.316707,87.301429,14.33,0.89,0.24,8.98,-3.38,-4.72,3.25,-25.45,-15.84,-0.52,0.941,0.863,7.806
141802,22.316707,87.301429,14.33,0.86,-0.16,9.21,3.26,0.24,3.34,31.93,23.82,0.40,0.471,0.510,8.904
142007,22.316688,87.301467,14.33,1.83,-0.45,8.44,1.27,-3.00,2.89,-9.72,-15.79,-2.20,0.039,0.902,8.983
142198,22.316688,87.301467,14.33,1.24,0.40,9.53,0.40,0.37,3.08,-4.56,17.67,1.04,0.353,0.785,7.806
142295,22.316688,87.301467,14.33,0.99,-0.67,9.00,2.55,-1.41,2.73,22.19,-18.42,-3.70,-0.510,0.392,7.453
142444,22.316688,87.301467,14.33,1.02,0.73,8.06,5.75,-0.60,3.75,21.47,5.48,6.87,-0.118,0.981,8.826
142589,22.316688,87.301467,14.33,0.72,-0.65,9.01,-0.98,0.34,3.64,-46.38,6.48,-0.74,-0.118,0.157,7.178
142796,22.316688,87.301467,14.33,1.14,0.19,8.29,2.12,-1.18,2.53,14.97,-7.38,-5.35,0.941,0.745,8.865
143001,22.316688,87.301467,14.33,0.61,0.29,7.48,1.31,-2.53,2.73,-3.98,-6.59,0.93,0.157,0.981,7.610
143193,22.316688,87.301467,14.33,0.69,-0.46,9.02,2.89,-0.80,2.50,8.27,9.03,-1.19,0.549,0.392,7.963
143290,22.316688,87.301467,14.33,1.03,-0.22,9.31,-2.41,-1.92,2.84,-54.69,-11.49,3.54,-0.157,0.392,8.355
143440,22.316688,87.301467,14.33,0.68,0.39,6.89,2.99,0.62,2.89,36.03,16.90,0.36,0.196,0.785,7.845
143585,22.316688,87.301467,14.33,0.61,0.19,7.82,-4.32,-0.71,3.23,-50.43,-9.16,2.32,0.471,0.431,8.277
143792,22.316688,87.301467,14.33,0.97,-0.67,8.62,-3.61,-1.48,3.13,3.43,-3.72,-0.48,0.471,0.431,10.160
143996,22.316688,87.301467,14.33,0.00,-0.12,9.03,8.13,-0.10,3.14,57.55,6.77,0.04,0.314,0.431,7.963
144188,22.316688,87.301467,14.33,1.17,-0.34,7.93,-3.92,-1.63,2.74,-62.74,-7.95,-2.07,0.392,0.706,9.807
144289,22.316688,87.301467,14.33,0.61,0.01,7.63,-3.93,0.16,3.58,-0.15,17.69,8.31,0.431,0.863,8.316
144435,22.316688,87.301467,14.33,0.64,0.69,7.48,-0.66,-2.27,3.02,22.38,-16.68,-3.82,0.235,0.863,8.316
144583,22.316688,87.301467,14.33,0.38,0.34,8.81,-5.27,-6.64,3.63,-31.10,-29.50,4.07,0.078,0.745,7.924
144790,22.316688,87.301467,14.33,0.34,0.44,7.24,0.48,-0.51,3.47,27.77,29.61,-0.77,0.196,0.706,8.512
144995,22.316688,87.301467,14.33,1.44,-0.43,8.75,1.29,-3.68,3.40,3.95,-15.45,-0.34,0.706,0.588,8.748
145186,22.316688,87.301467,14.33,1.30,0.31,9.72,-6.06,-4.05,3.21,-38.49,-1.92,-1.00,0.118,0.275,7.728
145287,22.316688,87.301467,14.33,1.63,-0.36,9.65,-4.48,-2.34,3.54,15.65,16.85,3.33,0.235,0.785,7.610
145434,22.316688,87.301467,14.33,0.77,-1.13,9.19,2.38,-1.27,3.18,46.68,7.27,-2.44,0.941,1.216,8.238
145581,22.316688,87.301467,14.33,1.19,0.34,7.71,0.40,-0.50,3.22,-13.50,5.30,0.26,0.549,0.471,8.748
145784,22.316688,87.301467,14.33,0.72,-0.12,8.43,-1.86,-0.37,3.34,-11.13,0.60,0.56,0.549,0.392,8.826
145989,22.316688,87.301467,14.33,1.55,0.30,8.78,0.57,-0.24,3.24,11.88,0.67,-0.48,1.177,0.667,8.120
146181,22.316688,87.301467,14.33,1.26,-0.81,8.08,9.01,0.20,2.89,43.93,2.27,-1.79,0.275,0.628,7.335
146280,22.316688,87.301467,14.33,0.75,-0.24,7.68,-0.60,-1.09,3.40,-97.00,-13.03,5.09,0.392,1.138,8.630
146429,22.316688,87.301467,14.33,0.39,0.07,7.25,-0.35,-1.76,3.22,1.64,-4.46,-1.18,0.431,0.588,9.218
146576,22.316688,87.301467,14.33,1.35,-0.48,6.42,6.62,-0.01,2.96,47.41,11.89,-1.77,0.471,0.667,8.826
146783,22.316688,87.301467,14.33,1.23,0.90,7.68,-5.71,-5.52,3.85,-59.56,-26.63,4.31,0.078,1.294,9.689
146989,22.316688,87.301467,14.33,0.79,0.43,8.23,-1.47,-3.30,3.48,20.60,10.78,-1.82,0.118,0.824,9.101
147181,22.316688,87.301467,14.33,1.18,0.40,8.88,-0.05,-2.33,3.66,7.36,5.05,0.95,0.628,0.941,9.101
147279,22.316688,87.301467,14.33,0.75,0.39,7.59,-3.05,-2.31,3.26,-30.53,0.16,-4.13,-0.078,1.177,9.101
147428,22.316688,87.301467,14.33,0.95,-0.72,7.04,-2.50,-3.11,3.02,3.64,-5.33,-1.64,0.196,0.941,8.120
147575,22.316688,87.301467,14.33,1.81,-0.37,8.16,-1.54,-1.73,3.06,6.54,9.40,0.31,-0.039,0.745,8.748
147780,22.316688,87.301467,14.33,2.07,0.16,9.18,-0.42,-3.11,2.63,5.47,-6.74,-2.12,0.235,1.255,8.669
147985,22.316688,87.301467,14.33,0.92,-0.24,7.81,-2.53,-4.06,2.94,-10.28,-4.65,1.53,0.196,0.588,8.787
148176,22.316688,87.301467,14.33,1.25,0.26,9.15,-1.66,-2.38,3.05,4.56,8.79,0.56,-0.314,0.588,6.394
148276,22.316688,87.301467,14.33,1.01,-1.24,8.56,3.93,-0.21,2.85,55.88,21.68,-1.98,0.785,1.216,8.669
148423,22.316688,87.301467,14.33,1.87,-0.74,7.22,3.80,0.40,2.68,-0.88,4.21,-1.14,0.471,0.863,8.316
148569,22.316688,87.301467,14.33,1.29,0.04,8.61,2.44,-1.29,2.76,-9.31,-11.61,0.58,1.255,1.255,8.708
148773,22.316688,87.301467,14.33,1.56,-0.90,6.70,3.91,-2.39,3.14,7.18,-5.39,1.83,0.628,0.745,8.277
148978,22.316688,87.301467,14.33,1.25,-0.94,7.84,-1.24,-0.85,2.70,-25.13,7.48,-2.12,-0.078,0.902,8.355
149171,22.316688,87.301467,14.33,1.62,-0.29,7.01,6.69,-2.09,2.12,41.09,-6.41,-3.01,0.745,0.785,8.277
149273,22.316688,87.301467,14.33,1.54,-0.24,7.24,-0.57,-0.60,3.01,-71.17,14.67,8.68,1.059,0.745,7.571
149422,22.316688,87.301467,14.33,0.96,0.97,6.51,1.47,-0.79,2.68,13.68,-1.33,-2.20,1.020,1.334,9.061
149568,22.316688,87.301467,14.33,0.90,0.87,7.87,-4.75,-4.62,3.40,-42.56,-26.19,4.97,0.785,1.177,9.061
149775,22.316688,87.301467,14.33,1.28,0.23,9.53,-5.29,-1.56,2.60,-2.62,14.79,-3.87,0.824,0.863,6.825
149980,22.316688,87.301467,14.33,0.88,-0.33,6.66,-2.40,1.47,3.82,14.08,14.75,5.92,0.196,1.020,8.316
150172,22.316688,87.301467,14.33,0.97,-0.21,8.09,3.31,-0.72,2.92,29.74,-11.37,-4.69,0.353,0.667,8.434
150277,22.316688,87.301467,14.33,0.98,0.58,7.98,2.28,-0.31,1.99,-9.74,3.93,-8.80,0.981,1.412,10.238
150422,22.316688,87.301467,14.33,0.26,0.39,7.33,6.98,-1.52,1.58,32.38,-8.37,-2.84,0.706,0.706,9.571
150568,22.316688,87.301467,14.33,1.25,0.01,8.79,-7.04,-2.99,1.64,-95.99,-10.09,0.42,1.412,1.412,8.394
150775,22.316688,87.301467,14.33,0.85,0.65,8.75,-9.63,-3.02,2.21,-12.50,-0.15,2.73,-0.157,1.216,8.355
150980,22.316688,87.301467,14.33,1.57,0.23,5.68,-6.49,-1.33,2.68,15.30,8.27,2.31,0.628,0.667,8.238
151173,22.316688,87.301467,14.33,1.85,-0.41,7.49,4.08,-0.51,2.27,54.78,4.23,-2.10,1.138,0.824,10.160
151275,22.316688,87.301467,14.33,0.47,0.62,6.88,10.31,0.04,1.04,60.99,5.39,-12.12,0.706,0.628,8.434
151421,22.316688,87.301467,14.33,0.86,-0.50,7.13,-4.01,-1.63,2.05,-98.03,-11.45,6.90,1.216,0.471,9.336
151571,22.316688,87.301467,14.33,1.32,-0.82,9.67,-11.08,-6.01,2.38,-47.12,-29.16,2.24,0.588,0.745,7.453
151781,22.316688,87.301467,14.33,1.17,0.32,7.59,-2.93,-0.14,2.44,38.79,27.95,0.25,0.196,-0.196,8.238
151988,22.316564,87.301933,15.72,2.15,-1.16,7.49,3.31,-2.49,2.77,30.17,-11.36,1.62,0.745,0.902,7.139
152180,22.316564,87.301933,15.72,1.06,0.38,8.52,-2.31,-2.18,2.73,-29.30,1.63,-0.20,1.334,1.059,8.159
152283,22.316564,87.301933,15.72,1.09,-1.64,7.39,7.02,1.69,2.55,90.57,37.50,-1.78,0.039,1.255,8.708
152429,22.316564,87.301933,15.72,1.31,-0.32,9.81,-8.89,-8.26,3.57,-108.96,-68.13,7.01,0.157,0.628,7.924
152580,22.316564,87.301933,15.72,1.25,-0.45,6.73,-0.18,3.79,2.95,57.73,79.82,-4.09,1.294,1.020,8.904
152786,22.316564,87.301933,15.72,0.67,-0.10,8.73,0.16,1.13,2.76,1.63,-12.93,-0.93,0.667,0.824,8.434
152991,22.316564,87.301933,15.72,0.63,-0.30,8.12,-1.99,-1.02,2.67,-10.50,-10.46,-0.45,1.451,0.510,9.140
153183,22.316564,87.301933,15.72,0.98,-1.19,8.38,0.95,-0.85,2.11,15.31,0.87,-2.94,0.510,0.510,8.277
153285,22.316564,87.301933,15.72,0.64,0.29,7.60,12.92,-1.63,1.76,117.42,-7.63,-3.37,1.020,0.745,10.395
153434,22.316564,87.301933,15.72,0.62,0.33,7.00,2.76,1.09,2.83,-68.24,18.24,7.17,1.020,0.824,8.748
153580,22.316564,87.301933,15.72,0.57,0.54,7.77,-0.08,-3.11,2.42,-19.40,-28.81,-2.82,1.334,0.981,7.296
153788,22.316564,87.301933,15.72,0.77,-0.37,7.13,4.37,-2.26,2.54,21.36,4.11,0.59,0.981,0.196,8.041
153994,22.316564,87.301933,15.72,1.31,-0.49,7.64,3.47,-3.39,3.05,-4.37,-5.48,2.45,0.431,0.471,8.277
154185,22.316564,87.301933,15.72,1.11,-1.01,8.73,2.48,-1.31,2.66,-5.16,10.87,-2.04,1.255,0.196,7.845
154287,22.316564,87.301933,15.72,1.17,0.31,7.79,-4.52,-2.81,2.88,-68.63,-14.67,2.17,1.216,1.098,7.688
154435,22.316564,87.301933,15.72,0.74,0.18,8.04,-6.91,-3.42,3.19,-16.14,-4.13,2.11,1.177,0.588,9.807
154583,22.316564,87.301933,15.72,0.46,-0.73,7.98,-1.47,-2.11,3.01,36.72,8.82,-1.24,0.941,1.059,8.512
154789,22.316564,87.301933,15.72,0.76,-1.06,8.59,2.63,-1.02,3.59,19.94,5.30,2.82,1.138,0.706,8.198
154994,22.316564,87.301933,15.72,1.20,0.32,8.57,-3.18,-2.20,3.27,-28.37,-5.73,-1.53,0.785,0.628,8.002
155185,22.316564,87.301933,15.72,1.23,-0.59,9.45,1.52,-2.74,2.99,24.62,-2.84,-1.48,0.471,0.549,7.806
155287,22.316564,87.301933,15.72,1.28,-0.38,7.88,3.63,1.48,3.79,20.66,41.39,7.86,0.588,-0.039,7.688
155432,22.316564,87.301933,15.72,0.87,-0.55,8.37,1.84,-1.29,3.04,-12.32,-19.11,-5.21,0.863,0.588,8.630
155583,22.316564,87.301933,15.72,0.99,-0.42,7.88,0.79,-2.17,2.76,-6.93,-5.81,-1.82,0.353,0.510,8.081
155789,22.316564,87.301933,15.72,1.30,-0.28,9.34,-1.34,0.35,2.71,-10.34,12.23,-0.26,2.079,0.745,8.002
155995,22.316564,87.301933,15.72,0.58,-0.64,6.84,-10.90,-4.38,3.02,-46.43,-22.97,1.52,0.431,0.785,7.963
156188,22.316564,87.301933,15.72,0.69,0.08,10.32,-6.46,0.44,2.28,23.02,24.96,-3.84,0.392,1.334,9.375
156290,22.316564,87.301933,15.72,0.84,0.08,7.21,-1.77,-2.18,2.51,45.95,-25.59,2.25,0.745,0.431,8.669
156437,22.316564,87.301933,15.72,1.24,-0.13,6.62,2.72,1.20,2.21,30.53,22.95,-2.08,0.745,1.020,10.277
156584,22.316564,87.301933,15.72,1.09,-0.00,6.80,-0.56,-0.08,1.96,-22.33,-8.72,-1.66,1.098,0.667,9.689
156793,22.316564,87.301933,15.72,1.03,0.51,9.22,0.56,-1.15,1.80,5.37,-5.08,-0.77,0.471,1.177,9.414
156997,22.316564,87.301933,15.72,0.44,0.38,7.56,-1.33,-5.60,1.95,-9.24,-21.82,0.75,0.588,1.334,8.081
157188,22.316564,87.301933,15.72,0.99,-0.54,6.96,3.72,-1.00,1.13,26.42,24.06,-4.32,0.785,0.588,9.532
157290,22.316564,87.301933,15.72,0.81,-0.02,7.58,-4.00,-3.32,1.87,-75.66,-22.75,7.26,0.667,0.785,9.101
157438,22.316564,87.301933,15.72,1.24,-0.90,9.27,-5.42,-4.40,2.11,-9.59,-7.27,1.65,0.392,0.706,7.375
157587,22.316564,87.301933,15.72,0.48,-0.52,8.73,8.13,-1.56,1.85,90.94,19.01,-1.74,0.314,0.667,8.355
157793,22.316564,87.301933,15.72,0.73,0.28,8.02,-5.99,0.18,2.67,-68.55,8.49,3.97,-0.078,0.235,8.983
157998,22.316564,87.301933,15.72,0.93,0.11,6.58,1.88,-1.98,2.15,38.39,-10.54,-2.57,0.510,0.941,10.199
158191,22.316564,87.301933,15.72,1.25,-0.14,8.27,5.69,0.56,1.99,19.74,13.17,-0.79,1.177,0.785,7.100
158291,22.316564,87.301933,15.72,0.73,-0.94,9.17,4.43,-4.23,1.47,-12.60,-47.94,-5.27,0.706,0.471,9.650
158441,22.316564,87.301933,15.72,1.07,-0.07,5.88,4.66,-1.29,1.95,1.58,19.59,3.26,1.177,0.863,10.081
158587,22.316564,87.301933,15.72,0.84,-0.45,8.97,-5.60,-3.34,1.81,-70.27,-14.01,-0.99,1.177,0.157,7.924
158796,22.316564,87.301933,15.72,1.03,-0.23,6.23,-1.37,-3.57,2.45,20.23,-1.13,3.07,0.510,0.431,9.571
159003,22.316572,87.302299,15.72,0.62,-0.04,6.99,-0.48,-2.22,1.95,4.28,6.53,-2.40,0.118,0.157,8.002
159195,22.316572,87.302299,15.72,1.00,0.62,10.91,-10.05,-3.09,1.91,-49.82,-4.53,-0.24,-0.196,0.902,8.787
159298,22.316572,87.302299,15.72,0.80,0.46,7.50,-0.13,-0.24,2.33,96.27,27.72,4.08,0.235,0.510,9.179
159444,22.316572,87.302299,15.72,0.75,0.69,8.76,0.97,-3.63,1.44,7.53,-23.27,-6.07,0.392,0.667,8.669
159591,22.316572,87.302299,15.72,0.75,-0.51,9.26,-2.63,-4.24,1.93,-24.46,-4.15,3.32,1.138,0.588,8.551
159799,22.316572,87.302299,15.72,1.47,-0.40,6.22,4.40,-0.98,1.03,33.80,15.67,-4.33,0.588,0.706,9.689
160006,22.316576,87.302345,15.72,0.37,-0.81,9.28,3.24,-0.66,1.13,-5.61,1.59,0.48,0.392,0.863,7.139
160197,22.316576,87.302345,15.72,1.25,0.55,8.80,-3.01,-2.48,1.92,-32.73,-9.55,4.12,1.020,0.275,10.003
160297,22.316576,87.302345,15.72,1.32,0.12,7.23,3.19,-1.85,1.30,61.98,6.26,-6.18,0.549,0.353,7.335
160443,22.316576,87.302345,15.72,1.08,-0.22,8.89,0.03,-0.31,1.46,-21.65,10.56,1.10,0.549,0.157,8.198
160590,22.316576,87.302345,15.72,1.10,0.60,9.69,-1.08,-3.06,1.21,-7.53,-18.69,-1.71,0.549,0.431,7.296
160797,22.316576,87.302345,15.72,1.41,-0.88,7.04,-0.30,0.48,1.95,3.76,17.11,3.61,0.157,0.628,9.375
161003,22.316577,87.302406,15.72,1.09,-0.89,7.24,0.38,-4.60,1.42,3.30,-24.68,-2.59,0.314,0.588,7.728
161195,22.316577,87.302406,15.72,1.14,0.60,8.54,-0.75,-1.12,1.80,-5.88,18.13,1.99,0.981,0.981,8.904
161293,22.316577,87.302406,15.72,0.56,-0.32,6.65,-0.16,-0.82,1.52,6.00,3.12,-2.88,0.902,0.824,10.160
161440,22.316577,87.302406,15.72,0.90,-0.01,6.62,1.02,-0.31,1.21,8.05,3.43,-2.13,1.020,1.098,8.277
161586,22.316577,87.302406,15.72,1.23,-0.10,8.05,-4.55,-2.56,1.29,-38.17,-15.37,0.58,0.863,0.510,8.355
161795,22.316577,87.302406,15.72,0.69,-0.31,7.20,8.25,0.55,1.29,61.25,14.87,0.00,0.863,0.824,9.807
161999,22.316577,87.302459,15.72,1.35,-1.11,6.16,3.19,-0.39,1.21,-24.81,-4.60,-0.37,1.569,0.902,10.866
162192,22.316577,87.302459,15.72,0.37,-0.24,7.41,-1.12,0.11,2.00,-22.35,2.57,4.07,0.118,0.275,6.943
162291,22.316577,87.302459,15.72,1.03,-0.17,8.89,0.03,-3.97,0.96,11.64,-41.18,-10.49,0.078,0.471,8.591
162440,22.316577,87.302459,15.72,1.60,-0.59,8.25,-1.56,-1.11,1.08,-10.66,19.16,0.82,0.863,0.824,8.355
162589,22.316577,87.302459,15.72,0.67,-0.30,8.35,-2.33,-3.42,0.85,-5.17,-15.47,-1.59,0.471,0.706,8.512
162797,22.316577,87.302459,15.72,0.96,-0.05,7.87,-1.66,-0.91,1.30,3.23,12.07,2.17,0.588,0.667,7.414
163002,22.316577,87.302505,15.72,0.67,-0.48,9.22,-5.79,-3.11,0.77,-20.15,-10.72,-2.57,0.667,0.745,9.257
163194,22.316577,87.302505,15.72,1.11,0.35,8.52,-2.22,-2.07,1.33,18.57,5.41,2.90,0.628,0.628,8.669
163292,22.316577,87.302505,15.72,0.90,0.13,8.05,-0.39,-4.27,0.92,18.69,-22.43,-4.21,0.706,0.588,8.708
163440,22.316577,87.302505,15.72,1.25,-0.93,7.73,-1.05,-0.19,1.01,-4.44,27.54,0.62,0.588,1.020,8.826
163588,22.316577,87.302505,15.72,0.46,0.34,6.59,0.49,-0.95,1.59,10.37,-5.11,3.92,0.588,1.059,8.944
163792,22.316577,87.302505,15.72,0.95,-1.10,7.56,-0.37,0.09,1.04,-4.23,5.09,-2.69,0.471,0.549,7.649
163998,22.316583,87.302558,15.72,1.33,-0.74,7.95,1.37,-4.21,0.98,8.45,-20.86,-0.30,0.275,0.785,8.002
164191,22.316583,87.302558,15.72,1.68,-0.04,7.07,3.12,-1.13,1.24,9.10,15.94,1.34,1.098,0.824,9.101
164288,22.316583,87.302558,15.72,1.02,0.81,7.98,0.02,-2.18,0.66,-31.95,-10.86,-5.90,0.667,0.314,9.767
164436,22.316583,87.302558,15.72,1.25,0.02,7.65,-2.63,-1.75,1.53,-17.95,2.94,5.88,1.098,1.177,9.022
164583,22.316583,87.302558,15.72,0.48,0.24,8.56,-0.26,-4.86,0.14,16.15,-21.19,-9.50,0.039,0.667,8.081
164790,22.316583,87.302558,15.72,1.01,-0.60,6.80,0.05,0.11,0.08,1.51,24.01,-0.26,0.431,0.785,9.179
164995,22.316589,87.302597,15.72,0.93,0.58,7.76,4.33,-3.82,0.63,20.85,-19.18,2.64,0.863,1.294,8.473
165187,22.316589,87.302597,15.72,0.18,-0.36,9.21,12.15,-0.28,0.52,40.71,18.45,-0.56,0.118,0.510,8.630
165287,22.316589,87.302597,15.72,0.69,-0.16,7.99,-0.79,-3.34,0.91,-129.31,-30.61,3.89,1.177,0.510,10.513
165439,22.316589,87.302597,15.72,1.56,-1.03,7.18,-14.55,-0.34,1.97,-90.55,19.79,6.98,0.235,0.941,7.728
165588,22.316589,87.302597,15.72,0.87,0.04,9.23,-5.40,-0.39,1.63,61.38,-0.36,-2.25,1.138,0.667,8.238
165794,22.316589,87.302597,15.72,0.84,-0.95,12.00,-0.72,1.27,0.69,22.75,8.04,-4.56,-0.510,-0.039,8.120
166000,22.316589,87.302597,15.72,1.65,-0.48,7.90,-5.07,-2.06,0.18,-21.12,-16.16,-2.48,0.902,0.314,10.434
166195,22.316595,87.302650,15.72,2.28,-0.88,6.36,5.59,0.79,0.77,54.65,14.64,3.01,-0.353,1.059,7.688
166296,22.316595,87.302650,15.72,1.27,-0.54,7.23,5.56,-1.08,1.12,-0.30,-18.52,3.48,0.118,0.431,8.277
166443,22.316595,87.302650,15.72,1.17,-0.32,8.13,-2.20,-1.37,2.21,-52.76,-1.97,7.37,0.431,0.588,10.120
166592,22.316595,87.302650,15.72,0.59,-0.33,6.36,3.69,1.31,1.26,39.50,17.93,-6.35,-0.118,0.824,7.688
166798,22.316595,87.302650,15.72,1.17,-0.47,7.51,0.81,1.60,1.08,-13.97,1.45,-0.85,0.902,0.745,9.022
167003,22.316593,87.302688,15.72,1.00,0.53,8.46,-1.27,-1.82,1.40,-10.17,-16.68,1.53,0.196,0.981,9.336
167195,22.316593,87.302688,15.72,1.55,-1.08,8.13,-2.90,-2.23,1.23,-8.47,-2.15,-0.87,0.471,0.981,9.101
167292,22.316593,87.302688,15.72,0.66,0.32,8.14,-2.69,-3.07,1.15,2.12,-8.66,-0.79,0.314,0.667,8.081
167438,22.316593,87.302688,15.72,1.17,-0.01,9.10,2.09,-3.25,1.10,32.78,-1.25,-0.37,-0.235,0.275,7.532
167587,22.316593,87.302688,15.72,1.75,-0.74,8.50,-1.54,-1.65,1.36,-24.39,10.76,1.74,0.549,0.941,8.669
167794,22.316593,87.302688,15.72,1.00,-0.46,7.53,-1.63,2.73,1.08,-0.41,21.13,-1.36,0.628,0.549,8.630
168000,22.316595,87.302726,15.72,1.17,-0.35,6.89,6.95,0.79,0.65,41.61,-9.38,-2.08,0.118,0.588,7.453
168192,22.316595,87.302726,15.72,0.78,-0.36,8.95,-1.85,-0.49,1.23,-45.84,-6.68,3.02,0.549,0.981,9.611
168292,22.316595,87.302726,15.72,1.16,-0.04,6.97,3.02,-0.17,0.63,48.78,3.21,-6.03,0.314,0.588,9.257
168438,22.316595,87.302726,15.72,1.03,0.77,7.57,-1.16,-0.75,0.35,-28.65,-3.97,-1.88,0.118,0.667,9.375
168587,22.316595,87.302726,15.72,1.34,0.22,8.17,-2.93,-0.79,0.91,-11.89,-0.26,3.74,0.431,0.745,8.983
168794,22.316595,87.302726,15.72,0.67,0.40,8.56,-4.69,-2.93,0.24,-8.48,-10.36,-3.25,0.785,1.059,8.473
168999,22.316595,87.302772,15.72,1.26,-0.86,8.69,-0.33,-4.40,-0.15,21.26,-7.15,-1.86,0.549,1.648,10.003
169193,22.316595,87.302772,15.72,0.03,0.42,8.77,-0.11,0.84,0.20,1.10,26.99,1.77,0.588,0.628,6.551
169288,22.316595,87.302772,15.72,1.49,-1.09,8.61,-0.13,-0.26,0.05,-0.16,-11.57,-1.53,1.098,0.941,8.669
169438,22.316595,87.302772,15.72,1.40,-0.57,7.74,3.62,-0.87,-0.03,24.99,-4.07,-0.56,0.078,1.098,9.375
169586,22.316595,87.302772,15.72,1.06,-0.05,8.40,0.64,-1.24,-0.14,-20.12,-2.48,-0.72,0.785,0.941,9.022
169795,22.316595,87.302772,15.72,1.27,-0.57,8.84,6.54,-2.96,0.23,28.23,-8.25,1.75,0.471,0.941,8.826
170000,22.316593,87.302810,15.72,1.01,0.87,7.33,-0.06,-1.45,1.09,-32.21,7.37,4.21,0.392,0.392,8.120
170191,22.316593,87.302810,15.72,1.98,0.27,7.61,0.04,-1.65,0.59,0.52,-1.04,-2.64,0.431,1.098,8.277
170289,22.316593,87.302810,15.72,0.80,0.04,7.12,1.75,-1.66,0.94,17.45,-0.16,3.58,0.981,0.471,10.238
170435,22.316593,87.302810,15.72,0.76,0.01,6.86,-1.85,-0.44,1.33,-24.68,8.42,2.67,1.098,0.628,7.924
170582,22.316593,87.302810,15.72,1.01,0.37,7.96,-2.66,-1.10,1.63,-5.50,-4.52,2.08,0.745,0.785,9.532
170786,22.316593,87.302810,15.72,1.02,-0.11,8.00,-2.34,-1.18,1.04,1.57,-0.37,-2.92,-0.235,0.981,9.297
170991,22.316593,87.302810,15.72,0.46,-0.13,8.28,-3.32,-0.15,0.93,-4.77,4.99,-0.52,0.785,0.902,7.296
171183,22.316593,87.302810,15.72,0.14,0.32,7.60,1.60,1.08,1.21,25.64,6.40,1.47,-0.118,0.824,8.904
171279,22.316593,87.302810,15.72,0.61,-0.60,7.21,7.27,0.90,1.15,59.08,-1.83,-0.72,0.824,0.196,9.101
171424,22.316593,87.302810,15.72,1.16,0.51,8.76,-0.62,-4.76,1.66,-54.44,-39.06,3.58,0.706,0.471,7.649
171574,22.316593,87.302810,15.72,0.52,0.51,8.92,-1.50,-1.32,1.38,-5.90,22.95,-1.88,0.078,0.353,7.885
171780,22.316593,87.302810,15.72,1.24,-0.62,5.93,-2.34,-0.92,0.55,-4.04,1.93,-4.04,1.059,0.039,8.394
171984,22.316593,87.302810,15.72,1.32,0.55,10.10,-3.22,2.97,0.53,-4.34,19.08,-0.07,1.922,0.824,7.728
172177,22.316593,87.302810,15.72,0.13,-0.94,6.77,-3.73,1.30,1.50,-2.61,-8.66,4.98,-0.196,0.785,9.297
172276,22.316593,87.302810,15.72,1.19,-1.34,10.32,-12.14,-2.47,1.61,-84.97,-38.01,1.16,0.235,0.628,6.982
172428,22.316593,87.302810,15.72,1.71,0.29,6.96,-7.64,1.83,1.42,29.58,28.27,-1.26,1.412,0.196,6.943
172574,22.316593,87.302810,15.72,1.60,0.91,6.60,3.53,1.21,1.75,76.49,-4.24,2.25,0.941,0.039,7.492
172777,22.316593,87.302810,15.72,0.89,-0.62,7.57,2.98,0.11,1.84,-2.71,-5.45,0.45,1.177,0.981,8.669
172982,22.316593,87.302810,15.72,1.33,0.55,8.72,-12.69,-1.77,2.83,-76.45,-9.16,4.84,1.138,0.549,8.277
173174,22.316593,87.302810,15.72,0.55,-0.36,8.25,2.18,-2.51,2.72,77.45,-3.86,-0.60,0.588,0.628,8.826
173274,22.316593,87.302810,15.72,1.30,-1.00,7.45,-2.74,0.97,3.21,-49.16,34.81,4.89,0.628,0.902,8.748
173421,22.316593,87.302810,15.72,0.58,-0.03,7.38,-1.95,-1.61,2.82,5.35,-17.55,-2.65,0.824,0.981,7.571
173570,22.316593,87.302810,15.72,0.80,-0.18,7.41,0.72,-0.64,1.21,17.93,6.51,-10.76,0.157,0.824,7.845
173776,22.316593,87.302810,15.72,0.97,-0.88,7.05,6.37,-2.05,1.81,27.46,-6.82,2.89,0.588,0.471,9.924
173981,22.316593,87.302810,15.72,1.14,-0.63,6.71,1.37,-0.73,0.78,-24.43,6.40,-5.03,0.785,0.353,8.865
174173,22.316593,87.302810,15.72,1.39,-0.42,8.67,-1.03,-2.56,0.27,-12.48,-9.50,-2.62,-0.353,0.863,8.865
174275,22.316593,87.302810,15.72,0.98,-0.55,6.81,3.89,-1.95,-0.12,48.27,5.99,-3.89,-0.039,1.059,7.610
174424,22.316593,87.302810,15.72,1.53,0.14,8.90,-4.58,-0.73,1.00,-56.87,8.15,7.53,0.667,0.785,8.983
174570,22.316593,87.302810,15.72,1.28,-0.35,8.06,-2.76,-3.49,0.00,12.50,-18.87,-6.85,1.491,0.588,8.944
174778,22.316593,87.302810,15.72,1.43,-0.20,6.67,-5.70,-2.65,0.05,-14.17,4.04,0.22,-0.314,1.098,8.355
174983,22.316593,87.302810,15.72,1.26,-0.38,9.92,-3.53,0.56,0.44,10.58,15.68,1.90,1.020,0.431,8.473
175175,22.316593,87.302810,15.72,1.04,-0.61,7.64,-3.22,-2.78,-0.59,1.63,-17.41,-5.33,-0.510,0.549,8.081
175278,22.316593,87.302810,15.72,1.70,0.53,9.81,-13.76,-2.21,0.93,-102.35,5.56,14.75,0.235,0.706,7.335
175427,22.316593,87.302810,15.72,1.65,0.13,6.87,-2.36,1.61,0.50,76.54,25.62,-2.87,0.314,0.549,8.041
175574,22.316593,87.302810,15.72,1.91,-1.03,8.79,-1.15,3.00,0.64,8.26,9.45,0.93,0.745,0.902,9.924
175776,22.316593,87.302810,15.72,1.33,-0.05,10.40,0.34,-3.59,-0.05,7.33,-32.61,-3.44,0.353,0.392,8.473
175982,22.316593,87.302810,15.72,1.19,-0.96,7.27,11.69,-4.18,0.24,55.14,-2.89,1.41,0.941,0.981,9.179
176175,22.316593,87.302810,15.72,1.46,-0.61,7.38,1.47,-0.88,0.56,-53.00,17.13,1.66,0.235,1.177,8.473
176274,22.316593,87.302810,15.72,1.27,-1.36,10.49,-0.47,-1.28,0.65,-19.59,-4.09,0.93,0.431,1.020,9.846
176423,22.316593,87.302810,15.72,0.42,-0.46,6.61,5.34,-0.58,0.56,38.99,4.71,-0.61,0.863,0.785,10.003
176571,22.316593,87.302810,15.72,1.43,0.80,6.38,14.53,-0.66,0.14,62.15,-0.57,-2.84,1.177,1.294,10.160
176778,22.316593,87.302810,15.72,1.30,0.74,4.79,2.82,-5.13,0.79,-56.57,-21.57,3.17,0.000,0.785,7.296
176984,22.316593,87.302810,15.72,1.58,0.34,10.55,-5.44,0.77,1.06,-40.13,28.64,1.30,0.785,0.314,8.238
177176,22.316593,87.302810,15.72,0.64,-0.32,7.77,3.53,-1.92,0.98,46.72,-14.03,-0.40,0.745,0.824,8.120
177277,22.316593,87.302810,15.72,1.71,-0.42,8.26,4.89,0.72,1.05,13.45,26.15,0.60,0.628,0.863,8.512
177422,22.316593,87.302810,15.72,0.93,-0.45,6.50,-3.83,-3.02,0.99,-60.12,-25.80,-0.37,1.765,1.098,11.062
177574,22.316593,87.302810,15.72,0.70,-0.53,6.28,12.01,-1.61,1.00,104.21,9.29,0.05,0.745,0.941,8.041
177779,22.316593,87.302810,15.72,0.86,0.24,7.66,-1.84,-2.92,1.01,-67.55,-6.37,0.04,0.235,0.785,8.238
177984,22.316593,87.302810,15.72,1.82,-1.34,11.30,-0.14,-1.67,1.92,8.30,6.07,4.43,-0.235,0.667,7.571
178176,22.316593,87.302810,15.72,1.35,-0.91,8.63,-0.11,2.11,1.79,0.12,19.72,-0.64,0.196,0.157,7.688
178274,22.316593,87.302810,15.72,1.04,0.11,10.45,2.37,-2.36,1.66,25.39,-45.65,-1.40,-0.118,0.471,7.688
178423,22.316593,87.302810,15.72,0.78,-0.35,9.11,0.80,-2.24,1.94,-10.55,0.82,1.90,0.471,0.941,8.826
178570,22.316593,87.302810,15.72,1.33,-0.90,6.92,-2.92,1.48,1.74,-25.29,25.29,-1.35,0.706,0.549,9.218
178777,22.316593,87.302810,15.72,0.79,0.13,8.99,-5.79,-0.78,0.94,-13.90,-10.92,-3.87,0.314,0.588,6.982
178982,22.316593,87.302810,15.72,0.62,-0.48,9.04,-9.50,-2.07,1.44,-18.06,-6.29,2.46,1.255,0.785,9.846
179174,22.316593,87.302810,15.72,0.89,0.16,8.96,-0.03,0.08,1.50,49.30,11.17,0.28,0.471,0.902,10.591
179275,22.316593,87.302810,15.72,0.91,0.46,11.61,-10.36,-4.95,0.69,-102.26,-49.73,-8.01,0.902,0.824,5.884
179427,22.316593,87.302810,15.72,1.76,-0.42,8.74,2.93,0.21,0.15,87.43,33.95,-3.52,0.628,1.059,8.355
179574,22.316593,87.302810,15.72,1.05,-0.26,6.39,6.64,-0.14,-0.22,25.24,-2.39,-2.54,0.118,1.294,10.277
179782,22.316593,87.302810,15.72,0.74,-0.10,9.05,-2.90,0.56,0.27,-45.87,3.34,2.35,0.745,0.785,8.748
179987,22.316593,87.302810,15.72,0.98,0.06,7.09,3.11,-3.74,-0.09,29.34,-20.96,-1.75,0.588,0.745,10.317
180179,22.316593,87.302810,15.72,1.26,-0.23,6.39,7.69,-2.30,0.82,23.85,7.51,4.73,1.334,1.412,10.277
180280,22.316593,87.302810,15.72,2.18,0.95,6.80,2.99,-2.12,-0.22,-46.56,1.74,-10.28,0.981,0.588,9.571
180428,22.316593,87.302810,15.72,1.31,-0.46,8.45,-3.31,-1.74,0.72,-42.60,2.58,6.34,0.275,0.785,7.806
180576,22.316593,87.302810,15.72,0.59,-0.64,8.90,-2.40,-2.05,0.28,6.14,-2.06,-2.94,-0.785,1.138,10.160
180785,22.316593,87.302810,15.72,1.36,-0.31,8.97,-5.45,-1.02,0.39,-14.57,4.93,0.51,0.667,0.628,8.826
180989,22.316637,87.303352,15.72,0.94,0.46,8.46,-4.23,-1.73,0.63,5.99,-3.52,1.20,1.138,0.510,10.748
181180,22.316637,87.303352,15.72,1.61,-0.16,6.92,3.99,-4.80,-0.06,43.04,-16.07,-3.64,0.275,0.549,8.238
181284,22.316637,87.303352,15.72,1.42,-0.76,7.68,-6.14,-0.47,0.38,-97.40,41.62,4.26,0.549,1.648,11.023
181433,22.316637,87.303352,15.72,0.96,-0.08,9.32,9.60,-4.37,0.30,105.59,-26.13,-0.56,0.549,0.196,8.316
181583,22.316637,87.303352,15.72,0.72,-0.22,7.81,-2.17,-1.11,0.40,-78.42,21.68,0.71,-0.235,1.216,8.394
181791,22.316637,87.303352,15.72,0.97,0.44,8.51,0.94,-1.45,0.27,14.94,-1.61,-0.62,0.471,0.667,8.591
181996,22.316644,87.303398,15.72,0.81,0.11,5.92,10.82,-3.82,-0.07,48.18,-11.58,-1.68,0.785,0.196,9.454
182190,22.316644,87.303398,15.72,1.15,-0.67,8.16,-4.76,-0.88,0.21,-80.27,15.19,1.42,0.588,0.471,6.276
182290,22.316644,87.303398,15.72,1.24,-0.29,6.59,-0.54,-1.34,0.18,42.14,-4.58,-0.31,0.157,0.745,7.218
182438,22.316644,87.303398,15.72,1.37,-0.55,9.37,-7.13,-4.79,0.57,-44.51,-23.36,2.68,-0.785,0.863,8.081
182589,22.316644,87.303398,15.72,1.40,-0.33,7.36,-7.29,-1.42,0.98,-1.06,22.34,2.68,0.628,0.785,11.846
182797,22.316644,87.303398,15.72,1.48,0.56,9.07,-10.05,0.20,0.58,-13.25,7.78,-1.91,0.667,0.353,8.002
182989,22.316644,87.303398,15.72,1.45,0.08,9.22,-7.94,-1.84,0.07,10.97,-10.62,-2.66,0.706,0.785,9.493
183182,22.316644,87.303398,15.72,1.69,-0.60,8.43,-8.62,-3.07,0.81,-3.52,-6.37,3.84,-0.706,1.216,5.609
183284,22.316644,87.303398,15.72,1.21,1.45,9.69,-1.32,-6.36,-0.53,71.55,-32.26,-13.17,0.667,2.157,10.748
183436,22.316644,87.303398,15.72,1.35,-0.41,7.80,3.14,5.93,1.31,29.33,80.86,12.15,0.981,0.902,6.355
183582,22.316644,87.303398,15.72,1.27,-1.89,10.43,-8.95,-4.55,-0.55,-82.82,-71.79,-12.76,-0.078,0.275,9.493
183795,22.316644,87.303398,15.72,1.47,-1.30,7.30,-2.86,1.84,-1.77,28.60,30.00,-5.73,0.549,0.785,6.551
183987,22.316644,87.303398,15.72,1.05,-0.69,10.00,-11.14,0.62,0.74,-43.10,-6.36,13.08,0.118,0.275,7.728
184180,22.316644,87.303398,15.72,1.43,0.27,9.24,-9.73,-0.32,0.98,7.32,-4.86,1.27,0.078,0.981,6.943
184281,22.316644,87.303398,15.72,0.80,-0.08,10.65,-2.36,0.27,-0.28,72.93,5.90,-12.55,0.981,0.824,8.983
184429,22.316644,87.303398,15.72,0.65,0.03,5.45,-0.47,2.09,0.23,12.74,12.28,3.46,0.275,0.706,8.944
184574,22.316644,87.303398,15.72,1.81,0.43,9.39,-2.15,-4.33,0.50,-11.58,-44.27,1.84,2.079,0.941,7.688
184782,22.316644,87.303398,15.72,0.27,0.52,7.22,0.65,-2.02,0.77,13.47,11.08,1.32,1.098,0.902,10.356
184988,22.316644,87.303398,15.72,1.14,0.03,6.30,2.21,1.29,2.07,7.56,16.08,6.30,1.255,0.196,8.630
185178,22.316644,87.303398,15.72,1.49,-0.22,8.22,-2.38,-1.61,0.76,-24.15,-15.27,-6.91,0.314,1.294,10.748
185284,22.316644,87.303398,15.72,0.53,-1.19,8.55,2.03,-2.05,2.15,41.62,-4.10,13.11,1.216,0.314,9.140
185432,22.316644,87.303398,15.72,0.59,-0.02,7.96,-5.03,-1.99,1.34,-47.71,0.36,-5.42,0.863,0.902,8.198
185580,22.316644,87.303398,15.72,0.55,0.08,8.29,1.75,-4.80,1.92,45.80,-18.98,3.92,1.177,1.177,9.414
185785,22.316644,87.303398,15.72,1.29,0.06,9.05,-8.71,-0.20,1.47,-51.01,22.45,-2.23,-0.078,0.431,10.670
185992,22.316669,87.303581,15.72,0.42,-0.76,6.17,24.39,-3.30,0.92,159.90,-14.97,-2.66,0.431,-0.549,3.844
186185,22.316669,87.303581,15.72,1.78,-1.33,6.98,-8.45,-5.96,0.73,-170.15,-13.80,-0.99,-0.628,1.216,9.454
186290,22.316669,87.303581,15.72,1.20,-0.49,5.39,1.08,5.21,1.60,90.80,106.36,8.29,0.667,1.608,10.356
186437,22.316669,87.303581,15.72,0.64,-0.13,8.39,-6.93,-1.92,2.44,-54.53,-48.50,5.71,0.157,0.510,9.846
186587,22.316669,87.303581,15.72,1.38,1.07,9.22,2.84,-6.99,0.59,65.14,-33.79,-12.32,0.235,-0.078,7.492
186793,22.316669,87.303581,15.72,1.20,-0.06,9.76,-7.16,-2.47,1.08,-48.54,21.97,2.37,-0.353,1.373,6.551
186986,22.316669,87.303581,15.72,1.52,-1.91,10.78,-0.64,0.11,2.92,33.78,13.33,9.57,0.785,-0.039,9.061
187180,22.316669,87.303581,15.72,0.69,-0.14,6.72,1.66,3.58,4.09,11.88,17.90,6.02,0.785,0.196,8.159
187278,22.316669,87.303581,15.72,-0.03,-0.53,8.03,7.40,-2.91,2.67,58.58,-66.21,-14.49,0.510,0.549,9.454
187427,22.316669,87.303581,15.72,0.08,-0.46,7.10,0.54,-1.71,2.59,-46.06,8.04,-0.56,-0.039,0.785,8.669
187577,22.316669,87.303581,15.72,1.16,-0.08,9.18,0.47,0.44,2.84,-0.46,14.35,1.68,0.235,0.981,8.355
187782,22.316680,87.303680,15.39,0.71,0.58,9.01,-0.82,0.02,1.95,-6.29,-2.09,-4.36,0.588,0.745,7.845
187986,22.316680,87.303680,15.39,1.20,-0.29,9.18,-4.66,-4.43,2.63,-18.86,-21.78,3.37,0.863,0.863,7.453
188179,22.316680,87.303680,15.39,1.75,0.25,7.46,1.71,-2.60,2.21,33.03,9.49,-2.21,0.785,0.510,8.748
188278,22.316680,87.303680,15.39,1.44,0.17,11.67,-15.53,-2.43,2.24,-174.18,1.70,0.31,0.824,0.588,6.904
188428,22.316680,87.303680,15.39,0.48,-0.15,8.52,3.10,-1.12,2.22,124.22,8.70,-0.10,-0.196,0.706,7.218
188576,22.316680,87.303680,15.39,0.70,-0.13,8.36,-5.51,-1.43,2.50,-58.18,-2.06,1.86,-0.078,0.314,8.355
188784,22.316680,87.303680,15.39,0.82,-0.02,8.29,-7.72,-0.50,1.91,-10.61,4.44,-2.83,0.314,0.549,8.983
188989,22.316686,87.303726,15.39,1.29,0.05,9.02,-0.90,-3.06,1.58,33.25,-12.47,-1.60,0.549,0.667,9.297
189181,22.316686,87.303726,15.39,0.70,0.43,7.76,5.21,1.50,1.18,31.81,23.78,-2.11,1.255,1.177,8.316
189279,22.316686,87.303726,15.39,1.97,-0.63,10.69,-1.82,-4.22,0.69,-71.74,-58.42,-4.99,0.510,0.981,7.885
189430,22.316686,87.303726,15.39,0.65,-0.02,7.05,-2.85,0.43,0.91,-6.77,30.79,1.47,0.510,0.510,9.493
189577,22.316686,87.303726,15.39,1.00,-0.27,9.14,2.79,-3.21,0.76,38.32,-24.72,-1.04,0.353,0.785,6.825
189784,22.316686,87.303726,15.39,0.92,-0.18,7.25,-2.03,-1.36,0.63,-23.27,8.92,-0.63,0.588,0.667,7.767
189990,22.316696,87.303779,15.39,1.58,-0.61,8.70,-2.21,-2.13,0.16,-0.85,-3.74,-2.26,0.549,1.294,8.394
190182,22.316696,87.303779,15.39,1.01,0.31,9.83,-6.89,0.24,0.45,-24.41,12.36,1.51,-0.039,0.824,9.061
190281,22.316696,87.303779,15.39,1.08,-0.98,8.07,-5.55,-1.30,1.18,13.57,-15.58,7.33,0.549,0.981,8.630
190430,22.316696,87.303779,15.39,1.21,-0.60,7.24,0.13,-2.09,-0.07,38.12,-5.33,-8.35,0.863,1.608,8.041
190578,22.316696,87.303779,15.39,1.06,-0.78,7.89,-1.24,-0.79,0.67,-9.23,8.77,5.00,0.471,1.098,9.375
190784,22.316696,87.303779,15.39,1.36,-0.63,6.86,-1.93,-1.10,0.38,-3.37,-1.48,-1.41,0.863,0.824,8.238
190989,22.316707,87.303825,15.39,1.54,0.04,9.35,3.44,-1.01,0.59,26.21,0.45,1.01,0.235,0.745,7.963
191180,22.316707,87.303825,15.39,1.41,-0.24,9.55,-4.03,0.34,0.18,-39.13,7.03,-2.12,0.863,0.628,8.944
191281,22.316707,87.303825,15.39,1.38,-0.81,8.08,2.70,0.98,0.85,66.66,6.42,6.65,0.863,0.941,8.787
191425,22.316707,87.303825,15.39,1.15,0.41,8.01,-1.82,-2.59,0.08,-31.44,-24.81,-5.41,0.628,0.824,8.041
191575,22.316707,87.303825,15.39,0.85,0.26,6.95,-2.58,-1.09,0.73,-5.04,9.97,4.33,1.020,1.294,8.120
191778,22.316707,87.303825,15.39,0.93,-0.12,7.73,1.77,-0.68,0.80,21.43,2.03,0.38,0.667,0.785,7.649
191983,22.316707,87.303825,15.39,1.20,-0.37,7.77,1.68,-3.50,0.08,-0.45,-13.74,-3.54,0.510,1.255,8.512
192175,22.316707,87.303825,15.39,0.90,0.53,7.13,-4.43,-3.92,0.38,-31.81,-2.23,1.59,0.588,1.255,10.160
192277,22.316707,87.303825,15.39,1.09,0.43,8.74,-1.89,-0.04,0.82,24.85,38.09,4.27,0.078,1.020,8.316
192423,22.316707,87.303825,15.39,1.37,-0.30,7.00,-0.44,-2.21,-0.24,9.99,-14.90,-7.22,0.706,0.941,7.375
192573,22.316707,87.303825,15.39,1.27,0.23,7.86,2.64,-0.21,0.02,20.51,13.33,1.68,0.628,1.020,8.748
192777,22.316707,87.303825,15.39,0.74,-0.35,7.86,-2.90,-0.33,-0.43,-27.17,-0.56,-2.17,0.353,0.981,8.630
192983,22.316707,87.303825,15.39,1.32,-0.30,8.12,-0.72,-1.63,0.41,10.60,-6.30,4.08,0.745,0.745,8.316
193174,22.316707,87.303825,15.39,1.33,0.18,7.68,-0.45,-0.75,0.73,1.40,4.60,1.68,0.314,1.020,8.787
193272,22.316707,87.303825,15.39,1.17,-0.18,8.15,-1.21,-0.25,0.53,-7.71,5.06,-2.10,0.314,0.941,8.277
193420,22.316707,87.303825,15.39,1.36,0.17,8.04,-2.73,-2.58,-0.31,-10.32,-15.73,-5.67,0.431,0.706,8.748
193570,22.316707,87.303825,15.39,1.51,-0.34,7.94,2.55,-2.77,-0.54,35.22,-1.27,-1.53,0.588,1.138,8.238
193777,22.316707,87.303825,15.39,1.20,-0.75,9.22,-4.23,-1.70,-0.63,-32.75,5.16,-0.41,0.588,1.059,9.022
193983,22.316707,87.303825,15.39,0.68,0.06,7.21,1.56,0.30,-0.50,28.09,9.71,0.63,0.157,1.020,9.414
194173,22.316707,87.303825,15.39,1.15,-0.46,8.41,-0.28,-2.26,-0.06,-9.68,-13.46,2.29,0.471,0.549,8.669
194278,22.316707,87.303825,15.39,1.38,-0.74,8.36,4.06,-1.93,0.17,41.37,3.13,2.18,0.118,0.471,7.845
194422,22.316707,87.303825,15.39,1.45,-0.37,7.20,3.16,-2.63,-0.03,-6.26,-4.82,-1.38,0.863,1.098,8.904
194571,22.316707,87.303825,15.39,1.43,-0.53,8.82,0.64,-1.89,0.23,-16.91,4.92,1.74,0.039,0.628,8.120
194777,22.316707,87.303825,15.39,1.14,-0.45,8.14,-1.95,-1.48,0.47,-12.56,2.00,1.15,0.981,1.020,7.963
194981,22.316707,87.303825,15.39,1.12,-0.41,8.05,0.34,-2.21,-0.13,11.23,-3.55,-2.92,0.745,0.549,9.179
195174,22.316707,87.303825,15.39,1.58,-0.04,8.99,-1.35,-0.58,0.04,-8.78,8.42,0.87,-0.235,0.981,10.003
195276,22.316707,87.303825,15.39,0.80,0.53,6.34,7.58,-0.86,0.18,87.56,-2.77,1.35,-0.275,0.706,9.964
195423,22.316707,87.303825,15.39,0.90,-0.37,8.04,4.33,-1.55,0.93,-22.12,-4.67,5.14,0.510,1.098,9.297
195570,22.316707,87.303825,15.39,1.12,-0.30,7.58,1.33,-1.52,0.19,-20.41,0.21,-5.04,0.039,0.706,7.688
195777,22.316707,87.303825,15.39,1.47,0.10,8.57,-3.09,1.40,1.11,-21.35,14.12,4.46,0.628,0.549,7.492
195983,22.316707,87.303825,15.39,1.18,-0.66,7.54,2.55,-2.29,0.75,27.38,-17.94,-1.78,0.706,0.785,9.532
196174,22.316707,87.303825,15.39,1.50,0.78,7.50,2.31,-1.60,1.12,-1.28,3.60,1.96,0.745,0.510,8.238
196274,22.316707,87.303825,15.39,0.30,-0.77,8.92,-0.42,-2.66,0.96,-27.25,-10.53,-1.60,0.314,0.549,9.650
196423,22.316707,87.303825,15.39,0.85,-1.03,9.32,2.47,-0.60,1.83,19.42,13.83,5.84,0.588,0.706,7.610
196571,22.316707,87.303825,15.39,0.81,-0.36,8.25,4.64,-2.63,1.40,14.65,-13.77,-2.89,0.235,0.824,9.022
196777,22.316707,87.303825,15.39,1.30,-0.16,7.91,2.89,-3.39,2.00,-8.49,-3.67,2.89,1.059,0.902,9.728
196983,22.316749,87.304122,15.39,0.90,-0.46,8.32,2.02,-1.10,3.02,-4.26,11.12,4.93,1.255,0.824,8.394
197175,22.316749,87.304122,15.39,0.45,-0.20,8.36,-1.53,0.58,3.23,-18.49,8.75,1.11,1.177,1.020,9.807
197273,22.316749,87.304122,15.39,0.99,0.11,7.50,2.11,-3.07,2.88,37.23,-37.23,-3.58,1.138,0.863,9.179
197421,22.316749,87.304122,15.39,0.78,-0.15,7.31,-1.98,-2.38,2.96,-27.65,4.64,0.57,0.706,0.510,7.218
197568,22.316749,87.304122,15.39,0.94,-0.39,9.19,7.19,-2.51,2.46,62.37,-0.88,-3.43,0.314,0.902,8.904
197774,22.316749,87.304122,15.39,0.65,-0.25,7.99,-4.86,-2.69,2.64,-58.51,-0.85,0.89,0.392,0.981,9.297
197980,22.316749,87.304122,15.39,1.17,-0.61,8.44,4.60,0.84,2.63,45.95,17.12,-0.07,0.785,0.706,8.081
198172,22.316749,87.304122,15.39,1.47,-0.04,7.85,-5.81,-2.68,2.41,-54.23,-18.33,-1.11,0.353,0.902,8.787
198277,22.316749,87.304122,15.39,1.04,-0.99,7.84,-1.67,0.63,2.89,39.40,31.48,4.58,0.392,0.667,7.806
198423,22.316749,87.304122,15.39,0.82,-0.33,8.28,-3.96,-3.57,1.76,-15.69,-28.76,-7.74,1.020,0.706,7.649
198574,22.316749,87.304122,15.39,0.84,-0.25,7.56,-1.69,-1.58,1.21,15.06,13.19,-3.69,1.020,0.824,8.512
198780,22.316749,87.304122,15.39,1.36,-0.58,6.58,4.86,-2.31,0.14,31.79,-3.52,-5.19,1.020,0.824,8.551
198986,22.316761,87.304222,15.39,1.19,-0.62,7.26,2.69,-1.80,-0.06,-10.52,2.45,-0.96,0.510,0.785,7.806
199178,22.316761,87.304222,15.39,1.13,-0.39,7.42,-1.23,-1.68,-0.73,-20.44,0.64,-3.50,0.981,1.177,9.179
199282,22.316761,87.304222,15.39,1.39,-0.32,7.53,3.49,-1.08,-0.99,45.36,5.80,-2.50,1.098,0.667,8.238
199429,22.316761,87.304222,15.39,1.07,-0.56,8.30,-1.02,-1.47,-0.89,-30.64,-2.70,0.73,0.706,0.549,8.081
199579,22.316761,87.304222,15.39,1.39,-1.11,8.01,-2.06,-0.30,-0.27,-6.97,7.84,4.12,0.824,1.216,8.198
199785,22.316761,87.304222,15.39,1.14,-0.72,8.28,-1.40,-3.15,-0.81,3.19,-13.86,-2.63,1.138,1.098,8.120
199992,22.316768,87.304260,15.39,1.37,-0.77,8.46,3.08,-1.19,0.17,21.68,9.48,4.72,1.491,0.863,9.532
200182,22.316768,87.304260,15.39,0.74,-0.77,7.03,-1.15,-1.01,0.44,-22.30,0.96,1.41,1.373,0.863,8.630
200283,22.316768,87.304260,15.39,0.81,-0.97,7.58,4.18,0.57,-0.53,52.83,15.65,-9.60,1.255,1.138,9.454
200429,22.316768,87.304260,15.39,0.84,-1.15,7.16,1.71,-1.41,-0.68,-16.94,-13.59,-0.99,0.941,0.628,8.551
200581,22.316768,87.304260,15.39,0.83,-1.13,8.60,-0.92,-2.43,-0.68,-17.33,-6.68,0.00,1.098,1.020,8.394
200787,22.316768,87.304260,15.39,0.73,-1.46,8.44,4.25,-0.39,-0.73,25.12,9.89,-0.26,0.902,0.628,9.454
200980,22.316768,87.304260,15.39,0.80,-1.07,7.38,0.36,-1.34,-0.40,-20.17,-4.90,1.74,0.941,1.020,8.904
201171,22.316768,87.304260,15.39,1.48,-1.29,9.09,-2.73,-0.84,-0.66,-16.15,2.60,-1.40,0.863,0.667,8.355
201275,22.316768,87.304260,15.39,1.38,-1.45,9.06,-3.76,-2.09,-0.37,-9.98,-12.04,2.79,1.059,0.431,7.257
201424,22.316768,87.304260,15.39,1.45,-0.91,9.05,-0.65,-2.06,-0.47,20.90,0.20,-0.67,1.098,0.941,8.787
201573,22.316768,87.304260,15.39,1.31,-1.05,7.44,-0.03,-1.64,-0.15,4.15,2.82,2.15,1.216,0.941,7.571
201779,22.316768,87.304260,15.39,1.11,-1.25,8.38,-1.34,-0.99,-0.63,-6.37,3.15,-2.30,1.373,0.902,8.944
201984,22.316774,87.304321,15.39,1.11,-0.32,7.29,-0.34,-1.45,0.51,4.88,-2.23,5.55,1.883,0.824,8.904
202174,22.316774,87.304321,15.39,1.01,-0.46,7.46,4.08,-2.02,0.11,23.30,-2.97,-2.13,1.804,1.334,8.591
202275,22.316774,87.304321,15.39,0.95,-0.58,7.08,-0.48,-2.79,-0.35,-45.20,-7.63,-4.53,0.785,0.902,8.826
202425,22.316774,87.304321,15.39,1.25,-0.79,7.92,-2.69,-2.49,0.20,-14.71,1.98,3.66,0.588,0.706,7.532
202573,22.316774,87.304321,15.39,0.93,-0.90,8.44,1.28,-1.51,1.07,26.82,6.60,5.88,1.020,1.177,9.297
202777,22.316774,87.304321,15.39,1.02,-1.03,8.26,-3.30,2.82,1.97,-22.45,21.22,4.42,0.824,0.353,7.414
202984,22.316776,87.304351,15.39,0.97,-0.36,6.85,-1.07,-4.98,0.78,10.77,-37.65,-5.75,0.902,0.353,7.061
203176,22.316776,87.304351,15.39,1.30,-1.45,9.80,-5.91,-2.02,1.50,-25.21,15.39,3.74,0.902,1.138,9.454
203278,22.316776,87.304351,15.39,1.12,0.03,6.48,4.98,0.42,1.58,106.72,23.95,0.82,0.745,1.216,8.316
203423,22.316776,87.304351,15.39,0.70,-1.08,8.07,-0.50,0.63,1.86,-37.80,1.42,1.95,0.785,0.431,8.041
203570,22.316776,87.304351,15.39,0.95,-0.45,8.03,-1.67,-1.20,1.52,-7.95,-12.41,-2.34,0.471,0.471,8.551
203779,22.316778,87.304374,8.56,1.05,-0.40,7.20,-1.12,-1.61,1.68,2.63,-1.97,0.77,0.863,1.138,9.375
203982,22.316778,87.304374,8.56,0.27,0.93,5.25,7.51,-6.82,0.38,42.53,-25.65,-6.39,1.334,1.569,11.768
204173,22.316778,87.304374,8.56,0.74,0.08,6.03,1.07,-3.42,1.09,-33.73,17.79,3.72,0.392,0.863,7.453
204273,22.316778,87.304374,8.56,2.03,-0.08,8.31,0.37,0.18,2.49,-6.95,35.95,13.97,0.745,0.588,8.120
204418,22.316778,87.304374,8.56,0.98,0.10,8.43,2.49,0.85,1.73,14.58,4.63,-5.21,-0.196,0.471,8.238
204562,22.316778,87.304374,8.56,1.10,0.42,7.38,0.58,0.54,2.38,-13.25,-2.12,4.51,-0.235,0.510,9.101
204767,22.316778,87.304374,8.56,1.12,0.12,6.52,3.33,-1.85,2.25,13.41,-11.66,-0.63,0.275,0.902,9.454
204972,22.316778,87.304374,8.56,0.56,0.24,6.79,-1.55,-0.93,2.58,-23.79,4.47,1.60,0.118,0.745,7.845
205162,22.316778,87.304374,8.56,1.17,-0.16,9.53,-1.46,1.46,2.24,0.48,12.58,-1.77,0.157,0.667,8.669
205262,22.316778,87.304374,8.56,0.78,0.40,6.88,1.18,-1.32,1.89,26.34,-27.79,-3.59,0.314,0.471,8.591
205409,22.316778,87.304374,8.56,1.05,0.01,8.10,-1.39,-2.89,1.27,-17.45,-10.70,-4.21,0.157,0.667,8.748
205557,22.316778,87.304374,8.56,1.08,0.15,8.41,-1.58,-1.68,0.92,-1.29,8.20,-2.37,0.588,0.706,8.198
205761,22.316778,87.304374,8.56,1.38,-0.22,8.44,-1.50,-0.84,0.76,0.41,4.12,-0.75,0.392,0.588,8.238
205965,22.316778,87.304374,8.56,1.20,-0.59,8.96,-1.40,-2.78,-0.47,0.45,-9.50,-6.02,0.549,0.549,8.355
206155,22.316778,87.304374,8.56,1.33,-0.62,7.24,-2.24,0.34,-0.15,-4.42,16.43,1.69,0.785,1.255,8.826
206257,22.316778,87.304374,8.56,0.82,-0.17,8.15,2.73,-1.82,-1.35,48.80,-21.25,-11.82,0.785,0.628,9.297
206406,22.316778,87.304374,8.56,1.03,-0.79,8.57,-1.85,-5.93,-1.49,-30.74,-27.56,-0.92,0.785,0.392,7.100
206557,22.316778,87.304374,8.56,1.23,-0.60,8.37,-2.11,-4.40,-0.73,-1.77,10.11,5.00,0.745,0.941,8.355
206764,22.316778,87.304374,8.56,1.03,-0.22,7.52,-1.02,-2.15,-0.98,5.27,10.88,-1.18,1.334,1.373,9.767
206968,22.316778,87.304374,8.56,0.76,0.07,7.02,0.18,0.92,-0.51,5.91,15.08,2.28,1.020,0.981,8.316
207157,22.316778,87.304374,8.56,0.52,-0.42,7.50,-0.33,-0.88,-1.42,-2.71,-9.53,-4.81,1.059,1.098,8.904
207261,22.316778,87.304374,8.56,1.05,-0.35,7.81,-0.21,-0.98,-1.74,1.10,-0.95,-3.08,0.824,1.138,9.571
207408,22.316778,87.304374,8.56,1.03,-0.45,7.53,0.05,-1.96,-1.43,1.77,-6.70,2.13,0.824,1.020,8.198
207554,22.316778,87.304374,8.56,1.06,-0.53,8.41,0.26,-2.87,-1.34,1.46,-6.22,0.63,1.177,1.020,8.355
207758,22.316778,87.304374,8.56,1.07,-0.61,7.88,-0.14,-2.09,-0.30,-1.95,3.82,5.09,0.941,0.785,7.767
207962,22.316778,87.304374,8.56,1.35,-1.27,8.92,1.31,-3.02,0.02,7.11,-4.53,1.57,0.981,0.863,8.198
208152,22.316778,87.304374,8.56,1.69,-1.10,8.38,-2.85,-1.07,0.79,-21.94,10.25,4.02,0.902,0.510,7.806
208253,22.316778,87.304374,8.56,1.26,-0.49,8.11,-3.32,-1.32,0.78,-4.61,-2.49,-0.08,0.863,0.628,8.238
208401,22.316778,87.304374,8.56,1.06,-0.89,7.44,-1.58,-0.08,1.65,11.76,8.41,5.88,1.726,0.863,8.002
208546,22.316778,87.304374,8.56,1.01,-0.80,6.50,-2.73,1.16,1.52,-7.95,8.53,-0.89,0.549,0.431,8.198
208750,22.316778,87.304374,8.56,0.94,-0.42,8.93,-3.85,-0.45,2.13,-5.46,-7.90,2.99,1.373,0.863,7.492
208954,22.316778,87.304374,8.56,1.36,-0.29,9.50,-3.22,-2.02,1.50,3.07,-7.71,-3.07,0.549,0.902,6.590
209144,22.316778,87.304374,8.56,1.34,0.07,8.44,2.25,-2.08,0.80,28.81,-0.28,-3.70,0.314,0.706,9.611
209245,22.316778,87.304374,8.56,0.80,0.42,7.23,8.98,-0.15,1.68,66.66,19.12,8.69,-0.118,0.824,9.414
209390,22.316778,87.304374,8.56,1.37,-1.46,7.16,-2.59,-1.36,1.55,-79.81,-8.37,-0.89,1.294,0.824,8.355
209539,22.316778,87.304374,8.56,0.94,-0.94,7.95,1.23,-0.85,1.58,25.62,3.38,0.20,1.648,0.392,8.865
209741,22.316778,87.304374,8.56,1.38,-0.73,8.08,1.76,-3.59,0.15,2.65,-13.53,-7.07,-0.157,1.216,8.551
209946,22.316778,87.304374,8.56,0.66,-0.79,10.97,-10.28,-3.88,2.87,-58.76,-1.42,13.26,0.588,1.648,9.493
210140,22.316778,87.304374,8.56,1.06,-0.63,6.54,3.61,-1.45,1.20,71.61,12.51,-8.62,2.001,1.334,9.611
210240,22.316778,87.304374,8.56,1.58,-1.07,8.09,-5.63,4.71,4.58,-92.37,61.60,33.82,0.392,0.275,8.355
210387,22.316778,87.304374,8.56,1.24,-0.52,7.39,1.43,1.76,1.15,47.98,-20.10,-23.37,-0.941,0.235,7.296
210536,22.316778,87.304374,8.56,1.26,-0.86,10.16,-4.07,-0.83,5.09,-36.89,-17.37,26.49,-0.118,0.353,7.571
210746,22.316778,87.304374,8.56,1.49,0.42,9.92,-5.04,-1.73,3.44,-4.62,-4.25,-7.89,-0.353,0.549,7.649
210950,22.316778,87.304374,8.56,1.81,-0.44,9.89,-6.50,-0.76,2.76,-7.18,4.75,-3.33,-0.471,0.510,8.081
211140,22.316778,87.304374,8.56,0.43,0.05,9.53,-1.40,-3.00,3.69,26.84,-11.81,4.94,0.353,0.785,8.238
211243,22.316778,87.304374,8.56,1.29,0.97,7.26,1.32,-1.71,3.71,26.46,12.53,0.15,-0.157,0.745,9.767
211387,22.316778,87.304374,8.56,1.32,1.43,7.37,3.49,0.02,3.92,15.06,12.03,1.43,-0.039,0.235,8.983
211531,22.316778,87.304374,8.56,0.77,0.62,9.76,-2.94,-1.69,4.07,-44.64,-11.87,1.06,0.039,0.431,9.375
211737,22.316778,87.304374,8.56,1.43,0.92,9.08,-0.91,-6.71,3.04,9.86,-24.38,-5.00,0.314,0.902,7.767
211942,22.316778,87.304374,8.56,0.90,0.37,8.07,2.31,-0.37,3.15,15.68,30.94,0.52,-0.039,1.334,9.532
212133,22.316778,87.304374,8.56,0.37,-0.15,8.39,2.03,-0.06,3.11,-1.44,1.60,-0.16,0.431,0.706,8.394
212235,22.316778,87.304374,8.56,0.72,-0.23,7.56,2.99,-4.30,2.59,9.43,-41.54,-5.16,-0.118,0.196,9.336
212381,22.316778,87.304374,8.56,1.60,0.10,6.58,1.49,-2.86,1.54,-10.30,9.83,-7.16,-0.157,1.059,7.139
212528,22.316778,87.304374,8.56,1.15,-0.05,9.00,2.20,1.08,2.47,4.83,26.85,6.34,0.157,0.549,10.866
212730,22.316778,87.304374,8.56,0.95,0.49,7.46,2.52,0.14,1.89,1.59,-4.69,-2.91,0.510,0.863,9.807
212930,22.316778,87.304374,8.56,1.25,-0.18,7.82,-0.54,-5.47,0.44,-15.31,-28.02,-7.21,-0.471,0.431,9.257
213124,22.316778,87.304374,8.56,1.12,-0.42,8.22,1.52,-2.64,0.31,10.62,14.56,-0.71,0.353,0.824,9.375
213225,22.316778,87.304374,8.56,1.31,0.34,8.46,-0.57,-4.35,0.25,-20.71,-16.93,-0.53,0.039,0.471,7.728
213373,22.316778,87.304374,8.56,1.20,-0.13,7.88,2.58,-1.31,0.42,21.30,20.53,1.13,0.235,0.902,7.885
213519,22.316778,87.304374,8.56,1.90,0.34,8.49,0.19,0.27,0.91,-16.37,10.88,3.35,-0.471,0.353,8.473
213723,22.316797,87.304580,5.83,0.91,-0.16,5.72,2.60,-5.13,0.56,11.82,-26.49,-1.68,0.078,0.706,8.394
213923,22.316797,87.304580,5.83,1.31,0.04,8.11,-0.05,-2.00,0.44,-13.24,15.65,-0.65,0.039,0.902,9.101
214116,22.316797,87.304580,5.83,1.03,-0.25,7.42,0.56,-0.01,0.28,3.12,10.32,-0.79,0.471,0.706,8.904
214215,22.316797,87.304580,5.83,1.05,-0.34,9.17,-1.97,-4.10,-0.32,-25.52,-41.33,-6.09,0.235,0.628,8.081
214366,22.316797,87.304580,5.83,1.28,0.12,7.65,-1.96,-3.34,-1.26,0.05,5.06,-6.22,0.902,0.941,9.140
214511,22.316797,87.304580,5.83,1.54,-0.04,7.26,1.04,-0.81,-1.01,20.69,17.43,1.74,0.785,0.902,8.865
214715,22.316797,87.304580,5.83,1.22,0.38,6.28,1.54,-2.67,-1.03,2.47,-9.13,-0.11,0.235,0.824,8.865
214906,22.316802,87.304603,9.52,0.94,-0.11,7.90,-5.80,-2.31,-0.81,-38.45,1.92,1.16,0.157,0.588,7.885
215097,22.316802,87.304603,9.52,1.60,-0.82,9.15,-1.30,1.44,-0.37,23.58,19.62,2.32,0.785,1.020,8.708
215205,22.316802,87.304603,9.52,1.62,-0.79,9.07,-3.56,2.02,-0.37,-20.99,5.30,-0.07,0.039,0.628,8.748
215346,22.316802,87.304603,9.52,0.91,0.08,6.42,-3.66,-1.09,0.16,-0.65,-22.03,3.79,1.334,0.863,9.767
215492,22.316802,87.304603,9.52,0.80,1.03,6.54,1.04,-1.29,-0.44,32.16,-1.36,-4.08,0.588,0.981,10.042
215694,22.316802,87.304603,9.52,1.21,0.56,7.04,-0.87,-2.67,-0.28,-9.45,-6.84,0.76,0.039,1.138,8.473
215883,22.316810,87.304641,11.69,1.13,1.07,5.69,1.05,-4.46,-0.05,10.18,-9.45,1.25,0.157,1.255,8.159
216075,22.316810,87.304641,11.69,1.31,0.84,8.46,7.27,-3.00,-0.21,32.40,7.59,-0.83,0.275,0.941,7.218
216201,22.316810,87.304641,11.69,0.52,0.31,8.59,-5.55,-3.66,0.68,-101.78,-5.21,7.03,-0.314,1.098,9.885
216339,22.316810,87.304641,11.69,2.00,0.32,7.67,3.73,-0.52,0.86,67.21,22.73,1.33,0.510,0.706,8.512
216485,22.316810,87.304641,11.69,1.53,0.76,7.01,1.03,-3.77,0.59,-18.46,-22.27,-1.88,0.235,0.745,8.512
216678,22.316810,87.304641,11.69,1.53,1.12,7.91,1.66,-2.40,0.78,3.28,7.12,0.99,-0.118,0.824,7.571
216877,22.316806,87.304664,10.61,0.30,1.03,7.67,-0.79,-5.37,1.08,-12.31,-14.96,1.50,-0.078,1.020,8.473
217069,22.316806,87.304664,10.61,0.72,0.76,7.29,0.86,-2.24,0.83,8.59,16.30,-1.27,-0.196,1.059,8.394
217205,22.316806,87.304664,10.61,0.85,0.42,7.27,-1.79,-2.33,1.64,-19.53,-0.62,5.95,-0.078,1.255,8.120
217333,22.316806,87.304664,10.61,1.13,0.06,7.47,-5.08,-0.23,1.30,-25.70,16.40,-2.68,0.471,0.706,8.944
217482,22.316806,87.304664,10.61,1.22,-0.34,6.86,-3.20,-0.41,1.05,12.65,-1.23,-1.64,0.667,0.628,9.336
217670,22.316806,87.304664,10.61,1.24,0.46,6.76,-1.82,-0.54,0.85,7.35,-0.69,-1.06,0.392,1.177,8.512
217875,22.316810,87.304710,14.54,1.33,-0.77,9.80,-5.33,-5.38,-0.10,-17.13,-23.61,-4.65,0.118,0.824,10.003
218068,22.316810,87.304710,14.54,1.01,0.10,8.74,-5.50,-1.14,1.44,-0.91,21.99,7.95,0.824,0.000,8.434
218209,22.316810,87.304710,14.54,1.15,-1.21,5.89,8.84,2.37,1.14,101.73,24.90,-2.11,0.353,1.294,7.414
218331,22.316810,87.304710,14.54,0.70,0.26,8.75,15.48,-0.95,0.73,54.44,-27.22,-3.32,0.314,0.628,10.944
218480,22.316810,87.304710,14.54,0.30,0.08,6.31,2.14,2.24,1.69,-89.55,21.42,6.46,0.039,0.785,9.140
218665,22.316810,87.304710,14.54,0.87,-0.77,4.71,9.12,-3.06,1.44,37.76,-28.68,-1.36,0.353,1.138,8.434
218873,22.316814,87.304748,14.37,1.16,-1.52,6.90,-5.98,-0.37,1.50,-72.59,12.96,0.26,-0.314,0.941,8.394
219065,22.316814,87.304748,14.37,0.83,-0.43,8.73,1.61,-3.01,1.50,39.52,-13.76,0.04,1.177,1.216,8.591
219209,22.316814,87.304748,14.37,1.24,-0.19,6.96,-4.81,0.47,1.79,-44.58,24.12,1.96,0.471,0.706,8.277
219329,22.316814,87.304748,14.37,0.93,0.67,8.32,-1.18,-4.21,1.18,30.28,-38.93,-5.03,0.628,0.902,9.689
219478,22.316814,87.304748,14.37,0.84,0.38,6.32,1.08,-4.02,0.79,15.16,1.28,-2.66,0.588,1.138,8.748
219661,22.316814,87.304748,14.37,0.50,0.24,9.33,-0.78,-0.45,2.11,-10.18,19.48,7.22,0.431,1.177,8.551
219869,22.316814,87.304794,14.93,1.37,-0.82,6.98,0.73,-3.12,1.36,7.23,-12.84,-3.60,0.000,0.549,8.591
220061,22.316814,87.304794,14.93,1.01,-0.08,8.51,-0.27,-1.93,1.69,-5.21,6.20,1.71,0.628,1.216,8.669
220208,22.316814,87.304794,14.93,0.94,-0.17,8.67,2.77,0.02,1.89,20.72,13.29,1.40,0.549,0.549,8.159
220321,22.316814,87.304794,14.93,0.75,0.44,7.79,3.06,-0.32,1.47,2.57,-3.04,-3.72,0.157,0.314,6.708
220467,22.316814,87.304794,14.93,0.69,0.21,9.98,-10.98,-2.25,1.89,-96.20,-13.23,2.82,1.020,0.941,8.708
220654,22.316814,87.304794,14.93,1.14,-0.96,6.75,-0.73,-1.85,0.69,54.82,2.16,-6.37,1.020,0.392,7.649
220861,22.316822,87.304832,11.02,1.73,-0.74,8.61,7.73,-2.72,0.37,40.90,-4.20,-1.55,0.824,1.294,7.885
221053,22.316822,87.304832,11.02,0.62,-1.34,5.76,7.47,-2.60,0.56,-1.39,0.64,0.95,0.275,0.785,7.375
221200,22.316822,87.304832,11.02,1.74,-1.08,11.03,-3.22,-3.74,0.60,-72.70,-7.79,0.31,0.588,1.687,9.846
221318,22.316822,87.304832,11.02,1.43,-0.95,7.44,11.37,-2.01,0.11,123.69,14.68,-4.20,0.353,0.706,8.512
221467,22.316822,87.304832,11.02,1.75,0.43,9.81,-19.58,2.84,2.26,-207.75,32.53,14.45,0.118,0.785,8.434
221654,22.316822,87.304832,11.02,1.46,-0.37,10.05,6.30,1.92,-0.41,138.38,-4.90,-14.29,1.294,1.491,8.394
221863,22.316829,87.304878,13.45,2.88,-0.33,7.53,3.98,-0.37,0.64,-11.07,-10.96,5.04,1.216,0.824,8.238
222056,22.316829,87.304878,13.45,0.12,-0.36,5.47,3.36,-9.11,1.05,-3.24,-45.33,2.10,0.157,1.020,8.944
222204,22.316829,87.304878,13.45,2.01,-0.28,8.04,-0.02,-0.53,0.67,-22.80,58.03,-2.53,0.667,0.824,7.257
222321,22.316829,87.304878,13.45,1.30,-0.91,8.71,-3.35,-3.07,0.95,-28.51,-21.73,2.41,0.785,0.824,9.101
222472,22.316829,87.304878,13.45,1.02,0.21,8.57,-4.11,-0.24,0.99,-5.06,18.70,0.25,0.941,1.216,8.394
222655,22.316829,87.304878,13.45,1.37,0.78,7.79,-2.21,-1.42,1.70,10.43,-6.42,3.88,0.471,1.255,9.101
222863,22.316835,87.304916,10.91,1.80,-1.16,7.66,-8.27,-2.29,1.08,-29.14,-4.18,-3.01,0.275,-0.039,8.120
223055,22.316835,87.304916,10.91,1.93,-0.43,8.95,0.18,-2.64,0.70,43.97,-1.83,-1.95,0.118,1.373,9.650
223203,22.316835,87.304916,10.91,2.04,0.48,7.54,-1.95,-1.44,0.88,-14.34,8.10,1.19,0.196,0.706,7.885
223318,22.316835,87.304916,10.91,1.22,-1.13,8.60,-5.24,2.25,2.14,-28.61,32.13,10.95,0.157,1.216,7.845
223466,22.316835,87.304916,10.91,0.86,0.40,8.39,-2.51,-1.99,1.08,18.41,-28.68,-7.17,0.706,1.294,9.964
223652,22.316835,87.304916,10.91,1.47,-0.94,6.59,5.01,-1.15,1.48,40.43,4.51,2.18,0.667,1.059,8.316
223859,22.316843,87.304962,15.78,1.62,0.36,6.73,-1.68,0.65,1.21,-32.30,8.70,-1.33,0.745,0.902,9.297
224050,22.316843,87.304962,15.78,1.47,0.85,8.64,-4.30,-0.25,1.63,-13.71,-4.72,2.20,0.314,0.863,7.061
224197,22.316843,87.304962,15.78,1.98,0.54,9.94,-8.92,-3.15,0.43,-31.42,-19.68,-8.15,0.667,1.020,9.924
224315,22.316843,87.304962,15.78,1.18,0.12,7.26,-8.31,-2.83,0.38,5.18,2.65,-0.39,0.628,1.020,8.826
224460,22.316843,87.304962,15.78,1.09,0.55,5.97,1.18,-1.12,0.15,65.39,11.79,-1.63,0.863,0.392,9.964
224641,22.316843,87.304962,15.78,0.77,0.00,6.71,-5.40,-5.76,0.62,-36.35,-25.60,2.61,0.510,0.706,8.355
224848,22.316843,87.304962,15.78,1.77,-0.75,5.25,16.21,-3.06,-0.50,104.40,13.02,-5.38,0.510,0.863,8.473
225042,22.316843,87.304962,15.78,0.66,-0.66,7.35,-1.35,-1.56,0.89,-90.50,7.71,7.12,0.157,1.334,9.022
225195,22.316843,87.304962,15.78,0.29,0.51,8.10,-9.87,-0.05,1.21,-55.68,9.88,2.15,1.059,0.824,9.022
225303,22.316843,87.304962,15.78,1.19,-0.07,8.09,2.37,-3.02,-0.38,113.37,-27.42,-14.77,0.902,0.981,7.767
225455,22.316843,87.304962,15.78,0.80,-0.29,7.18,-5.06,3.31,0.47,-48.92,41.63,5.62,1.255,0.941,10.199
225603,22.316843,87.304962,15.78,2.13,-0.48,7.19,1.42,-1.76,0.18,43.79,-34.30,-1.96,0.706,1.491,8.434
225811,22.316843,87.304962,15.78,1.49,-0.49,9.39,-2.07,-1.24,-0.08,-16.77,2.50,-1.28,0.157,0.549,8.120
226002,22.316843,87.304962,15.78,1.30,-0.05,7.75,-4.01,1.56,0.69,-10.15,14.71,4.08,1.138,0.510,9.493
226195,22.316843,87.304962,15.78,1.18,0.41,7.64,-8.08,-2.17,2.41,-21.12,-19.34,8.90,0.353,0.510,9.807
226295,22.316843,87.304962,15.78,0.28,-0.87,7.32,7.62,-0.47,2.41,157.02,16.95,0.00,0.196,0.471,8.551
226443,22.316843,87.304962,15.78,1.53,-0.73,9.44,-4.86,-0.95,2.02,-84.33,-3.25,-2.63,0.941,0.000,9.767
226592,22.316843,87.304962,15.78,1.05,0.22,7.51,-0.76,-1.74,2.65,27.51,-5.28,4.20,0.941,0.549,7.845
226797,22.316843,87.304962,15.78,1.24,0.17,7.98,-0.34,-3.92,1.76,2.05,-10.65,-4.32,0.706,0.745,7.532
226989,22.316843,87.304962,15.78,0.64,-0.72,9.96,-2.31,-2.30,1.12,-10.22,8.47,-3.34,0.628,1.294,9.336
227176,22.316843,87.304962,15.78,0.71,-0.34,8.71,-2.20,-2.53,1.53,0.57,-1.27,2.20,0.588,0.471,8.355
227269,22.316843,87.304962,15.78,0.37,-0.29,8.03,3.18,0.15,0.74,57.87,28.89,-8.54,0.314,0.981,7.649
227416,22.316843,87.304962,15.78,1.18,0.84,7.66,1.77,-1.51,1.16,-9.61,-11.32,2.86,0.235,1.216,10.787
227564,22.316843,87.304962,15.78,0.97,0.74,7.94,1.74,-3.56,1.27,-0.21,-13.82,0.77,-0.157,1.334,9.964
227770,22.316843,87.304962,15.78,1.19,-0.71,9.11,-4.85,-5.24,1.14,-31.98,-8.15,-0.67,0.353,1.334,6.080
227977,22.316865,87.305137,15.78,1.32,-0.15,9.39,-10.97,1.21,1.55,-29.58,31.16,1.99,0.039,1.451,11.533
228171,22.316865,87.305137,15.78,0.99,-0.70,8.74,6.77,-0.98,1.29,91.45,-11.29,-1.34,0.745,0.196,9.885
228271,22.316865,87.305137,15.78,1.14,-2.59,10.97,-3.79,-0.52,1.50,-105.65,4.58,2.06,0.392,0.745,6.355
228420,22.316865,87.305137,15.78,0.96,-0.42,8.11,5.34,-0.60,0.34,61.32,-0.56,-7.74,0.157,0.196,9.571
228568,22.316865,87.305137,15.78,1.72,-0.19,7.02,5.60,0.43,0.38,1.70,6.96,0.26,0.549,1.138,8.669
228770,22.316865,87.305137,15.78,0.46,0.04,8.53,-0.66,1.29,0.13,-30.95,4.27,-1.25,0.667,0.431,10.238
228977,22.316873,87.305183,15.78,1.44,1.09,8.65,3.29,0.61,0.11,19.07,-3.28,-0.07,0.039,0.549,7.178
229167,22.316873,87.305183,15.78,0.66,0.65,7.49,-10.68,-2.92,0.74,-73.52,-18.60,3.29,0.392,0.431,9.532
229268,22.316873,87.305183,15.78,0.49,0.90,6.01,1.99,-0.41,0.15,125.46,24.87,-5.90,0.628,1.098,9.571
229415,22.316873,87.305183,15.78,0.62,-0.51,4.07,3.35,3.57,0.80,9.24,27.11,4.47,-0.039,0.941,10.317
229563,22.316873,87.305183,15.78,1.14,-1.25,10.17,2.41,-5.06,0.13,-6.34,-58.34,-4.54,-0.314,0.588,7.492
229772,22.316873,87.305183,15.78,2.24,-1.21,7.76,1.52,-2.63,1.08,-4.27,11.61,4.57,0.431,0.785,7.845
229978,22.316879,87.305229,15.78,0.17,1.40,9.70,-7.28,-2.69,1.27,-42.73,-0.30,0.89,0.706,0.706,7.924
230169,22.316879,87.305229,15.78,2.14,-1.31,6.77,-11.50,-1.31,2.40,-22.06,7.23,5.95,-0.941,1.530,7.453
230270,22.316879,87.305229,15.78,1.41,-0.27,8.17,-1.54,-2.61,1.44,98.56,-12.85,-9.52,0.706,0.196,11.533
230421,22.316879,87.305229,15.78,0.86,-0.30,7.38,2.89,1.00,1.87,29.37,23.91,2.83,0.824,0.353,7.649
230566,22.316879,87.305229,15.78,0.34,-0.75,10.49,-1.62,-4.44,2.15,-31.11,-37.54,1.90,-0.314,-0.667,9.179
230777,22.316879,87.305229,15.78,2.02,-1.09,7.84,2.57,2.18,2.58,19.86,31.37,2.06,1.373,0.510,7.885
230983,22.316883,87.305274,15.78,0.50,0.80,10.84,-14.29,-4.87,3.40,-81.86,-34.20,4.00,1.726,0.471,8.826
231175,22.316883,87.305274,15.78,1.17,-0.42,7.23,-4.21,-2.47,2.66,52.52,12.48,-3.90,1.569,1.334,8.865
231270,22.316883,87.305274,15.78,0.93,0.15,10.15,-5.41,-5.47,1.66,-12.70,-31.58,-10.53,-0.314,1.098,6.276
231422,22.316883,87.305274,15.78,1.34,-1.60,12.71,7.52,-4.27,1.50,85.07,7.93,-1.00,0.667,0.235,5.766
231571,22.316883,87.305274,15.78,0.92,-2.01,8.61,5.91,1.93,0.11,-10.81,41.60,-9.32,2.628,0.863,11.768
231776,22.316883,87.305274,15.78,2.23,-0.82,5.50,9.86,-8.28,0.24,19.29,-49.82,0.60,3.217,-0.118,6.865
231968,22.316883,87.305274,15.78,2.12,-0.63,6.39,2.47,-0.77,1.05,-38.53,39.12,4.21,0.588,0.745,11.415
232163,22.316883,87.305274,15.78,1.08,-1.31,7.78,9.05,3.56,-0.33,33.78,22.20,-7.05,-0.745,1.098,6.865
232263,22.316883,87.305274,15.78,1.49,0.06,9.43,3.85,-0.55,-0.11,-52.06,-41.07,2.14,2.628,0.118,6.394
232412,22.316883,87.305274,15.78,2.00,1.20,7.46,2.31,-4.53,-2.76,-10.35,-26.69,-17.78,0.549,-0.196,7.453
232563,22.316883,87.305274,15.78,1.61,-0.66,5.08,12.21,6.30,-0.86,65.62,71.68,12.59,0.235,1.412,9.571
232771,22.316883,87.305274,15.78,1.68,0.08,11.93,-17.64,0.53,-0.69,-143.53,-27.75,0.81,0.863,-0.196,6.237
232979,22.316884,87.305358,15.78,2.01,-2.38,9.53,-2.85,-1.44,-1.26,71.12,-9.43,-2.72,0.863,0.902,12.317
233172,22.316884,87.305358,15.78,1.53,-0.39,10.61,-16.52,-9.40,-2.50,-70.84,-41.29,-6.41,1.020,-0.353,6.943
233274,22.316884,87.305358,15.78,2.79,-1.41,10.27,-8.16,-4.38,-0.31,81.95,49.24,21.40,0.196,0.196,4.511
233424,22.316884,87.305358,15.78,2.28,-0.17,12.46,-14.70,-0.24,1.75,-43.61,27.63,13.74,-0.510,0.706,2.432
233578,22.316884,87.305358,15.78,1.58,-2.01,13.29,-4.57,4.39,3.44,65.78,30.04,11.00,-0.510,0.275,5.609
233786,22.316884,87.305358,15.78,-0.49,-0.17,8.90,-2.31,-5.40,1.80,10.86,-47.05,-7.89,0.863,1.020,11.690
233979,22.316884,87.305358,15.78,-0.41,-0.50,10.15,-3.27,2.63,0.95,-4.94,41.57,-4.39,0.235,0.706,8.159
234171,22.316884,87.305358,15.78,1.91,-0.47,8.24,-9.45,-2.70,0.63,-32.20,-27.75,-1.67,0.235,0.078,10.120
234270,22.316884,87.305358,15.78,0.62,-1.11,5.02,-1.20,3.73,1.56,83.35,65.00,9.41,0.745,1.569,10.277
234418,22.316884,87.305358,15.78,0.62,0.44,6.97,0.49,-5.66,1.06,11.40,-63.44,-3.40,1.412,1.294,10.395
234566,22.316884,87.305358,15.78,1.11,-0.06,4.26,3.63,2.12,0.45,21.25,52.56,-4.13,1.216,1.255,8.787
234771,22.316884,87.305358,15.78,1.03,-1.20,9.43,-7.92,0.43,1.60,-56.38,-8.27,5.62,-0.981,1.020,9.689
234976,22.316888,87.305442,15.78,1.91,-0.22,6.35,1.61,-4.05,1.11,46.51,-21.86,-2.38,-0.314,0.157,6.551
235169,22.316888,87.305442,15.78,1.69,-0.31,8.55,1.54,-4.53,0.51,-0.36,-2.49,-3.12,0.353,0.039,6.904
235265,22.316888,87.305442,15.78,0.77,0.01,8.14,-7.42,-0.69,1.09,-93.35,40.00,6.04,1.373,1.883,8.983
235412,22.316888,87.305442,15.78,3.01,2.17,6.86,1.87,0.85,-0.27,63.20,10.49,-9.24,-0.314,0.549,8.904
235559,22.316888,87.305442,15.78,1.47,-1.71,9.60,-11.16,-7.84,-0.05,-88.64,-59.10,1.45,0.902,0.863,6.982
235770,22.316888,87.305442,15.78,0.93,-1.88,7.99,-1.18,-4.31,0.79,47.28,16.75,4.02,0.039,1.687,8.434
235976,22.316892,87.305473,15.78,1.58,1.24,9.24,-15.69,-3.53,1.08,-70.41,3.78,1.37,1.491,0.981,12.788
236170,22.316892,87.305473,15.78,1.27,-1.17,4.52,7.66,2.92,1.47,120.33,33.25,2.01,0.510,1.294,7.453
236268,22.316892,87.305473,15.78,0.53,-0.14,5.50,9.93,9.94,0.49,23.21,71.58,-9.97,1.648,1.883,17.142
236416,22.316892,87.305473,15.78,0.75,1.07,7.24,-15.85,-5.53,1.98,-174.23,-104.50,10.11,1.765,2.354,12.121
236569,22.316892,87.305473,15.78,-0.75,0.11,4.88,-5.23,-8.53,-0.44,69.45,-19.61,-15.82,0.941,1.373,7.532
236779,22.316892,87.305473,15.78,2.49,-0.48,9.00,-9.83,0.96,1.60,-21.92,45.18,9.67,0.039,1.726,4.315
236972,22.316892,87.305473,15.78,1.01,-0.54,8.61,-0.81,-6.69,0.64,46.75,-39.67,-4.94,3.256,0.941,14.828
237164,22.316892,87.305473,15.78,1.31,-1.42,3.03,6.66,-11.46,-0.03,38.92,-24.81,-3.50,1.059,-0.628,3.217
237268,22.316892,87.305473,15.78,0.57,-0.10,5.39,4.85,-0.71,0.92,-17.47,103.35,9.17,1.687,1.098,7.375
237416,22.316892,87.305473,15.78,0.79,-2.33,8.83,7.37,-4.12,-0.12,17.02,-23.06,-7.07,0.549,1.491,8.434
237566,22.316892,87.305473,15.78,1.20,-0.99,7.59,-2.47,-1.63,1.79,-65.60,16.64,12.72,0.549,0.745,9.807
237774,22.316892,87.305473,15.78,1.52,0.44,7.39,4.73,-0.75,0.85,34.64,4.22,-4.48,0.588,0.235,9.257
237979,22.316898,87.305557,15.78,2.02,-1.18,8.62,11.87,0.33,1.41,34.82,5.25,2.72,1.412,0.824,5.296
238172,22.316898,87.305557,15.78,0.90,-0.48,9.20,-10.53,0.31,1.37,-116.05,-0.12,-0.24,0.078,0.510,7.296
238274,22.316898,87.305557,15.78,0.32,-0.02,7.50,-13.18,-0.71,1.53,-25.97,-9.95,1.65,1.648,1.059,10.630
238425,22.316898,87.305557,15.78,-0.23,-0.27,6.03,3.34,0.44,0.80,109.40,7.58,-4.85,1.216,1.059,8.944
238572,22.316898,87.305557,15.78,0.93,0.08,6.63,-1.92,-5.31,0.96,-35.83,-39.05,1.09,-0.353,1.569,7.532
238780,22.316898,87.305557,15.78,1.40,-0.66,11.16,-6.89,6.42,1.51,-23.85,56.37,2.64,1.255,-0.039,12.906
238973,22.316898,87.305557,15.78,1.12,-0.41,9.83,-1.44,-8.08,0.38,28.20,-75.15,-5.85,-1.216,0.157,5.492
239166,22.316898,87.305557,15.78,2.65,-1.19,8.68,-2.65,-5.52,-2.76,-6.25,13.29,-16.30,0.745,-0.392,8.473
239270,22.316898,87.305557,15.78,0.74,-0.04,11.03,-1.28,-10.01,-1.36,13.14,-43.16,13.51,0.706,0.863,6.865
239422,22.316898,87.305557,15.78,2.06,-0.16,7.97,-4.62,-9.37,-0.83,-21.95,4.17,3.47,2.157,0.785,8.277
239571,22.316898,87.305557,15.78,1.29,-1.12,7.21,-5.62,0.31,-1.02,-6.71,64.96,-1.28,-0.510,0.588,8.669
239779,22.316898,87.305557,15.78,-0.12,-0.55,7.47,-3.76,7.48,0.92,8.95,34.50,9.32,0.275,-0.039,3.883
239971,22.316898,87.305557,15.78,0.34,-0.12,7.70,9.79,5.71,0.34,70.57,-9.22,-2.98,1.491,1.059,10.317
240163,22.316898,87.305557,15.78,-1.04,-0.30,10.21,-11.58,-8.79,0.02,-111.32,-75.54,-1.67,-0.392,1.334,7.492
240271,22.316898,87.305557,15.78,0.36,-1.32,8.50,9.29,-11.07,-1.28,193.24,-21.06,-12.09,1.608,1.804,8.081
240423,22.316898,87.305557,15.78,1.31,-1.76,10.62,-20.65,0.00,2.64,-196.97,72.82,25.81,-0.706,0.981,1.687
240576,22.316898,87.305557,15.78,-0.58,1.39,10.99,9.00,8.47,1.24,193.78,55.33,-9.18,-1.687,1.334,3.491
240785,22.316898,87.305557,15.78,1.60,-2.17,11.68,0.00,-2.20,-1.06,-43.06,-51.02,-10.99,1.138,1.491,9.297
240978,22.316898,87.305557,15.78,1.14,-0.45,4.83,7.50,-10.58,-1.31,38.84,-43.43,-1.31,0.549,1.098,8.591
241172,22.316898,87.305557,15.78,1.37,1.22,9.02,3.77,3.42,-1.31,-19.20,72.16,0.04,0.549,0.314,8.198
241270,22.316898,87.305557,15.78,2.50,-0.67,9.29,6.72,-1.92,-1.13,30.07,-54.53,1.79,1.804,1.177,8.198
241419,22.316898,87.305557,15.78,1.07,-0.25,6.38,1.33,3.49,0.28,-36.17,36.32,9.48,-0.902,-0.157,5.766
241567,22.316898,87.305557,15.78,2.04,-0.55,13.10,-4.18,-0.69,-0.32,-37.24,-28.21,-4.07,-0.471,0.118,4.590
241780,22.316898,87.305557,15.78,0.37,0.28,11.64,-5.37,4.54,0.26,-5.55,24.55,2.72,0.902,0.745,7.532
241973,22.316898,87.305557,15.78,0.04,-1.08,7.70,3.20,-1.81,-0.60,44.38,-32.91,-4.47,0.510,0.314,7.532
242165,22.316898,87.305557,15.78,-0.17,0.82,6.29,-4.50,-4.49,2.31,-40.08,-13.96,15.19,0.471,0.275,9.022
242268,22.316898,87.305557,15.78,2.01,-0.08,8.97,-7.73,-0.89,2.17,-31.42,34.91,-1.41,1.294,-0.471,8.630
242418,22.316898,87.305557,15.78,-0.42,-0.43,10.17,-0.44,-7.05,2.31,48.65,-41.07,0.97,0.196,0.941,10.356
242570,22.316898,87.305557,15.78,1.10,-2.15,10.26,-1.99,-2.06,2.83,-10.25,32.84,3.42,-0.392,0.353,4.158
242779,22.316898,87.305557,15.78,1.99,-1.89,8.74,5.89,3.82,1.76,37.73,28.12,-5.15,-0.706,0.196,5.806
242971,22.316898,87.305557,15.78,0.57,-1.86,12.09,11.80,-5.66,3.03,30.77,-49.34,6.64,1.294,1.020,9.493
243165,22.316898,87.305557,15.78,0.57,0.42,8.65,3.02,-2.60,1.82,-45.25,15.74,-6.26,1.687,0.196,7.649
243264,22.316898,87.305557,15.78,0.15,-0.69,6.64,6.13,-2.56,3.43,31.38,0.46,16.27,1.020,0.039,5.531
243410,22.316898,87.305557,15.78,0.17,-1.25,13.50,-9.26,-6.55,0.74,-105.41,-27.34,-18.40,-1.648,1.098,5.139
243565,22.316898,87.305557,15.78,2.12,-1.76,11.74,9.92,1.52,2.34,123.76,52.06,10.34,0.510,-0.628,6.747
243773,22.316898,87.305557,15.78,2.64,-1.12,11.13,-2.21,-4.82,0.13,-58.35,-30.50,-10.64,0.118,0.353,6.904
243968,22.316898,87.305557,15.78,2.56,-1.83,10.87,4.80,-1.24,-1.85,35.98,18.40,-10.14,0.941,0.549,7.571
244161,22.316898,87.305557,15.78,1.88,0.07,6.44,-5.34,-3.11,0.26,-52.53,-9.73,10.92,1.098,0.275,7.296
244261,22.316898,87.305557,15.78,2.06,-0.68,9.77,6.05,-2.08,0.69,113.82,10.31,4.27,0.353,-0.118,8.983
244410,22.316898,87.305557,15.78,1.89,0.30,8.76,7.11,0.78,0.63,7.12,19.21,-0.36,-0.039,1.451,9.807
244555,22.316898,87.305557,15.78,0.60,0.31,11.22,2.60,-0.66,0.98,-31.11,-9.90,2.37,0.667,1.412,9.611
244762,22.316898,87.305557,15.78,0.90,-0.47,6.67,5.58,-4.60,0.05,14.42,-19.03,-4.50,0.157,1.177,7.414
244969,22.316940,87.305793,15.78,1.38,-0.05,9.05,-11.13,2.15,-0.24,-80.72,32.60,-1.36,-0.157,1.138,10.513
245163,22.316940,87.305793,15.78,1.60,-0.04,8.00,3.11,0.48,1.00,73.38,-8.62,6.37,1.255,0.902,7.649
245261,22.316940,87.305793,15.78,1.45,0.02,7.66,18.08,-1.93,0.18,152.75,-24.61,-8.33,-0.039,0.471,10.513
245411,22.316940,87.305793,15.78,0.07,-0.92,9.02,-13.11,-5.00,1.96,-207.89,-20.46,11.86,0.157,1.491,9.767
245565,22.316940,87.305793,15.78,1.85,-0.63,6.84,9.58,0.33,0.73,147.32,34.60,-8.03,0.706,0.431,8.669
245771,22.316940,87.305793,15.78,1.60,-0.73,10.70,-2.79,-6.35,-0.09,-60.03,-32.42,-3.97,-0.785,-0.235,9.022
245978,22.316944,87.305831,15.78,0.80,-1.86,6.26,-2.18,8.40,1.01,2.91,71.25,5.31,-0.039,1.020,6.315
246168,22.316944,87.305831,15.78,0.58,0.15,6.05,-7.34,-0.96,0.69,-27.16,-49.26,-1.69,-0.745,0.981,8.944
246272,22.316944,87.305831,15.78,2.22,-0.93,6.89,3.11,2.07,2.47,100.56,29.14,17.10,0.510,0.981,10.944
246419,22.316944,87.305831,15.78,0.15,-0.22,8.70,-4.69,-2.32,0.62,-53.07,-29.86,-12.57,0.745,0.824,9.179
246572,22.316944,87.305831,15.78,0.23,0.58,10.14,2.78,-4.20,1.28,48.80,-12.27,4.34,-0.157,1.844,9.689
246778,22.316944,87.305831,15.78,1.87,-0.32,6.67,-5.57,-1.21,0.28,-40.54,14.49,-4.85,0.549,0.510,10.356
246972,22.316944,87.305831,15.78,0.25,-0.02,6.48,-2.37,-3.77,-0.02,16.53,-13.18,-1.53,0.863,1.844,9.924
247164,22.316944,87.305831,15.78,0.97,0.90,6.33,1.56,-2.22,1.00,20.44,8.07,5.29,-0.196,1.138,8.355
247262,22.316944,87.305831,15.78,1.45,-0.49,10.43,1.40,-3.81,1.12,-1.64,-16.20,1.25,0.118,1.059,9.179
247409,22.316944,87.305831,15.78,1.40,-0.96,6.96,2.67,-1.11,1.34,8.67,18.33,1.51,1.451,1.216,9.375
247556,22.316944,87.305831,15.78,1.86,0.34,8.67,2.12,-1.51,1.17,-3.74,-2.70,-1.19,0.785,1.177,8.394
247760,22.316944,87.305831,15.78,1.21,-0.29,7.45,3.24,-4.37,1.37,5.50,-13.99,1.01,0.628,0.824,7.571
247966,22.316955,87.305915,15.78,1.47,0.09,8.18,-5.07,-5.31,1.61,-40.35,-4.56,1.15,0.471,0.471,9.532
248158,22.316955,87.305915,15.78,1.27,-0.81,8.06,3.31,-0.09,1.33,43.65,27.15,-1.47,0.785,1.255,8.551
248259,22.316955,87.305915,15.78,1.13,-0.15,6.82,-0.19,1.24,1.31,-34.69,13.15,-0.23,0.706,1.020,8.238
248408,22.316955,87.305915,15.78,1.09,-0.32,7.58,-0.24,-2.26,0.97,-0.31,-23.46,-2.25,0.863,0.824,8.316
248557,22.316955,87.305915,15.78,1.86,0.40,7.96,-0.76,-2.43,1.00,-3.54,-1.13,0.20,0.471,1.138,8.904
248762,22.316955,87.305915,15.78,1.18,-0.10,6.56,-1.26,0.44,1.02,-2.42,13.96,0.07,1.138,0.471,11.297
248969,22.316963,87.305953,15.78,0.38,0.01,7.19,-1.22,2.27,1.38,0.18,8.89,1.77,0.314,0.863,8.512
249159,22.316963,87.305953,15.78,0.80,-0.39,10.46,0.50,-0.09,0.80,9.08,-12.45,-3.05,0.157,0.785,8.355
249260,22.316963,87.305953,15.78,0.92,0.11,8.41,0.52,-2.99,0.56,0.15,-28.72,-2.42,0.314,1.020,7.806
249406,22.316963,87.305953,15.78,0.57,-0.93,7.66,6.34,1.12,0.70,39.89,28.18,0.99,-0.118,0.745,6.551
249552,22.316963,87.305953,15.78,1.30,-0.62,10.57,-10.74,-1.43,1.35,-117.01,-17.46,4.44,0.628,0.078,9.179
249763,22.316963,87.305953,15.78,1.58,-0.29,8.33,-1.79,-0.06,1.66,42.40,6.48,1.45,0.471,1.412,9.257
249969,22.316965,87.305984,15.78,1.28,0.09,6.06,5.66,-7.08,0.73,36.17,-34.05,-4.52,0.667,1.373,10.317
250162,22.316965,87.305984,15.78,1.69,-0.46,9.00,-3.93,0.77,1.01,-49.68,40.66,1.46,-0.706,1.177,9.218
250262,22.316965,87.305984,15.78,2.68,-0.26,9.27,-6.57,0.23,2.51,-26.41,-5.42,15.04,1.216,0.667,8.630
250411,22.316965,87.305984,15.78,1.27,0.17,8.66,-0.93,-4.83,0.24,37.86,-33.97,-15.27,0.863,1.098,8.826
250560,22.316965,87.305984,15.78,1.08,0.96,6.56,6.07,-0.98,1.56,46.98,25.87,8.91,0.824,1.294,10.120
250766,22.316965,87.305984,15.78,0.44,0.26,9.11,-12.15,-2.34,0.46,-88.42,-6.63,-5.37,-0.275,0.078,9.061
250972,22.316976,87.306030,15.78,1.60,-0.76,9.65,5.31,-1.12,0.89,84.75,5.93,2.11,0.902,0.981,8.551
251162,22.316976,87.306030,15.78,0.56,0.82,6.19,1.45,2.37,1.63,-20.33,18.36,3.86,0.039,0.981,6.590
251259,22.316976,87.306030,15.78,1.40,-1.37,11.45,-2.48,-1.84,1.76,-40.53,-43.36,1.34,0.431,1.059,5.570
251410,22.316976,87.306030,15.78,0.06,0.54,10.02,-6.49,-6.27,0.81,-26.54,-29.32,-6.27,0.118,0.863,7.610
251561,22.316976,87.306030,15.78,1.28,1.25,8.63,3.53,-1.14,1.52,66.38,33.97,4.70,0.275,0.981,7.414
251765,22.316976,87.306030,15.78,1.65,-1.06,9.89,2.06,-2.44,1.26,-7.22,-6.40,-1.27,0.392,0.863,6.041
251970,22.316989,87.306060,15.78,1.06,-1.14,7.20,7.77,0.76,1.96,27.85,15.60,3.43,1.098,1.608,7.139
252162,22.316989,87.306060,15.78,0.30,-0.66,8.26,2.51,-4.71,0.86,-27.39,-28.47,-5.73,0.471,1.216,8.551
252263,22.316989,87.306060,15.78,0.76,-0.78,8.18,-7.61,-1.13,1.06,-100.22,35.45,1.97,1.491,1.687,7.610
252412,22.316989,87.306060,15.78,1.00,0.40,9.16,0.82,-3.79,-0.25,56.61,-17.88,-8.81,0.667,0.628,8.159
252561,22.316989,87.306060,15.78,1.54,0.16,8.62,1.28,-2.55,0.23,3.07,8.35,3.23,0.392,1.177,9.140
252764,22.316989,87.306060,15.78,1.87,0.38,7.99,-7.18,-2.89,0.32,-41.67,-1.65,0.45,1.059,0.549,9.728
252968,22.316997,87.306114,15.78,1.21,-0.28,8.87,1.03,-0.90,0.72,40.23,9.73,1.95,0.196,1.216,7.924
253159,22.316997,87.306114,15.78,0.70,0.45,5.67,-3.21,-2.82,0.62,-22.22,-10.03,-0.52,0.588,0.941,9.571
253261,22.316997,87.306114,15.78,0.60,0.04,6.64,-0.63,3.23,1.13,25.37,59.27,5.01,0.431,1.138,10.513
253407,22.316997,87.306114,15.78,0.83,0.85,8.11,-6.63,-1.21,1.10,-41.10,-30.43,-0.21,0.510,0.392,9.454
253557,22.316997,87.306114,15.78,1.08,0.87,6.71,-1.92,-0.76,0.43,31.40,3.05,-4.48,-0.118,1.098,9.532
253763,22.316997,87.306114,15.78,0.36,-1.56,10.73,-10.18,2.90,1.45,-40.13,17.75,4.97,0.706,0.471,12.043
253971,22.317005,87.306159,15.78,1.54,0.60,7.74,-0.26,-1.82,0.72,47.71,-22.68,-3.52,-0.196,1.216,9.571
254163,22.317005,87.306159,15.78,0.58,0.00,9.00,-2.42,-2.64,0.64,-11.25,-4.29,-0.40,-0.275,0.392,6.708
254265,22.317005,87.306159,15.78,0.23,-1.22,9.39,5.33,0.15,0.83,75.96,27.39,1.87,0.000,1.373,10.081
254411,22.317005,87.306159,15.78,0.41,0.77,10.41,18.23,-2.31,-0.56,88.36,-16.89,-9.57,-0.078,0.235,7.375
254563,22.317005,87.306159,15.78,1.95,2.19,8.70,-5.79,-2.44,0.33,-158.00,-0.80,5.88,0.235,1.098,6.786
254769,22.317005,87.306159,15.78,1.63,1.26,8.88,-9.36,-1.78,1.18,-17.34,3.19,4.11,-0.235,1.059,10.748
254962,22.317005,87.306159,15.78,1.42,-1.28,5.61,3.78,-3.69,-0.30,68.07,-9.89,-7.63,0.118,1.020,9.454
255155,22.317005,87.306159,15.78,1.00,0.92,9.30,-4.31,-5.54,-0.44,-41.89,-9.61,-0.75,1.844,0.706,10.591
255257,22.317005,87.306159,15.78,1.48,0.19,8.35,3.37,-4.24,-0.85,75.29,12.80,-4.04,0.275,0.745,6.041
255405,22.317005,87.306159,15.78,2.08,-0.27,9.39,-1.66,-0.85,0.34,-34.04,22.85,8.10,-0.118,0.667,11.062
255555,22.317005,87.306159,15.78,1.63,0.48,6.01,3.08,-0.19,-0.20,31.65,4.43,-3.61,0.863,0.981,10.709
255761,22.317005,87.306159,15.78,0.67,0.12,8.14,-1.75,-1.34,-0.66,-23.46,-5.60,-2.26,-0.118,0.902,6.002
255966,22.317007,87.306251,15.78,1.40,-0.01,5.30,-0.08,-4.59,-0.58,8.15,-15.83,0.41,0.235,1.255,9.061
256157,22.317007,87.306251,15.78,1.53,-0.80,5.65,9.24,-4.67,0.36,48.76,-0.44,4.92,1.255,1.020,11.493
256257,22.317007,87.306251,15.78,1.88,0.54,6.51,11.89,-0.18,1.24,26.49,44.96,8.78,-0.235,0.981,8.983
256404,22.317007,87.306251,15.78,1.57,1.16,7.05,3.76,-1.06,1.25,-55.25,-6.02,0.10,-0.078,1.098,10.277
256552,22.317007,87.306251,15.78,1.62,-0.02,7.29,2.24,-0.29,2.11,-10.26,5.21,5.78,-0.471,1.648,8.238
256759,22.317007,87.306251,15.78,1.15,-0.46,9.69,-8.34,-0.45,1.95,-51.15,-0.77,-0.74,0.314,1.294,10.081
256966,22.317012,87.306297,15.78,2.09,-0.94,9.36,-5.66,-3.24,1.18,12.94,-13.46,-3.76,0.706,1.177,8.551
257159,22.317012,87.306297,15.78,1.30,-1.18,7.64,6.26,-0.27,1.71,61.78,15.39,2.77,-0.196,1.334,7.414
257258,22.317012,87.306297,15.78,1.08,0.72,8.27,1.55,-3.69,1.55,-47.57,-34.62,-1.62,1.098,1.059,10.081
257408,22.317012,87.306297,15.78,0.96,-0.43,7.11,-0.94,-1.11,1.28,-16.59,17.25,-1.78,1.216,0.000,8.316
257557,22.317012,87.306297,15.78,1.99,-0.80,4.63,4.04,2.01,1.39,33.40,20.90,0.72,1.765,1.687,8.434
257762,22.317012,87.306297,15.78,1.10,0.50,7.97,0.37,-0.21,1.04,-17.87,-10.84,-1.71,0.275,1.373,8.316
257968,22.317020,87.306335,15.78,0.31,1.40,8.38,-1.79,-0.80,1.42,-10.49,-2.85,1.85,0.157,0.981,8.904
258159,22.317020,87.306335,15.78,1.22,-1.11,7.54,14.46,0.39,0.44,85.05,6.23,-5.16,0.471,0.471,7.375
258257,22.317020,87.306335,15.78,1.31,-0.92,9.44,2.55,-4.22,0.72,-121.51,-47.05,2.88,0.745,0.981,8.865
258407,22.317020,87.306335,15.78,1.15,0.68,5.65,-1.12,-0.12,0.79,-24.48,27.33,0.51,0.471,0.628,8.081
258554,22.317020,87.306335,15.78,0.71,-0.47,8.73,6.07,-2.63,1.07,48.92,-17.08,1.87,0.706,0.863,9.022
258760,22.317020,87.306335,15.78,1.36,-0.73,5.51,5.26,-0.82,1.50,-3.93,8.82,2.11,1.020,0.981,7.688
258965,22.317022,87.306381,15.78,0.99,-0.56,8.54,-1.38,1.47,1.62,-32.40,11.13,0.56,0.275,0.706,7.218
259158,22.317022,87.306381,15.78,1.31,-0.29,8.10,-4.67,-0.84,2.00,-17.05,-11.94,1.98,0.981,1.059,9.218
259259,22.317022,87.306381,15.78,1.19,-0.31,9.48,-1.05,-3.02,1.24,35.82,-21.54,-7.56,0.824,0.863,8.434
259408,22.317022,87.306381,15.78,1.08,-0.83,7.89,5.48,-1.73,0.84,43.85,8.66,-2.66,0.039,0.863,8.512
259555,22.317022,87.306381,15.78,1.10,-0.29,10.92,-2.19,-1.84,1.15,-52.19,-0.78,2.13,0.549,0.628,7.845
259763,22.317022,87.306381,15.78,1.40,-0.79,7.34,6.98,-2.76,1.16,44.11,-4.44,0.04,0.510,0.981,8.944
259968,22.317028,87.306419,15.78,1.33,-0.52,7.81,0.71,0.49,1.12,-30.61,15.86,-0.19,0.588,0.039,8.669
260160,22.317028,87.306419,15.78,1.22,-0.49,9.21,-4.33,-3.31,0.73,-26.24,-19.76,-2.07,0.510,0.941,8.904
260263,22.317028,87.306419,15.78,1.09,-0.40,8.60,-4.76,-2.03,1.05,-4.15,12.38,3.11,0.706,1.020,7.532
260410,22.317028,87.306419,15.78,0.76,-0.21,8.45,0.40,-0.60,0.91,35.05,9.76,-0.93,0.863,0.981,8.865
260557,22.317028,87.306419,15.78,1.25,0.05,7.76,4.42,-1.09,0.86,27.37,-3.38,-0.31,0.824,0.941,8.512
260761,22.317028,87.306419,15.78,0.78,-0.35,7.13,-1.36,-3.56,0.74,-28.33,-12.09,-0.60,0.588,1.216,9.297
260967,22.317037,87.306457,15.78,1.21,-0.26,7.77,0.70,-1.69,0.47,10.01,9.04,-1.30,0.431,0.745,7.296
261158,22.317037,87.306457,15.78,0.93,-0.72,10.30,1.31,-0.32,1.45,3.20,7.19,5.12,0.902,1.020,7.335
261256,22.317037,87.306457,15.78,1.45,0.66,6.86,3.61,-0.60,0.23,23.45,-2.88,-12.46,-0.196,0.588,7.178
261404,22.317037,87.306457,15.78,1.45,0.00,9.70,-5.73,-1.76,1.61,-63.08,-7.84,9.34,0.785,0.824,7.688
261552,22.317037,87.306457,15.78,1.26,0.11,9.45,-1.43,-1.02,0.79,29.04,5.00,-5.52,-0.471,0.431,6.472
261758,22.317037,87.306457,15.78,1.37,-0.77,7.13,-4.17,-1.80,1.60,-13.30,-3.78,3.89,2.040,1.020,10.827
261965,22.317045,87.306503,15.78,1.14,0.13,6.91,1.82,-1.17,1.35,28.95,3.06,-1.18,1.098,1.059,8.316
262157,22.317045,87.306503,15.78,1.11,0.68,9.46,-1.56,0.11,2.00,-17.61,6.68,3.38,0.196,0.981,7.963
262254,22.317045,87.306503,15.78,1.05,-0.53,8.35,-1.15,0.69,1.99,4.17,5.90,-0.08,0.235,0.471,8.394
262400,22.317045,87.306503,15.78,0.69,-0.21,9.27,3.52,-0.58,1.59,32.00,-8.68,-2.77,0.157,1.138,9.218
262547,22.317045,87.306503,15.78,0.75,-0.62,8.27,5.43,-1.88,1.38,12.98,-8.83,-1.40,0.628,0.785,8.238
262753,22.317045,87.306503,15.78,1.21,0.17,7.98,1.16,-1.11,0.94,-20.71,3.74,-2.15,0.902,0.706,7.492
262958,22.317049,87.306549,15.78,0.99,-0.51,8.97,-4.46,-1.68,0.57,-27.41,-2.79,-1.79,0.667,0.275,6.786
263150,22.317049,87.306549,15.78,1.50,-0.45,9.66,-4.40,-2.52,0.60,0.32,-4.37,0.12,0.196,0.471,8.944
263249,22.317049,87.306549,15.78,0.97,-0.04,7.65,2.61,-1.52,0.89,70.78,10.10,2.93,0.078,0.628,8.277
263396,22.317049,87.306549,15.78,1.04,-0.15,8.37,-0.47,-2.90,1.13,-20.98,-9.40,1.66,1.020,0.628,8.826
263544,22.317049,87.306549,15.78,1.29,0.29,7.98,6.61,1.75,1.24,47.86,31.41,0.77,-0.745,0.549,7.845
263749,22.317049,87.306549,15.78,1.23,-1.08,8.70,-0.60,1.84,2.00,-35.19,0.45,3.69,0.667,0.314,7.375
263954,22.317049,87.306549,15.78,1.03,-0.37,6.83,2.12,-3.08,1.02,13.29,-24.02,-4.80,0.510,1.177,9.532
264145,22.317049,87.306549,15.78,1.09,-0.17,9.08,2.37,-1.47,2.22,1.32,8.43,6.31,1.216,0.118,8.198
264245,22.317049,87.306549,15.78,1.15,-0.52,7.08,3.31,-0.44,2.19,9.39,10.38,-0.31,0.902,0.353,8.159
264390,22.317049,87.306549,15.78,0.92,-0.75,9.70,-6.66,-1.73,2.40,-68.75,-8.90,1.47,0.785,0.235,8.081
264539,22.317049,87.306549,15.78,0.84,-0.58,7.53,4.63,-1.23,1.92,75.72,3.33,-3.28,0.471,0.431,8.512
264744,22.317049,87.306549,15.78,1.41,-0.48,9.70,-5.31,-1.21,2.87,-48.45,0.11,4.65,1.059,0.588,8.708
264950,22.317049,87.306549,15.78,0.89,-0.52,9.13,-1.07,-2.44,2.75,20.57,-6.00,-0.59,0.981,0.353,8.708
265142,22.317049,87.306549,15.78,0.77,-0.65,8.49,-1.92,-2.63,3.25,-4.45,-0.95,2.62,0.902,0.431,8.551
265243,22.317049,87.306549,15.78,0.55,-1.05,8.33,-0.15,-3.85,2.66,17.53,-12.17,-5.90,0.392,0.549,7.806
265393,22.317049,87.306549,15.78,0.93,-0.63,8.58,-1.40,-3.97,3.23,-8.30,-0.76,3.82,0.510,0.588,8.551
265540,22.317049,87.306549,15.78,0.67,-0.36,8.01,3.02,-3.02,3.79,30.02,6.44,3.79,0.549,0.314,8.041
265744,22.317049,87.306549,15.78,1.00,-0.60,9.23,-2.11,-2.95,3.67,-25.15,0.34,-0.56,0.471,1.020,8.551
265949,22.317049,87.306549,15.78,1.24,-0.65,7.60,-1.05,-1.26,3.51,5.21,8.27,-0.78,1.020,0.353,7.492
266140,22.317049,87.306549,15.78,1.17,-0.54,9.12,-7.02,-2.73,3.83,-31.29,-7.67,1.68,0.196,0.510,7.728
266244,22.317049,87.306549,15.78,1.12,-0.73,8.34,-5.49,-4.63,3.93,14.75,-18.35,0.95,1.648,0.628,8.904
266391,22.317049,87.306549,15.78,0.96,-0.51,7.84,5.95,-1.43,3.51,77.79,21.81,-2.86,0.628,0.785,8.394
266540,22.317049,87.306549,15.78,1.08,-0.55,8.91,3.18,-3.35,3.47,-18.55,-12.91,-0.31,0.392,0.510,7.571
266747,22.317049,87.306549,15.78,0.84,-0.55,7.97,-0.33,-2.88,3.69,-16.96,2.29,1.11,0.392,1.098,9.532
266953,22.317049,87.306549,15.78,1.28,-0.69,7.80,0.43,-2.12,3.41,3.67,3.67,-1.37,0.392,0.628,6.472
267145,22.317049,87.306549,15.78,1.31,-0.31,9.18,-2.75,-1.47,3.77,-16.54,3.38,1.87,0.392,0.824,8.394
267244,22.317049,87.306549,15.78,1.16,-0.25,9.19,-7.13,-2.30,3.89,-44.26,-8.33,1.16,0.510,0.549,7.806
267393,22.317049,87.306549,15.78,0.89,-0.62,9.46,-0.70,-2.50,3.30,43.14,-1.33,-3.94,0.039,0.706,7.924
267541,22.317049,87.306549,15.78,1.49,0.32,8.44,2.78,-2.63,3.24,23.52,-0.93,-0.36,0.157,0.745,7.963
267746,22.317049,87.306549,15.78,0.96,0.20,7.72,0.28,-2.27,3.20,-12.18,1.75,-0.22,0.628,1.138,9.297
267951,22.317049,87.306549,15.78,1.14,-1.18,7.45,2.76,-1.66,3.13,12.10,2.98,-0.34,0.863,0.981,8.904
268142,22.317049,87.306549,15.78,0.83,0.33,7.50,0.84,-1.06,3.11,-10.07,3.16,-0.12,0.667,0.667,9.885
268240,22.317049,87.306549,15.78,0.43,-0.90,8.18,3.23,-2.39,3.46,24.38,-13.55,3.58,0.706,0.706,8.904
268388,22.317049,87.306549,15.78,1.25,0.02,8.16,-2.14,-2.31,3.33,-36.26,0.52,-0.88,0.902,0.510,8.316
268535,22.317049,87.306549,15.78,1.00,0.13,8.13,4.04,-0.51,2.98,42.01,12.26,-2.39,0.235,0.981,9.807
268741,22.317049,87.306549,15.78,0.63,-0.45,6.82,-3.94,-2.03,3.51,-38.72,-7.37,2.59,0.039,0.706,8.355
268947,22.317049,87.306549,15.78,1.23,0.14,8.92,-2.95,-0.33,2.98,4.78,8.26,-2.59,0.785,0.902,8.904
269138,22.317049,87.306549,15.78,0.81,-0.70,8.78,1.98,-2.95,3.24,25.86,-13.75,1.36,0.549,0.471,7.924
269238,22.317049,87.306549,15.78,1.73,-0.35,9.29,-0.31,0.01,3.63,-22.90,29.62,3.97,0.235,0.353,8.041
269385,22.317049,87.306549,15.78,0.79,-0.02,8.96,-0.27,-4.95,3.39,0.26,-33.70,-1.66,-0.196,0.549,6.590
269535,22.317049,87.306549,15.78,1.44,-0.51,9.57,-8.75,0.31,4.43,-56.54,35.01,6.92,1.059,0.314,9.493
269742,22.317049,87.306549,15.78,0.53,-0.31,7.42,2.11,-2.69,4.38,52.44,-14.49,-0.22,0.981,1.059,9.846
269947,22.317049,87.306549,15.78,1.01,-0.58,8.00,2.43,-0.85,3.89,1.56,9.01,-2.42,0.314,0.863,9.964
270137,22.317049,87.306549,15.78,0.64,-0.58,6.48,4.61,-2.53,3.73,11.49,-8.84,-0.80,0.510,0.667,8.434
270238,22.317049,87.306549,15.78,1.02,-0.42,7.92,0.09,-0.40,4.17,-44.74,21.09,4.31,0.235,0.549,7.649
270385,22.317049,87.306549,15.78,1.17,-0.04,8.72,-2.70,-3.44,3.54,-19.01,-20.72,-4.26,0.196,0.667,7.885
270536,22.317049,87.306549,15.78,1.32,-0.55,9.18,-0.75,-1.02,3.60,12.94,16.08,0.35,0.392,0.902,8.316
270742,22.317049,87.306549,15.78,1.11,-0.79,8.53,-0.46,0.02,3.43,1.41,5.04,-0.82,0.157,0.706,7.845
270947,22.317049,87.306549,15.78,0.88,0.05,9.25,-5.52,-1.27,4.30,-24.69,-6.29,4.25,0.785,0.196,7.885
271138,22.317049,87.306549,15.78,0.89,-0.55,8.57,-2.11,-1.93,4.31,17.83,-3.48,0.04,0.667,1.020,8.983
271238,22.317049,87.306549,15.78,1.01,0.42,7.47,2.87,0.28,3.51,49.85,22.14,-7.94,0.628,0.902,8.904
271383,22.317049,87.306549,15.78,0.96,-0.13,7.65,3.27,-3.37,2.98,2.74,-25.16,-3.63,0.588,0.471,8.551
271531,22.317049,87.306549,15.78,1.26,0.40,7.76,2.68,0.94,3.71,-3.97,29.09,4.90,1.059,1.138,9.650
271733,22.317049,87.306549,15.78,0.89,-0.21,7.12,2.80,-1.49,3.31,0.60,-12.02,-1.97,0.902,0.510,9.924
271938,22.317049,87.306549,15.78,1.31,-0.30,7.25,-0.21,-1.34,2.32,-14.71,0.71,-4.84,0.667,0.667,9.022
272131,22.317049,87.306549,15.78,0.58,-0.21,7.69,2.11,-2.92,1.59,12.02,-8.19,-3.80,0.549,0.588,8.277
272232,22.317049,87.306549,15.78,1.67,-0.94,8.83,-1.17,-0.27,2.41,-32.42,26.23,8.16,0.549,0.157,7.688
272380,22.317049,87.306549,15.78,1.20,-0.71,7.98,2.71,-1.92,1.86,26.20,-11.14,-3.71,0.549,0.510,7.845
272529,22.317049,87.306549,15.78,0.76,-0.32,8.84,-1.79,-1.14,2.82,-30.18,5.28,6.40,0.941,0.628,6.786
272735,22.317049,87.306549,15.78,0.49,-0.84,8.12,4.18,-1.04,1.98,28.94,0.48,-4.08,0.902,0.706,9.414
272940,22.317049,87.306549,15.78,0.97,-0.22,7.75,0.79,0.31,2.60,-16.53,6.55,3.02,1.412,0.667,9.532
273131,22.317049,87.306549,15.78,0.64,-0.16,6.78,-3.44,-2.92,1.43,-22.14,-16.87,-6.11,1.687,0.863,9.532
273236,22.317049,87.306549,15.78,1.04,-0.61,8.33,-3.77,-0.90,1.68,-3.13,19.19,2.40,1.216,0.785,7.532
273384,22.317049,87.306549,15.78,1.14,-0.53,6.89,1.72,-2.37,0.31,37.08,-9.90,-9.23,1.648,0.431,9.140
273531,22.317049,87.306549,15.78,1.08,-0.90,7.92,1.01,-4.59,-0.15,-4.83,-15.11,-3.17,1.020,0.588,7.571
273740,22.317049,87.306549,15.78,1.01,-1.29,9.23,1.87,-1.01,0.53,4.13,17.13,3.25,0.981,0.510,7.375
273945,22.317049,87.306549,15.78,1.14,-0.57,7.45,0.56,-1.79,-0.18,-6.40,-3.84,-3.43,1.177,0.785,8.669
274137,22.317049,87.306549,15.78,0.77,-0.39,8.44,-1.08,-2.86,-0.56,-8.51,-5.57,-1.99,1.255,0.628,8.591
274241,22.317049,87.306549,15.78,0.98,-0.72,7.24,0.68,-0.44,0.22,16.88,23.27,7.49,1.098,0.902,8.904
274387,22.317049,87.306549,15.78,1.35,-0.24,8.42,-1.03,-1.44,-0.24,-11.71,-6.85,-3.19,1.138,0.706,8.708
274538,22.317049,87.306549,15.78,0.94,-0.25,8.34,0.66,-1.44,-0.53,11.22,0.00,-1.92,0.863,0.667,8.198
274744,22.317049,87.306549,15.78,0.98,-0.76,7.66,-3.62,-3.00,-0.42,-20.79,-7.56,0.56,0.431,0.941,8.865
274949,22.317049,87.306549,15.78,1.07,-0.60,6.85,0.24,-2.45,-0.92,18.84,2.68,-2.42,0.706,0.706,8.669
275140,22.317049,87.306549,15.78,1.09,-0.68,7.93,-0.10,-1.61,-2.08,-1.80,4.40,-6.07,1.020,0.981,8.159
275243,22.317049,87.306549,15.78,1.47,-0.52,7.78,-0.32,0.54,-2.82,-2.15,20.90,-7.19,0.824,0.941,8.434
275391,22.317049,87.306549,15.78,1.09,-0.19,8.51,-0.55,-0.81,-4.08,-1.55,-9.13,-8.51,0.941,0.824,9.807
275540,22.317049,87.306549,15.78,1.30,-0.21,6.84,2.02,-2.82,-5.64,17.21,-13.53,-10.50,1.491,1.373,8.983
275750,22.317049,87.306549,15.78,1.61,-0.44,8.26,2.05,-2.61,-7.65,0.15,1.02,-9.56,0.706,1.608,8.355
275955,22.317049,87.306549,15.78,1.15,0.06,8.28,1.97,-2.73,-7.68,-0.37,-0.56,-0.15,0.235,1.138,7.375
276146,22.317049,87.306549,15.78,1.62,-0.42,8.78,-2.21,-1.16,-8.42,-21.86,8.19,-3.88,0.941,1.844,9.257
276250,22.317049,87.306549,15.78,1.33,0.17,7.17,-1.24,-2.65,-8.95,9.32,-14.31,-5.14,0.510,1.687,9.022
276398,22.317049,87.306549,15.78,1.53,-0.07,8.89,-2.44,-1.18,-9.61,-8.15,9.95,-4.44,0.431,1.059,7.571
276547,22.317049,87.306549,15.78,1.88,-0.77,9.06,-0.84,-2.90,-10.73,10.76,-11.58,-7.48,0.275,1.451,7.649
276757,22.317049,87.306549,15.78,1.54,-0.20,8.32,-2.06,-1.08,-11.61,-5.82,8.69,-4.22,0.275,1.765,8.316
276963,22.317247,87.307182,15.78,1.82,-0.16,8.69,-2.65,-2.49,-11.92,-2.85,-6.86,-1.48,0.471,1.883,8.434
277155,22.317247,87.307182,15.78,1.88,0.10,7.80,-0.69,0.03,-12.54,10.22,13.12,-3.26,0.118,1.804,7.885
277256,22.317247,87.307182,15.78,1.96,-0.03,7.57,1.27,0.24,-12.80,19.35,2.12,-2.57,0.275,1.922,8.904
277403,22.317247,87.307182,15.78,1.31,0.16,7.36,2.58,-2.59,-13.24,8.93,-19.27,-3.01,0.667,1.491,9.022
277552,22.317247,87.307182,15.78,2.02,0.46,7.71,-0.21,-1.76,-14.54,-18.75,5.58,-8.71,0.431,1.922,9.061
277760,22.317247,87.307182,15.78,2.04,0.01,8.63,-2.13,-2.50,-15.25,-9.21,-3.56,-3.41,0.275,1.648,7.414
277950,22.317247,87.307182,15.78,2.07,-0.09,8.00,-3.03,-0.13,-15.62,-4.74,12.45,-1.93,0.392,1.765,7.885
278142,22.317247,87.307182,15.78,2.14,0.49,8.41,-2.97,-0.02,-16.08,0.32,0.60,-2.43,0.314,1.608,9.493
278245,22.317247,87.307182,15.78,1.76,-0.98,8.54,-4.96,-2.26,-16.49,-19.34,-21.79,-3.93,0.196,1.687,8.002
278396,22.317247,87.307182,15.78,2.15,-0.32,7.72,-3.01,0.20,-15.79,12.94,16.28,4.60,0.588,2.001,8.198
278546,22.317247,87.307182,15.78,1.84,-0.32,8.42,-2.10,2.24,-15.79,6.06,13.59,0.05,-0.157,1.687,6.708
278752,22.317247,87.307182,15.78,1.88,-0.83,9.74,-2.21,-2.62,-15.42,-0.56,-23.57,1.78,-0.078,1.334,7.806
278960,22.317253,87.307243,15.78,2.61,-0.74,7.88,0.73,-0.68,-14.55,14.17,9.32,4.18,0.392,1.569,9.140
279152,22.317253,87.307243,15.78,1.82,0.07,7.62,-0.10,-2.98,-12.99,-4.33,-11.97,8.11,0.471,1.059,8.748
279255,22.317253,87.307243,15.78,1.90,0.06,6.74,-2.23,-0.65,-11.29,-20.68,22.60,16.53,0.471,1.451,8.630
279404,22.317253,87.307243,15.78,1.78,0.05,8.30,-0.99,2.19,-8.92,8.30,19.06,15.93,0.667,0.902,8.669
279552,22.317253,87.307243,15.78,0.81,0.03,8.11,-3.27,-6.24,-7.89,-15.37,-56.99,6.96,0.392,1.177,8.708
279759,22.317253,87.307243,15.78,1.55,-0.22,7.15,-0.61,0.50,-4.51,12.83,32.56,16.30,0.667,1.216,8.120
279966,22.317241,87.307281,15.78,1.68,-0.32,9.28,-0.46,0.18,-3.13,0.74,-1.55,6.67,0.471,0.785,9.728
280158,22.317241,87.307281,15.78,1.01,0.12,6.83,-3.05,-2.95,-1.11,-13.48,-16.26,10.54,-0.392,0.628,7.335
280261,22.317241,87.307281,15.78,1.36,0.30,7.78,-1.19,-0.20,-0.43,18.01,26.68,6.60,-0.196,0.824,9.767
280410,22.317241,87.307281,15.78,0.99,-0.50,8.21,-1.05,-2.08,1.04,0.92,-12.65,9.84,0.196,0.785,8.904
280557,22.317241,87.307281,15.78,1.15,0.00,7.40,5.18,1.56,2.05,42.37,24.82,6.85,0.471,0.628,8.512
280759,22.317241,87.307281,15.78,0.43,0.33,8.27,4.40,-2.21,2.35,-3.82,-18.67,1.51,0.353,0.824,8.120
280951,22.317241,87.307281,15.78,0.68,0.30,8.52,3.08,0.74,4.86,-6.92,15.35,13.08,-0.078,-0.157,7.963
281143,22.317241,87.307281,15.78,0.18,-0.42,6.71,-2.00,-4.06,4.78,-26.44,-25.01,-0.44,0.902,0.471,8.826
281245,22.317241,87.307281,15.78,0.61,-0.21,9.08,3.23,-4.50,5.08,51.26,-4.27,2.92,0.628,0.078,7.571
281392,22.317241,87.307281,15.78,0.72,-0.95,8.90,0.21,-6.38,5.40,-20.51,-12.83,2.18,0.667,-0.353,7.492
281541,22.317241,87.307281,15.78,0.54,-0.52,8.44,0.33,-2.93,6.11,0.77,23.16,4.76,0.902,0.549,8.669
281746,22.317241,87.307281,15.78,0.57,0.11,8.39,2.86,-3.61,8.94,12.36,-3.31,13.81,0.863,0.118,7.845
281952,22.317241,87.307281,15.78,1.05,0.14,7.68,-1.18,-0.57,10.33,-19.64,14.75,6.74,1.373,0.392,10.317
282145,22.317241,87.307281,15.78,-0.21,0.13,8.21,-0.16,-0.40,10.80,5.30,0.91,2.45,0.863,0.235,9.767
282247,22.317241,87.307281,15.78,0.12,-0.45,7.82,2.04,-5.63,9.58,21.55,-51.34,-11.97,0.392,-0.471,6.904
282396,22.317241,87.307281,15.78,0.73,-0.67,9.52,0.77,-1.81,11.02,-8.50,25.67,9.68,0.824,-0.314,9.846
282546,22.317241,87.307281,15.78,0.32,-0.49,7.93,-3.30,0.64,13.14,-27.12,16.34,14.10,0.118,-0.392,8.238
282755,22.317241,87.307281,15.78,-0.15,0.15,8.30,-0.40,-5.96,12.51,13.84,-31.59,-2.99,0.157,-0.078,8.394
282962,22.317190,87.307388,15.78,0.99,-0.29,9.42,1.95,-2.05,12.71,11.40,18.88,0.96,0.785,-0.235,9.611
283156,22.317190,87.307388,15.78,0.28,0.91,8.65,-0.18,-4.58,12.52,-11.02,-13.02,-0.98,-0.118,-0.118,8.198
283260,22.317190,87.307388,15.78,0.28,0.49,8.02,3.37,-3.63,12.74,34.13,9.17,2.13,0.235,0.353,7.924
283406,22.317190,87.307388,15.78,0.41,-0.03,8.78,4.61,-3.92,12.50,8.52,-2.04,-1.67,0.000,0.000,8.865
283553,22.317190,87.307388,15.78,0.78,-0.48,7.53,4.04,1.31,12.93,-3.89,35.57,2.96,0.510,0.000,9.101
283759,22.317190,87.307388,15.78,0.29,0.36,8.36,1.41,1.01,13.52,-12.75,-1.45,2.85,0.549,-0.118,9.101
283965,22.317174,87.307411,15.78,0.74,-0.78,7.23,-0.73,-0.72,12.37,-10.41,-8.37,-5.60,0.275,-0.039,7.885
284156,22.317174,87.307411,15.78,0.51,-0.75,8.35,-3.32,-0.61,11.05,-13.55,0.56,-6.87,0.431,0.353,8.944
284259,22.317174,87.307411,15.78,0.97,-0.02,7.96,1.07,-1.13,9.24,42.61,-5.04,-17.56,0.667,0.510,9.179
284406,22.317174,87.307411,15.78,0.68,0.63,7.30,2.51,-0.41,8.52,9.81,4.88,-4.93,0.510,0.706,9.571
284552,22.317174,87.307411,15.78,0.52,-0.17,7.80,0.21,-1.69,7.70,-15.74,-8.78,-5.59,0.196,0.235,8.159
284758,22.317174,87.307411,15.78,0.09,0.75,7.59,0.37,-0.46,6.27,0.78,6.00,-6.93,0.549,0.981,9.140
284961,22.317171,87.307434,15.78,0.27,0.38,8.18,4.97,0.52,6.27,22.64,4.81,-0.04,0.510,0.706,7.375
285153,22.317171,87.307434,15.78,1.17,-0.00,9.18,-4.44,-2.09,4.18,-48.98,-13.60,-10.89,0.588,0.706,9.022
285257,22.317171,87.307434,15.78,0.99,-0.27,8.97,-6.24,-0.24,4.80,-17.40,17.76,6.02,0.863,0.549,7.728
285405,22.317171,87.307434,15.78,1.02,-1.26,9.86,-6.78,-2.82,3.82,-3.61,-17.38,-6.60,0.863,0.863,8.316
285555,22.317171,87.307434,15.78,0.62,0.04,6.43,13.85,-0.49,1.44,137.51,15.52,-15.93,0.706,0.941,10.081
285764,22.317171,87.307434,15.78,0.79,0.34,5.01,-1.72,-1.58,1.08,-74.47,-5.22,-1.72,0.824,1.491,13.141
285971,22.317171,87.307434,15.78,1.24,0.23,6.56,-2.69,0.81,1.14,-4.68,11.54,0.30,0.628,1.059,9.140
286162,22.317171,87.307434,15.78,0.46,0.54,8.37,-3.24,-1.49,-0.85,-2.88,-12.03,-10.43,0.471,0.745,9.650
286268,22.317171,87.307434,15.78,0.84,-0.12,7.30,-1.55,-2.99,-1.07,15.92,-14.19,-2.02,0.275,1.491,8.944
286417,22.317171,87.307434,15.78,1.67,-0.11,8.39,-1.09,-2.79,-1.54,3.07,1.33,-3.18,0.902,1.020,6.276
286566,22.317171,87.307434,15.78,1.49,-1.56,9.70,-4.64,1.25,-0.71,-23.82,27.15,5.58,1.216,1.255,8.983
286772,22.317171,87.307434,15.78,1.27,-0.62,7.38,4.29,1.02,-1.34,43.36,-1.15,-3.04,-0.235,0.706,7.767
286963,22.317171,87.307434,15.78,1.96,0.25,9.66,-9.30,0.77,-1.79,-71.14,-1.28,-2.40,0.667,0.431,10.317
287156,22.317171,87.307434,15.78,1.14,-0.29,7.21,0.10,-3.08,-0.93,48.69,-19.93,4.47,-0.471,0.314,7.178
287257,22.317171,87.307434,15.78,1.33,-0.38,7.65,4.53,-0.58,-0.86,43.84,24.71,0.68,0.667,0.196,7.688
287405,22.317171,87.307434,15.78,1.02,0.38,6.82,9.08,-0.76,-0.74,30.74,-1.19,0.83,1.020,0.353,9.964
287551,22.317171,87.307434,15.78,0.85,0.92,8.24,3.44,-3.22,-0.15,-38.64,-16.89,4.08,0.353,0.078,7.532
287757,22.317171,87.307434,15.78,0.80,-0.22,7.17,-0.31,-2.15,0.95,-18.16,5.22,5.30,0.863,1.373,11.062
287950,22.317171,87.307434,15.78,1.08,-0.47,7.23,7.50,-1.18,1.27,40.42,5.02,1.70,0.000,0.549,7.178
288142,22.317171,87.307434,15.78,1.03,0.48,10.64,-16.34,-5.31,1.49,-124.13,-21.51,1.11,0.981,0.431,10.905
288248,22.317171,87.307434,15.78,1.06,-0.06,5.85,14.28,-2.22,1.40,288.85,29.09,-0.79,1.255,1.020,7.806
288397,22.317171,87.307434,15.78,0.74,0.80,10.33,-6.85,-1.52,3.63,-141.81,4.71,14.96,-0.275,0.392,6.786
288548,22.317171,87.307434,15.78,1.28,-0.83,10.19,-6.05,3.21,3.88,5.31,31.34,1.62,0.353,0.863,7.649
288752,22.317171,87.307434,15.78,1.16,-0.39,9.43,1.90,-3.09,2.11,38.95,-30.91,-8.68,1.098,1.255,8.041
288958,22.317186,87.307617,15.78,0.93,0.94,9.09,-7.02,-2.38,1.69,-43.28,3.45,-2.04,0.902,0.588,7.885
289149,22.317186,87.307617,15.78,0.85,0.23,7.90,-4.53,-2.17,2.15,12.99,1.12,2.44,1.216,1.373,9.257
289247,22.317186,87.307617,15.78,1.03,0.30,7.05,-0.52,-6.61,0.79,40.97,-45.33,-13.87,0.275,0.902,8.630
289396,22.317186,87.307617,15.78,1.90,-1.29,10.48,-3.12,-0.40,1.77,-17.47,41.65,6.56,-0.078,0.353,6.825
289547,22.317186,87.307617,15.78,1.47,0.00,10.47,-7.15,-6.54,1.79,-26.64,-40.65,0.15,0.431,0.941,7.610
289756,22.317186,87.307617,15.78,1.43,-0.40,8.48,-3.67,1.33,2.02,16.62,37.66,1.06,0.196,0.628,8.081
289961,22.317195,87.307678,15.78,0.79,-0.65,11.13,1.12,1.26,0.83,23.38,-0.34,-5.77,0.863,0.941,7.335
290153,22.317195,87.307678,15.78,1.39,0.17,9.07,-7.15,-2.08,0.67,-43.06,-17.41,-0.83,0.157,0.628,9.846
290249,22.317195,87.307678,15.78,1.01,-1.03,7.13,-8.59,-2.20,1.50,-15.03,-1.19,8.67,0.981,0.981,8.983
290398,22.317195,87.307678,15.78,1.52,0.19,6.53,-7.30,2.85,1.02,8.66,33.86,-3.23,1.020,1.098,8.551
290543,22.317195,87.307678,15.78,1.26,0.46,7.15,7.73,0.11,0.09,103.66,-18.90,-6.42,0.706,0.392,6.865
290750,22.317195,87.307678,15.78,1.72,-0.15,8.03,6.35,-2.04,-0.76,-6.67,-10.36,-4.09,0.745,0.510,6.472
290956,22.317205,87.307731,15.78,1.80,-0.40,8.45,-2.12,-0.76,-0.24,-41.13,6.23,2.48,0.510,0.745,7.688
291147,22.317205,87.307731,15.78,1.02,-0.05,9.46,-2.01,0.92,0.21,0.60,8.79,2.36,0.235,1.098,8.787
291244,22.317205,87.307731,15.78,0.89,0.00,8.33,2.74,0.33,-0.46,48.95,-6.14,-6.85,0.667,0.941,9.375
291389,22.317205,87.307731,15.78,0.87,-0.33,5.75,3.98,-1.76,-0.20,8.58,-14.42,1.79,0.392,1.216,10.081
291538,22.317205,87.307731,15.78,1.42,-0.22,7.23,1.83,-0.15,0.37,-14.45,10.86,3.84,0.549,0.667,7.296
291744,22.317205,87.307731,15.78,0.80,0.61,8.43,2.53,-2.73,0.58,3.41,-12.56,1.00,0.353,0.745,6.237
291949,22.317220,87.307777,15.78,1.64,-0.91,8.45,0.21,-2.33,1.06,-11.32,1.97,2.35,0.745,0.824,9.101
292141,22.317220,87.307777,15.78,1.33,-0.46,8.37,-1.73,-0.68,1.82,-10.10,8.59,3.98,0.314,0.981,8.944
292240,22.317220,87.307777,15.78,1.64,-0.32,7.70,-0.49,-3.56,1.35,12.49,-29.15,-4.78,0.706,0.510,9.218
292389,22.317220,87.307777,15.78,1.06,-0.60,7.16,11.29,0.85,0.75,79.05,29.61,-4.05,0.471,1.255,7.453
292537,22.317220,87.307777,15.78,1.37,-0.09,9.35,-9.03,-2.08,2.16,-137.30,-19.75,9.54,1.334,0.667,8.120
292746,22.317220,87.307777,15.78,0.81,0.04,7.10,3.54,-3.76,0.91,60.16,-8.07,-5.99,0.628,1.138,8.355
292952,22.317230,87.307838,15.78,1.22,0.17,8.23,5.44,-1.65,1.14,9.23,10.26,1.11,0.392,0.706,7.767
293143,22.317230,87.307838,15.78,1.26,-0.14,10.26,-0.37,-4.66,0.14,-30.45,-15.75,-5.24,0.314,0.628,8.591
293246,22.317230,87.307838,15.78,0.59,-0.44,8.10,1.45,-0.33,1.52,17.71,42.02,13.41,0.275,1.334,9.179
293394,22.317230,87.307838,15.78,1.30,-1.08,7.04,4.11,0.08,0.54,18.00,2.79,-6.60,0.667,0.549,8.944
293539,22.317230,87.307838,15.78,1.20,-1.35,9.27,4.29,-0.18,0.27,1.21,-1.79,-1.84,0.902,0.431,7.767
293745,22.317230,87.307838,15.78,1.37,-1.37,7.22,3.87,-4.06,0.95,-2.04,-18.86,3.30,0.235,0.981,7.453
293951,22.317239,87.307891,15.78,1.52,-0.28,8.47,-0.68,-0.95,1.30,-22.09,15.08,1.67,0.078,1.098,8.591
294144,22.317239,87.307891,15.78,0.95,0.09,7.46,3.95,-1.92,1.46,24.01,-5.02,0.83,1.059,0.314,8.316
294241,22.317239,87.307891,15.78,1.44,-0.58,7.41,0.77,0.76,1.08,-32.82,27.62,-3.93,0.863,0.745,8.904
294388,22.317239,87.307891,15.78,1.21,0.44,10.31,-5.27,-5.94,0.89,-41.13,-45.54,-1.30,0.745,0.392,7.022
294539,22.317239,87.307891,15.78,1.43,0.17,9.52,-5.56,-1.50,1.66,-1.92,29.42,5.11,0.431,0.471,7.767
294744,22.317239,87.307891,15.78,0.75,-0.50,7.22,-1.73,0.43,2.07,18.69,9.38,2.01,-0.314,1.216,9.140
294948,22.317245,87.307945,15.78,0.76,-1.08,8.77,2.89,-0.70,0.92,22.64,-5.54,-5.61,0.824,0.785,8.630
295140,22.317245,87.307945,15.78,0.99,-0.92,6.39,-2.52,-0.98,1.32,-28.15,-1.47,2.07,0.118,0.941,7.767
295240,22.317245,87.307945,15.78,1.49,-0.93,9.58,-3.56,-2.23,0.82,-10.46,-12.44,-4.96,0.196,0.392,6.865
295391,22.317245,87.307945,15.78,1.62,0.13,8.34,3.29,-0.72,1.02,45.40,10.01,1.31,0.392,0.863,8.473
295536,22.317245,87.307945,15.78,1.32,0.14,8.34,-2.36,-2.85,1.51,-38.96,-14.74,3.37,0.941,0.471,7.963
295743,22.317245,87.307945,15.78,1.37,0.09,7.37,4.83,-0.91,0.35,34.74,9.40,-5.61,0.235,1.177,8.787
295949,22.317251,87.307991,15.78,0.64,-0.39,6.60,4.21,-0.40,1.47,-3.04,2.45,5.41,0.667,0.941,9.061
296140,22.317251,87.307991,15.78,0.86,-0.42,7.62,0.31,-1.60,2.27,-20.38,-6.27,4.20,0.549,0.745,8.669
296240,22.317251,87.307991,15.78,1.07,-0.65,7.82,-2.69,-1.66,0.91,-30.00,-0.53,-13.59,1.059,0.824,7.532
296390,22.317251,87.307991,15.78,0.90,0.29,8.29,-0.95,-4.57,0.73,11.60,-19.44,-1.22,0.785,0.902,9.336
296539,22.317251,87.307991,15.78,0.54,-0.17,8.99,4.95,-3.00,1.41,39.55,10.55,4.61,0.706,0.745,8.277
296744,22.317251,87.307991,15.78,0.66,-0.42,8.88,-1.11,-1.61,1.58,-29.57,6.78,0.82,0.275,0.745,9.689
296950,22.317255,87.308044,15.78,0.99,-0.29,8.61,-1.44,-1.60,1.46,-1.56,0.07,-0.59,0.510,0.314,7.767
297142,22.317255,87.308044,15.78,0.88,-0.26,9.19,-8.90,-2.40,1.21,-38.88,-4.21,-1.31,0.039,0.314,7.061
297243,22.317255,87.308044,15.78,1.41,-0.46,8.50,-4.54,0.28,1.58,43.16,26.60,3.70,1.059,0.667,9.218
297390,22.317255,87.308044,15.78,1.19,-0.74,8.71,0.64,-2.20,1.12,35.26,-16.88,-3.12,0.667,0.431,6.982
297538,22.317255,87.308044,15.78,1.51,-1.01,8.27,-7.66,1.98,1.51,-56.12,28.21,2.63,0.078,0.353,8.983
297744,22.317255,87.308044,15.78,1.02,-0.62,7.56,-1.30,0.10,0.79,30.90,-9.12,-3.48,0.314,0.785,8.238
297949,22.317268,87.308082,15.78,1.55,-0.20,9.02,0.27,-2.83,1.11,7.63,-14.30,1.53,0.588,0.510,8.591
298140,22.317268,87.308082,15.78,1.08,-0.20,8.74,-2.00,-1.88,1.10,-11.87,5.00,-0.04,0.588,0.902,8.787
298242,22.317268,87.308082,15.78,0.82,-0.33,7.51,6.06,-0.66,0.86,79.03,11.97,-2.32,-0.157,0.628,7.335
298389,22.317268,87.308082,15.78,1.46,0.33,9.36,-9.85,-2.03,0.56,-108.27,-9.35,-2.03,1.020,0.941,9.454
298540,22.317268,87.308082,15.78,0.66,0.42,7.53,-0.58,-1.63,0.63,61.42,2.68,0.45,0.824,0.667,8.355
298743,22.317268,87.308082,15.78,0.89,0.01,8.09,-0.53,-2.58,0.21,0.23,-4.70,-2.11,0.431,1.177,8.708
298948,22.317279,87.308128,15.78,1.04,-0.57,7.01,-3.93,-3.01,0.70,-16.57,-2.09,2.42,0.353,0.431,7.924
299139,22.317279,87.308128,15.78,1.21,-1.01,8.07,0.68,-2.85,0.64,24.14,0.84,-0.32,0.157,0.824,7.728
299238,22.317279,87.308128,15.78,0.83,0.09,8.71,-1.05,-1.98,0.72,-17.43,8.79,0.77,0.353,0.706,8.669
299383,22.317279,87.308128,15.78,1.10,0.01,8.50,-6.50,-0.26,1.55,-37.59,11.85,5.74,0.314,0.667,6.315
299532,22.317279,87.308128,15.78,1.18,0.44,8.59,-3.28,-0.42,0.66,21.57,-1.08,-5.94,-0.118,0.706,9.885
299739,22.317279,87.308128,15.78,0.76,0.13,7.12,4.06,-0.72,0.41,35.48,-1.44,-1.22,0.785,0.824,8.826
299944,22.317289,87.308174,15.78,0.96,-0.28,8.52,-0.34,-1.96,0.91,-21.49,-6.07,2.42,0.196,0.941,7.885
300136,22.317289,87.308174,15.78,1.08,-0.70,9.68,-4.95,-3.09,0.28,-24.01,-5.88,-3.26,0.235,0.628,9.218
300238,22.317289,87.308174,15.78,0.86,-0.36,8.35,-0.39,-0.77,1.38,44.75,22.75,10.78,0.785,0.824,7.728
300387,22.317289,87.308174,15.78,0.75,0.02,8.17,-1.24,0.69,0.72,-5.74,9.79,-4.46,0.196,0.706,8.041
300532,22.317289,87.308174,15.78,0.89,-0.30,8.26,-6.58,-1.69,1.44,-36.80,-16.43,5.00,0.353,0.706,8.394
300740,22.317289,87.308174,15.78,1.14,-0.28,7.48,-6.64,-2.42,1.17,-0.29,-3.49,-1.32,0.549,0.863,9.767
300946,22.317302,87.308212,15.78,1.21,0.08,5.79,1.70,-0.96,1.32,40.50,7.08,0.74,0.510,0.706,9.924
301136,22.317302,87.308212,15.78,1.15,-0.22,6.96,2.37,-2.93,1.37,3.50,-10.37,0.24,0.628,1.098,7.414
301235,22.317302,87.308212,15.78,1.50,-0.69,9.21,-8.02,-2.13,1.40,-104.87,8.10,0.31,0.745,0.785,7.885
301383,22.317302,87.308212,15.78,1.29,-0.60,8.80,-4.75,-3.49,1.56,22.08,-9.18,1.13,0.745,0.549,7.453
301531,22.317302,87.308212,15.78,1.02,0.60,7.31,2.98,0.59,0.84,52.25,27.54,-4.90,0.431,0.706,9.218
301735,22.317302,87.308212,15.78,1.02,0.01,8.09,0.73,-0.79,1.21,-11.08,-6.74,1.83,0.706,1.138,9.022
301940,22.317302,87.308212,15.78,1.13,-0.28,7.39,4.39,-0.95,1.89,17.87,-0.82,3.31,1.255,0.471,7.257
302132,22.317302,87.308212,15.78,0.93,-0.07,9.20,-8.19,-1.17,1.13,-65.52,-1.11,-3.98,0.157,0.510,10.003
302236,22.317302,87.308212,15.78,0.96,0.32,8.97,2.30,-2.44,1.24,100.85,-12.26,1.10,1.177,0.706,7.806
302384,22.317302,87.308212,15.78,0.96,-0.18,7.16,0.47,-0.59,1.02,-12.33,12.53,-1.50,0.785,1.098,9.807
302532,22.317302,87.308212,15.78,0.97,0.20,8.79,0.54,-3.01,1.34,0.46,-16.35,2.17,0.785,0.785,8.708
302736,22.317302,87.308212,15.78,1.14,1.39,7.70,-5.27,-2.66,1.52,-28.51,1.68,0.86,0.039,0.745,8.002
302942,22.317317,87.308311,15.78,0.49,-0.96,9.04,-1.63,-0.30,0.85,17.71,11.49,-3.26,0.471,0.667,7.100
303134,22.317317,87.308311,15.78,1.42,0.01,7.03,8.16,-5.64,1.05,50.97,-27.83,1.07,2.275,0.431,5.766
303234,22.317317,87.308311,15.78,1.47,0.24,8.10,-0.36,-0.69,0.64,-85.19,49.54,-4.12,-0.078,0.824,9.257
303383,22.317317,87.308311,15.78,0.68,0.18,6.49,5.06,-0.85,1.17,36.37,-1.08,3.54,1.059,1.020,7.532
303528,22.317317,87.308311,15.78,1.17,0.06,8.99,5.28,-3.56,0.37,1.53,-18.69,-5.53,0.549,0.588,9.179
303734,22.317317,87.308311,15.78,0.57,-0.47,7.00,-0.07,-0.08,0.78,-25.98,16.90,2.00,0.667,0.510,8.669
303940,22.317317,87.308311,15.78,1.55,0.57,8.74,-6.37,-2.44,1.02,-30.61,-11.49,1.15,0.314,0.745,9.101
304133,22.317317,87.308311,15.78,1.02,0.89,8.13,1.26,0.35,1.23,39.55,14.48,1.11,0.549,0.745,8.002
304231,22.317317,87.308311,15.78,0.85,-0.11,7.99,2.59,-3.90,0.60,13.55,-43.39,-6.39,0.824,0.471,8.120
304379,22.317317,87.308311,15.78,1.36,0.31,7.27,0.98,-0.81,0.85,-10.88,20.89,1.65,1.059,0.981,9.061
304526,22.317317,87.308311,15.78,0.71,0.04,7.76,2.58,-1.35,0.92,10.91,-3.69,0.47,0.549,1.177,9.767
304730,22.317317,87.308311,15.78,1.08,-0.22,8.80,3.78,-2.43,1.01,5.87,-5.28,0.45,0.902,0.392,6.669
304934,22.317317,87.308311,15.78,0.60,-0.67,9.04,-4.15,-1.46,1.24,-38.84,4.75,1.16,0.431,0.745,8.316
305127,22.317317,87.308311,15.78,0.76,-0.17,7.16,-0.32,-2.29,1.21,19.82,-4.31,-0.16,-0.078,0.588,9.454
305232,22.317317,87.308311,15.78,1.43,1.16,7.91,-0.21,-0.71,1.18,1.09,15.05,-0.36,0.196,0.785,8.002
305378,22.317317,87.308311,15.78,1.19,-0.22,7.68,-9.73,-2.58,1.34,-65.20,-12.81,1.10,1.373,0.981,7.610
305527,22.317317,87.308311,15.78,0.69,0.07,7.27,1.83,-2.50,1.06,77.57,0.51,-1.84,1.059,0.667,8.865
305731,22.317317,87.308311,15.78,0.97,-0.61,8.50,-3.27,0.99,0.66,-25.00,17.14,-1.95,0.588,0.706,7.924
305937,22.317317,87.308311,15.78,1.10,-0.45,7.10,1.56,-3.08,0.73,23.46,-19.79,0.33,0.785,0.785,9.101
306129,22.317317,87.308311,15.78,1.15,0.38,7.55,-1.86,-2.57,1.38,-17.85,2.66,3.38,0.628,0.706,8.669
306231,22.317317,87.308311,15.78,0.93,-0.36,7.87,-0.04,-1.89,0.92,17.89,6.74,-4.57,0.353,0.902,8.904
306377,22.317317,87.308311,15.78,0.91,-0.18,7.42,5.87,-1.03,0.95,40.47,5.86,0.21,0.392,0.353,8.512
306523,22.317317,87.308311,15.78,0.99,-0.52,9.08,-6.97,-2.62,1.12,-87.94,-10.88,1.20,0.353,0.941,9.689
306732,22.317317,87.308311,15.78,0.57,-0.70,8.09,2.11,-2.76,1.14,43.43,-0.66,0.07,0.628,0.824,9.336
306936,22.317317,87.308311,15.78,1.06,-0.10,8.80,-1.12,-0.44,0.73,-15.83,11.38,-2.02,0.706,0.745,8.316
307129,22.317317,87.308311,15.78,0.90,0.00,8.08,3.64,-0.05,0.95,24.68,2.02,1.15,0.863,0.745,7.414
307227,22.317317,87.308311,15.78,1.14,-0.69,8.56,-1.27,-4.19,1.16,-50.09,-42.30,2.18,0.628,0.314,8.748
307377,22.317317,87.308311,15.78,1.08,-0.76,7.68,-0.70,0.32,0.82,3.77,30.08,-2.24,0.510,0.745,9.257
307523,22.317317,87.308311,15.78,0.54,-0.27,7.70,-2.79,-1.97,0.93,-14.33,-15.69,0.73,0.431,0.588,8.238
307731,22.317317,87.308311,15.78,1.30,0.10,8.40,1.73,-0.80,1.43,21.73,5.62,2.39,1.098,0.745,7.728
307936,22.317317,87.308311,15.78,0.70,-0.40,7.69,-3.12,-2.08,0.97,-23.65,-6.22,-2.23,0.235,0.706,9.140
308128,22.317317,87.308311,15.78,0.62,-0.71,8.68,3.25,-0.82,0.95,33.20,6.56,-0.08,0.824,1.020,8.630
308229,22.317317,87.308311,15.78,0.69,-0.57,7.03,5.58,0.63,0.95,23.05,14.36,-0.08,0.510,0.471,10.513
308376,22.317317,87.308311,15.78,0.76,-0.92,7.06,-2.34,-1.39,0.84,-53.90,-13.76,-0.73,1.020,0.902,8.591
308527,22.317317,87.308311,15.78,1.10,-0.43,8.33,-2.72,-3.03,0.37,-2.48,-10.87,-3.08,-0.039,0.549,8.748
308736,22.317317,87.308311,15.78,0.71,-0.40,7.41,-2.15,0.03,0.25,2.70,14.65,-0.58,1.020,0.981,8.355
308940,22.317317,87.308311,15.78,0.72,-0.94,7.02,-0.33,-2.51,0.88,8.94,-12.46,3.07,0.706,0.706,8.826
309133,22.317317,87.308311,15.78,0.78,0.37,9.30,-8.24,1.24,1.49,-40.98,19.42,3.16,0.628,1.334,11.729
309232,22.317317,87.308311,15.78,1.08,0.35,6.54,2.80,-0.59,0.95,111.50,-18.43,-5.40,0.039,0.706,7.885
309381,22.317317,87.308311,15.78,1.12,0.11,10.35,-1.28,-1.29,1.51,-27.41,-4.71,3.74,0.000,0.196,9.179
309529,22.317317,87.308311,15.78,0.47,-0.34,6.81,3.02,0.85,0.82,29.09,14.44,-4.69,0.118,0.628,8.002
309735,22.317317,87.308311,15.78,1.33,-0.94,8.08,1.98,-1.98,0.41,-5.04,-13.75,-1.96,0.235,0.902,11.297
309941,22.317317,87.308311,15.78,1.33,-0.05,9.41,-3.79,-0.46,0.26,-28.05,7.41,-0.74,-0.078,0.549,7.218
310132,22.317317,87.308311,15.78,1.06,-1.11,8.07,0.92,-1.85,0.53,24.70,-7.27,1.44,0.510,1.098,8.081
310231,22.317317,87.308311,15.78,1.38,-0.38,10.57,-2.74,-2.27,0.58,-37.01,-4.32,0.46,0.275,0.549,6.551
310380,22.317317,87.308311,15.78,1.01,0.00,8.13,-1.79,-0.92,0.05,6.35,9.12,-3.59,0.628,1.412,9.257
310525,22.317317,87.308311,15.78,1.00,0.59,9.19,0.92,-1.70,1.17,18.69,-5.42,7.74,0.039,0.471,8.551
310729,22.317317,87.308311,15.78,1.45,0.63,8.91,-11.16,-2.30,0.84,-59.20,-2.92,-1.61,0.706,0.863,7.885
310935,22.317317,87.308311,15.78,0.80,-0.40,7.68,3.26,-2.58,0.65,70.00,-1.37,-0.93,-0.118,1.177,6.629
311127,22.317317,87.308311,15.78,1.06,-0.51,9.32,0.42,-4.08,1.02,-14.79,-7.79,1.95,0.941,1.020,10.238
311229,22.317317,87.308311,15.78,0.70,0.52,8.87,-0.17,-3.50,1.40,-5.76,5.61,3.74,0.981,0.902,8.081
311374,22.317317,87.308311,15.78,0.85,0.11,8.72,-2.04,-2.64,1.72,-12.90,5.95,2.16,0.510,0.392,9.140
311521,22.317317,87.308311,15.78,1.01,-0.26,7.59,-4.53,-1.78,1.18,-16.93,5.87,-3.69,0.353,1.059,8.238
311728,22.317317,87.308311,15.78,0.71,-0.46,7.44,4.28,-1.74,1.45,42.56,0.18,1.33,0.824,0.667,7.335
311933,22.317317,87.308311,15.78,1.59,0.16,7.97,-4.57,-1.59,1.83,-43.19,0.74,1.86,0.549,0.000,7.649
312125,22.317317,87.308311,15.78,1.20,0.35,7.05,-0.55,-0.30,1.41,20.95,6.72,-2.19,1.020,1.491,10.120
312226,22.317317,87.308311,15.78,0.54,0.04,6.01,4.29,-2.75,0.69,47.92,-24.26,-7.18,0.824,0.941,8.865
312374,22.317317,87.308311,15.78,0.91,0.14,8.33,-3.60,-2.53,0.67,-53.28,1.44,-0.10,0.471,0.588,9.140
312521,22.317317,87.308311,15.78,1.59,0.34,7.92,1.57,-4.98,0.54,35.16,-16.67,-0.88,0.785,0.706,8.041
312727,22.317317,87.308311,15.78,1.14,-0.62,7.08,1.34,0.32,1.25,-1.15,25.75,3.45,0.392,0.471,8.748
312932,22.317317,87.308311,15.78,0.79,-0.72,7.50,-0.01,0.41,0.90,-6.55,0.45,-1.71,0.510,0.785,9.493
313123,22.317317,87.308311,15.78,0.98,-0.48,7.28,8.85,-3.02,0.91,46.36,-17.94,0.04,1.059,0.549,7.453
313225,22.317317,87.308311,15.78,1.44,0.46,6.54,5.86,1.32,-0.04,-29.26,42.51,-9.28,0.510,0.981,9.493
313372,22.317317,87.308311,15.78,1.28,-0.78,7.34,4.41,-1.93,0.52,-9.87,-22.12,3.79,0.471,0.706,8.826
313520,22.317317,87.308311,15.78,1.60,-0.36,7.97,-8.98,-2.18,1.12,-90.47,-1.70,4.07,0.745,0.785,10.081
313728,22.317317,87.308311,15.78,1.12,-0.50,7.33,3.39,-2.93,0.26,59.45,-3.60,-4.15,0.824,0.981,8.238
313933,22.317317,87.308311,15.78,1.26,0.90,9.23,-2.65,-2.44,0.81,-29.45,2.42,2.68,0.745,0.902,7.806
314125,22.317317,87.308311,15.78,1.20,-0.15,9.32,-1.76,-1.77,0.29,4.61,3.46,-2.70,0.078,0.863,8.748
314225,22.317317,87.308311,15.78,1.30,-0.49,8.09,2.89,0.03,1.24,46.49,18.02,9.54,0.314,0.745,7.414
314371,22.317317,87.308311,15.78,1.38,-0.03,7.13,-3.30,0.37,1.21,-42.35,2.35,-0.26,1.020,1.255,10.591
314519,22.317317,87.308311,15.78,0.85,0.25,7.20,6.49,-2.79,0.98,66.12,-21.35,-1.55,0.471,1.255,9.179
314726,22.317317,87.308311,15.78,1.09,0.04,10.18,-5.06,-1.57,1.38,-55.80,5.86,1.95,0.431,0.392,8.473
314932,22.317317,87.308311,15.78,1.32,-0.73,6.90,2.31,-2.82,1.42,35.80,-6.04,0.19,0.471,0.392,9.611
315123,22.317317,87.308311,15.78,1.09,0.26,6.53,-0.15,-0.34,0.37,-12.91,12.95,-5.48,0.392,1.255,8.591
315227,22.317317,87.308311,15.78,1.03,0.53,8.32,-8.84,-3.82,1.15,-83.53,-33.40,7.49,1.569,1.098,8.316
315375,22.317317,87.308311,15.78,0.94,-0.54,7.67,2.15,-1.05,-0.44,74.27,18.72,-10.78,0.588,1.216,8.591
315525,22.317317,87.308311,15.78,0.86,0.44,7.93,3.09,-1.62,-0.44,6.26,-3.82,0.00,-1.334,1.059,8.748
315729,22.317317,87.308311,15.78,1.09,-0.53,7.97,-2.25,0.79,-0.25,-26.19,11.82,0.94,0.902,1.098,9.767
315935,22.317317,87.308311,15.78,1.32,0.17,7.29,2.03,-0.04,-0.55,20.79,-4.04,-1.45,0.510,0.981,8.355
316127,22.317317,87.308311,15.78,1.02,-0.31,8.15,-0.07,-3.83,-0.75,-10.93,-19.76,-1.03,0.510,0.941,9.218
316232,22.317317,87.308311,15.78,1.29,-0.84,7.79,0.67,0.69,-0.21,7.05,43.11,5.16,0.510,0.824,8.434
316378,22.317317,87.308311,15.78,0.73,-1.00,8.41,-1.98,-0.53,0.32,-18.14,-8.37,3.61,0.588,0.667,9.767
316526,22.317317,87.308311,15.78,1.01,-0.50,5.96,6.63,0.37,-0.25,58.18,6.09,-3.87,0.235,0.981,9.257
316731,22.317317,87.308311,15.78,0.82,-0.24,8.73,-4.82,-1.86,0.84,-55.89,-10.91,5.32,0.471,0.628,9.022
316937,22.317317,87.308311,15.78,0.85,-1.05,6.73,10.56,0.12,0.78,74.71,9.63,-0.30,0.510,0.471,9.689
317129,22.317317,87.308311,15.78,1.03,0.60,8.93,-10.42,-1.61,1.47,-109.30,-9.03,3.58,-0.039,0.941,9.297
317234,22.317317,87.308311,15.78,0.90,0.13,8.47,-4.24,-1.98,1.63,58.81,-3.49,1.60,0.628,0.981,9.689
317380,22.317317,87.308311,15.78,1.00,-0.18,6.34,2.05,0.23,1.40,43.13,15.11,-1.62,0.706,0.431,7.296
317527,22.317317,87.308311,15.78,0.98,-0.90,11.28,-10.53,-2.75,1.88,-85.63,-20.25,3.27,0.745,0.471,7.806
317737,22.317317,87.308311,15.78,0.56,0.54,7.91,-6.06,0.11,1.93,21.30,13.63,0.25,0.510,0.981,9.571
317942,22.317420,87.309158,15.78,0.45,0.12,7.67,-1.53,-1.11,1.86,22.08,-6.00,-0.34,0.510,0.549,9.218
318134,22.317420,87.309158,15.78,0.85,-0.50,8.23,-1.31,-2.76,2.67,1.15,-8.55,4.21,0.628,0.785,7.924
318234,22.317420,87.309158,15.78,0.55,0.64,7.56,0.95,-2.46,1.11,22.60,2.98,-15.65,0.941,0.549,9.885
318381,22.317420,87.309158,15.78,0.62,-0.33,8.78,6.02,-1.30,2.51,34.53,7.89,9.55,0.588,0.471,8.159
318526,22.317420,87.309158,15.78,0.96,0.06,6.00,-4.75,1.89,1.55,-74.28,22.01,-6.63,0.000,0.392,9.689
318732,22.317420,87.309158,15.78,0.75,-1.03,8.41,-5.32,0.62,1.79,-2.78,-6.19,1.19,0.431,-0.078,8.316
318937,22.317420,87.309158,15.78,0.31,0.58,8.82,3.37,-2.46,1.59,42.38,-15.01,-1.01,0.902,0.863,9.297
319129,22.317420,87.309158,15.78,0.61,0.86,6.97,-7.62,-4.07,1.42,-57.21,-8.39,-0.87,0.314,0.314,9.257
319232,22.317420,87.309158,15.78,1.12,0.14,9.11,-9.85,-3.53,1.96,-21.71,5.26,5.26,0.431,0.588,7.610
319378,22.317420,87.309158,15.78,0.49,0.09,6.70,4.27,-0.77,1.02,96.78,18.87,-6.48,0.706,0.392,8.983
319524,22.317420,87.309158,15.78,1.04,0.22,9.52,-0.02,-1.33,1.61,-29.44,-3.82,4.08,0.628,0.157,6.786
319730,22.317420,87.309158,15.78,1.02,-0.54,8.47,2.98,-3.07,0.97,14.60,-8.45,-3.11,0.431,0.824,8.198
319935,22.317420,87.309158,15.78,0.34,-0.84,8.70,-6.08,-0.69,0.70,-44.20,11.62,-1.30,0.902,0.902,10.630
320129,22.317420,87.309158,15.78,0.79,-0.60,8.59,1.08,-2.19,0.33,36.87,-7.75,-1.93,0.157,0.275,6.041
320230,22.317420,87.309158,15.78,1.11,-0.51,9.75,-3.89,-3.73,0.27,-49.13,-15.27,-0.53,0.706,0.549,10.081
320381,22.317420,87.309158,15.78,1.21,-0.25,7.87,2.98,-2.31,0.31,45.45,9.45,0.20,1.138,0.785,7.610
320527,22.317420,87.309158,15.78,1.61,0.01,8.07,-6.34,2.82,-0.05,-63.79,35.14,-2.41,1.255,0.941,10.199
320736,22.317420,87.309158,15.78,1.20,-0.79,5.98,-0.31,-3.90,-1.53,28.85,-32.18,-7.09,0.275,1.059,9.179
320942,22.317420,87.309158,15.78,1.25,-0.50,7.58,4.85,-0.56,-0.83,25.01,16.23,3.37,1.216,0.667,7.178
321134,22.317420,87.309158,15.78,1.00,-0.82,10.49,-2.77,0.16,-0.27,-39.68,3.74,2.90,1.216,0.981,9.454
321236,22.317420,87.309158,15.78,1.26,-0.43,6.39,2.21,-0.48,0.18,48.80,-6.29,4.49,1.216,0.863,9.767
321383,22.317420,87.309158,15.78,0.88,0.36,9.17,1.55,-2.57,0.02,-4.47,-14.23,-1.14,0.000,0.549,8.473
321530,22.317420,87.309158,15.78,0.64,-0.28,9.17,-4.08,-2.97,1.75,-38.32,-2.70,11.79,1.334,0.196,8.748
321739,22.317420,87.309158,15.78,0.73,0.11,8.20,1.66,-2.26,1.48,27.50,3.40,-1.28,0.863,0.941,8.277
321944,22.317459,87.309356,15.78,0.61,-0.38,9.24,-2.80,1.37,1.80,-21.78,17.72,1.56,0.745,0.902,8.120
322136,22.317459,87.309356,15.78,0.75,-0.29,7.68,-2.72,-2.32,1.44,0.44,-19.24,-1.91,0.902,0.392,8.473
322237,22.317459,87.309356,15.78,1.10,0.67,8.23,4.15,-0.53,1.56,68.02,17.76,1.28,0.000,0.745,8.904
322381,22.317459,87.309356,15.78,0.32,0.23,6.67,-0.41,-2.14,1.85,-31.70,-11.19,2.01,0.785,0.745,9.571
322531,22.317459,87.309356,15.78,0.29,0.58,7.30,1.53,-0.15,2.32,12.93,13.23,3.10,0.275,0.745,8.787
322735,22.317459,87.309356,15.78,1.51,-0.39,7.80,-0.90,-1.86,2.13,-11.90,-8.38,-0.94,0.039,0.785,8.277
322940,22.317466,87.309417,15.78,1.15,-0.32,7.59,-0.02,-2.85,2.43,4.28,-4.80,1.45,0.471,0.981,9.454
323132,22.317466,87.309417,15.78,1.22,-0.01,9.77,2.08,-0.84,2.64,10.93,10.46,1.11,0.902,0.588,7.728
323231,22.317466,87.309417,15.78,0.95,0.37,7.33,-1.82,-1.95,2.32,-39.40,-11.18,-3.24,0.785,0.196,8.591
323381,22.317466,87.309417,15.78,0.87,-0.18,8.32,-6.18,-2.45,2.69,-29.01,-3.36,2.44,1.059,0.235,9.454
323529,22.317466,87.309417,15.78,0.86,-0.60,7.19,3.29,-0.14,1.70,63.96,15.63,-6.65,0.549,0.588,8.434
323735,22.317466,87.309417,15.78,0.48,-0.29,8.63,-4.56,-3.17,1.16,-38.13,-14.71,-2.63,0.745,0.824,7.061
323942,22.317474,87.309471,15.78,0.64,0.13,10.01,-2.76,-2.91,1.57,8.74,1.25,1.99,1.255,-0.078,7.532
324133,22.317474,87.309471,15.78,0.89,-1.17,6.98,4.56,-1.44,1.45,38.29,7.67,-0.64,0.785,0.745,8.081
324232,22.317474,87.309471,15.78,0.80,-0.13,9.36,-3.38,-1.54,2.05,-80.19,-1.00,6.09,1.059,0.196,5.570
324380,22.317474,87.309471,15.78,0.64,0.54,8.18,-5.37,-1.68,1.65,-13.46,-0.93,-2.73,0.353,0.471,8.591
324529,22.317474,87.309471,15.78,0.59,0.56,9.07,-1.06,-3.69,1.63,28.95,-13.47,-0.15,0.745,0.628,7.296
324736,22.317474,87.309471,15.78,0.91,-0.28,9.01,-6.20,-3.26,1.47,-24.82,2.07,-0.77,0.785,0.078,8.708
324941,22.317489,87.309509,15.78,0.85,-0.47,8.39,0.76,-0.30,1.10,33.92,14.45,-1.79,0.549,0.863,10.160
325135,22.317489,87.309509,15.78,0.71,0.63,7.09,5.55,0.76,0.82,24.71,5.47,-1.46,1.098,0.118,8.002
325231,22.317489,87.309509,15.78,-0.05,-1.54,9.51,-5.18,-2.39,1.09,-111.72,-32.84,2.86,1.177,0.118,8.081
325383,22.317489,87.309509,15.78,1.14,-0.35,8.92,-4.73,-3.75,0.96,2.96,-8.94,-0.85,0.196,0.235,7.492
325530,22.317489,87.309509,15.78,1.07,-0.81,9.23,-2.06,0.18,1.11,18.12,26.69,1.04,0.157,0.431,8.787
325736,22.317489,87.309509,15.78,0.65,-1.06,8.08,0.62,-2.53,1.73,13.01,-13.15,2.96,1.255,0.706,10.983
325943,22.317499,87.309555,15.78,1.21,-0.00,5.16,3.06,-5.57,1.17,11.80,-14.68,-2.69,1.020,0.431,8.120
326135,22.317499,87.309555,15.78,0.33,0.14,7.93,0.42,-0.31,1.16,-13.76,27.39,-0.04,0.981,1.020,10.081
326236,22.317499,87.309555,15.78,1.11,-0.80,8.27,-3.50,-1.82,0.94,-38.85,-14.89,-2.19,0.981,0.431,5.727
326386,22.317499,87.309555,15.78,1.25,-0.77,9.38,-7.85,-0.42,0.36,-28.96,9.31,-3.87,0.314,0.549,6.747
326535,22.317499,87.309555,15.78,1.32,-0.80,9.24,-6.34,-0.81,0.53,10.14,-2.61,1.13,0.981,0.471,6.982
326740,22.317499,87.309555,15.78,1.04,-0.73,9.56,0.52,-1.50,-0.01,33.44,-3.39,-2.61,0.745,1.020,9.336
326945,22.317508,87.309593,15.78,1.26,-0.62,7.48,-6.43,-2.79,-0.79,-33.89,-6.29,-3.84,-0.039,0.628,8.081
327138,22.317508,87.309593,15.78,1.32,0.12,8.34,3.99,0.05,-0.16,53.99,14.75,3.28,0.941,0.863,7.885
327235,22.317508,87.309593,15.78,1.24,-0.30,7.94,-0.89,-2.12,-0.44,-50.37,-22.43,-2.91,0.431,0.471,7.218
327387,22.317508,87.309593,15.78,1.60,0.26,9.09,-2.18,-0.50,-0.07,-8.49,10.70,2.46,0.275,0.392,6.825
327534,22.317508,87.309593,15.78,1.14,-0.93,9.50,0.18,-2.31,0.21,16.10,-12.31,1.87,0.902,0.706,6.865
327740,22.317508,87.309593,15.78,1.76,0.71,7.90,-4.37,-0.14,0.89,-22.12,10.52,3.34,0.471,0.392,9.924
327932,22.317508,87.309593,15.78,1.08,0.33,7.85,-0.50,-2.15,0.56,20.20,-10.46,-1.75,1.255,0.353,10.042
328126,22.317508,87.309593,15.78,1.08,0.30,3.66,5.93,-1.98,-0.47,33.13,0.83,-5.27,0.628,0.902,6.904
328226,22.317508,87.309593,15.78,1.17,-0.62,8.88,-2.26,-2.95,0.19,-81.91,-9.62,6.56,0.314,1.020,8.551
328375,22.317508,87.309593,15.78,1.73,-0.13,6.96,10.37,2.75,0.15,84.79,38.22,-0.26,0.235,0.471,10.552
328523,22.317508,87.309593,15.78,0.98,0.46,9.24,-1.44,-2.80,0.95,-79.79,-37.50,5.36,0.157,1.216,9.140
328730,22.317508,87.309593,15.78,1.16,-0.54,5.65,3.41,-3.47,0.77,23.42,-3.25,-0.85,-0.039,1.059,8.081
328935,22.317520,87.309684,15.78,1.52,-0.46,9.19,4.29,-0.85,0.21,4.28,12.81,-2.76,0.353,0.353,8.787
329126,22.317520,87.309684,15.78,0.06,-0.31,8.21,-2.22,-0.85,1.27,-34.09,0.00,5.56,0.314,0.863,8.355
329229,22.317520,87.309684,15.78,1.21,0.16,7.95,9.50,0.27,0.60,113.76,10.89,-6.52,0.392,0.667,8.787
329374,22.317520,87.309684,15.78,-0.01,-0.19,6.75,2.79,-0.56,1.50,-46.22,-5.74,6.26,-0.078,0.549,10.395
329525,22.317520,87.309684,15.78,0.68,-0.52,8.42,4.24,-2.15,1.52,9.55,-10.52,0.10,-0.235,0.118,7.649
329732,22.317520,87.309684,15.78,0.49,-1.14,8.41,-3.24,0.50,2.00,-36.10,12.76,2.32,0.392,0.549,9.689
329937,22.317527,87.309738,15.78,0.63,0.35,8.73,-6.22,-2.61,1.08,-14.56,-15.16,-4.47,0.667,0.314,10.120
330131,22.317527,87.309738,15.78,0.68,-1.03,8.68,-1.17,-4.37,0.69,26.05,-9.09,-2.05,0.392,0.275,10.081
330232,22.317527,87.309738,15.78,0.66,0.41,7.05,-1.37,-3.75,0.90,-2.04,6.20,2.12,0.118,0.588,7.924
330378,22.317527,87.309738,15.78,1.01,0.12,8.88,-4.38,-2.27,1.29,-20.60,10.09,2.67,0.667,0.588,6.982
330525,22.317527,87.309738,15.78,1.06,-0.20,9.73,-0.28,-3.86,1.14,27.89,-10.80,-1.04,0.392,0.275,7.532
330734,22.317527,87.309738,15.78,0.76,-0.10,8.45,0.13,-6.71,0.31,1.97,-13.62,-3.98,0.510,1.098,8.944
330939,22.317531,87.309791,15.78,0.67,0.23,7.81,0.42,-0.81,1.23,1.42,28.78,4.51,0.588,0.235,9.218
331130,22.317531,87.309791,15.78,0.70,0.17,7.67,-1.02,0.03,1.66,-7.51,4.40,2.24,0.039,0.824,8.669
331227,22.317531,87.309791,15.78,0.82,-0.23,8.09,4.56,0.22,1.42,57.53,1.97,-2.44,0.628,0.235,8.394
331372,22.317531,87.309791,15.78,0.61,0.38,7.41,-0.31,-0.15,1.53,-33.64,-2.58,0.74,0.510,0.745,9.257
331520,22.317531,87.309791,15.78,1.10,-0.80,7.98,0.55,0.08,1.95,5.83,1.60,2.89,0.706,-0.039,9.101
331722,22.317531,87.309791,15.78,0.65,0.31,7.77,-2.56,0.67,1.48,-15.42,2.91,-2.34,0.196,0.745,9.218
331927,22.317531,87.309791,15.78,0.24,-0.73,7.18,-0.26,-1.82,0.76,11.25,-12.18,-3.54,0.431,0.785,9.218
332120,22.317531,87.309791,15.78,0.94,-0.62,8.01,1.77,-2.01,0.31,10.52,-0.95,-2.29,0.235,0.431,8.002
332221,22.317531,87.309791,15.78,0.40,-0.45,7.00,0.18,-2.17,0.19,-15.72,-1.59,-1.21,0.745,0.824,9.022
332369,22.317531,87.309791,15.78,1.08,-0.11,9.14,-0.40,-1.86,0.03,-3.97,2.06,-1.08,0.235,0.431,8.316
332517,22.317531,87.309791,15.78,0.43,0.21,6.30,2.32,-1.02,-0.33,18.41,5.73,-2.42,0.039,1.569,8.826
332723,22.317531,87.309791,15.78,0.27,-0.62,8.59,0.27,-2.76,-0.64,-9.93,-8.49,-1.52,0.235,0.981,7.100
332928,22.317531,87.309791,15.78,1.52,-0.10,9.22,-2.11,-2.77,-0.79,-11.62,-0.04,-0.71,0.275,0.235,9.257
333120,22.317531,87.309791,15.78,1.05,-0.68,7.28,-3.02,-4.05,-1.49,-4.77,-6.68,-3.66,0.353,1.020,8.159
333223,22.317531,87.309791,15.78,0.83,-0.12,8.99,-1.53,-2.60,-0.59,14.53,14.16,8.75,0.235,0.785,7.532
333372,22.317531,87.309791,15.78,1.47,-0.12,8.64,3.58,0.37,-0.21,34.27,19.93,2.56,0.314,0.314,8.904
333518,22.317531,87.309791,15.78,0.87,-1.07,9.36,-3.58,-1.34,-0.07,-49.04,-11.71,0.94,0.196,0.510,8.355
333727,22.317531,87.309791,15.78,0.98,-0.08,9.41,1.53,0.21,0.29,24.43,7.41,1.72,0.353,0.667,7.610
333932,22.317531,87.309791,15.78,0.89,-0.87,6.72,0.44,-0.15,0.35,-5.29,-1.79,0.30,0.510,0.824,8.865
334123,22.317531,87.309791,15.78,1.00,-0.50,6.96,3.48,-2.79,0.39,15.91,-13.83,0.20,0.196,0.628,5.609
334224,22.317531,87.309791,15.78,0.73,-0.52,8.91,0.51,-3.10,0.11,-29.40,-3.02,-2.72,1.059,0.588,7.571
334372,22.317531,87.309791,15.78,1.06,-0.65,6.27,4.17,-3.11,-0.73,24.71,-0.05,-5.73,0.510,0.588,7.924
334521,22.317531,87.309791,15.78,0.89,0.11,7.86,-5.40,-0.64,0.99,-64.19,16.55,11.58,0.706,0.235,9.571
334729,22.317531,87.309791,15.78,1.08,0.19,8.14,-2.53,-1.59,1.07,13.76,-4.55,0.37,0.588,0.745,8.198
334935,22.317552,87.309997,15.78,0.68,-0.46,8.15,5.39,-1.88,0.86,38.46,-1.41,-1.00,-0.235,0.588,8.355
335127,22.317552,87.309997,15.78,1.55,-0.30,9.00,-2.59,-1.21,1.00,-41.55,3.50,0.72,0.510,0.941,9.414
335226,22.317552,87.309997,15.78,0.84,-0.04,7.31,-1.34,0.08,0.73,12.65,12.95,-2.78,-0.196,0.588,8.238
335375,22.317552,87.309997,15.78,1.01,-0.95,8.42,3.82,-0.85,0.24,34.63,-6.25,-3.23,0.628,1.059,9.022
335522,22.317552,87.309997,15.78,0.60,0.07,7.96,-0.12,-4.23,1.38,-26.85,-22.95,7.74,0.902,0.745,6.472
335730,22.317552,87.309997,15.78,1.22,0.12,7.69,4.38,-1.81,1.84,21.65,11.63,2.20,0.667,0.314,7.022
335936,22.317562,87.310050,15.78,0.89,-0.21,9.06,-2.05,-0.96,2.37,-31.20,4.11,2.59,0.353,0.471,8.944
336126,22.317562,87.310050,15.78,0.68,0.50,6.71,7.47,-0.79,1.56,50.10,0.92,-4.30,0.785,0.471,8.198
336225,22.317562,87.310050,15.78,1.20,0.14,8.57,1.23,-3.37,2.21,-63.07,-26.14,6.63,0.392,0.549,8.355
336371,22.317562,87.310050,15.78,0.91,0.21,7.52,-0.37,-0.85,2.14,-10.98,17.31,-0.52,0.824,0.745,9.414
336521,22.317562,87.310050,15.78,0.86,-0.40,8.58,-1.86,-1.46,1.80,-9.92,-4.07,-2.24,0.392,0.785,7.963
336728,22.317562,87.310050,15.78,1.13,0.62,8.18,-3.44,-2.34,1.98,-7.63,-4.28,0.85,0.745,0.314,7.845
336932,22.317567,87.310104,15.78,1.25,-0.30,8.45,0.00,-1.37,1.39,16.88,4.75,-2.88,0.353,0.785,9.257
337124,22.317567,87.310104,15.78,0.86,-0.89,9.68,-2.41,-0.50,1.84,-12.56,4.57,2.35,0.039,0.314,7.061
337223,22.317567,87.310104,15.78,1.01,-0.85,8.46,0.99,0.10,1.69,34.39,6.01,-1.54,1.451,0.588,8.865
337369,22.317567,87.310104,15.78,1.02,0.00,8.99,-4.74,-2.82,1.59,-39.27,-19.97,-0.68,0.392,0.275,7.414
337518,22.317567,87.310104,15.78,1.09,-0.50,8.48,3.63,-0.71,1.41,56.20,14.14,-1.18,0.824,1.020,8.748
337724,22.317567,87.310104,15.78,1.06,-0.22,9.01,-6.18,-0.28,1.22,-47.65,2.08,-0.93,1.059,0.588,8.120
337929,22.317567,87.310104,15.78,1.30,0.23,7.97,-1.00,-2.36,1.14,25.28,-10.13,-0.41,0.431,0.628,7.728
338121,22.317567,87.310104,15.78,1.18,-0.90,9.22,4.97,-4.83,0.92,31.09,-12.88,-1.15,1.608,0.549,10.317
338224,22.317567,87.310104,15.78,1.63,0.31,6.39,-3.19,-2.61,1.10,-79.23,21.57,1.78,0.706,0.471,8.944
338371,22.317567,87.310104,15.78,1.25,-0.28,7.94,-1.75,-2.28,0.92,9.81,2.23,-1.19,1.373,0.471,8.708
338518,22.317567,87.310104,15.78,1.28,-0.88,8.06,-3.37,-2.09,0.66,-11.01,1.30,-1.82,0.431,0.588,8.277
338724,22.317567,87.310104,15.78,0.69,0.10,8.25,0.71,-1.08,0.52,19.79,4.93,-0.67,0.706,0.628,7.688
338930,22.317571,87.310211,15.78,0.97,-0.71,8.36,0.17,-1.95,-0.29,-2.63,-4.26,-3.93,0.785,0.785,7.688
339122,22.317571,87.310211,15.78,1.03,0.31,7.19,-2.27,-2.48,0.39,-12.72,-2.74,3.54,0.392,0.863,8.630
339221,22.317571,87.310211,15.78,1.19,0.42,9.56,-6.19,-2.28,0.82,-39.56,2.00,4.40,0.941,0.824,8.434
339367,22.317571,87.310211,15.78,1.06,0.46,6.15,4.98,-0.01,0.53,76.49,15.58,-1.99,0.275,0.745,10.356
339515,22.317571,87.310211,15.78,1.35,-0.22,8.31,2.84,-0.79,1.08,-14.44,-5.26,3.71,0.353,0.824,8.041
339721,22.317571,87.310211,15.78,1.21,0.22,8.47,3.19,-2.17,0.44,1.70,-6.71,-3.15,0.706,1.216,9.022
339926,22.317571,87.310211,15.78,1.19,-0.59,7.96,0.60,-0.31,0.66,-12.66,9.05,1.12,0.745,0.824,8.708
340117,22.317571,87.310211,15.78,1.25,-0.89,7.88,2.15,-0.92,0.82,8.15,-3.20,0.84,0.510,0.941,6.747
340214,22.317571,87.310211,15.78,1.07,-0.44,8.19,-0.67,-0.89,1.42,-29.12,0.31,6.14,0.588,1.059,9.807
340362,22.317571,87.310211,15.78,0.71,0.52,7.71,3.37,-1.21,0.88,27.28,-2.11,-3.66,0.941,1.098,7.728
340508,22.317571,87.310211,15.78,1.06,-0.77,8.32,3.31,-0.93,0.91,-0.42,1.88,0.21,0.628,1.059,9.218
340713,22.317571,87.310211,15.78,1.48,0.33,7.49,2.06,-0.55,0.79,-6.07,1.86,-0.56,1.177,0.981,8.002
340917,22.317571,87.310211,15.78,0.78,0.27,8.19,-4.82,0.51,1.54,-33.72,5.20,3.67,0.745,0.745,8.865
341107,22.317571,87.310211,15.78,0.65,-0.43,9.27,-3.25,-0.62,0.98,8.24,-5.95,-2.97,0.471,0.667,8.630
341210,22.317571,87.310211,15.78,0.91,-0.40,7.47,-0.77,-1.62,0.54,24.09,-9.71,-4.22,0.235,0.471,7.414
341357,22.317571,87.310211,15.78,0.69,-0.83,8.08,-1.99,-2.69,0.60,-8.31,-7.27,0.36,1.059,1.020,8.591
341506,22.317571,87.310211,15.78,1.55,0.22,7.02,0.45,-1.11,-0.11,16.39,10.61,-4.76,0.824,1.059,8.159
341711,22.317571,87.310211,15.78,0.80,-0.78,8.02,-3.11,0.18,0.32,-17.35,6.29,2.12,0.785,0.863,7.767
341916,22.317571,87.310211,15.78,0.84,-0.42,8.68,0.40,-3.37,0.04,17.09,-17.32,-1.38,0.902,1.059,7.492
342108,22.317571,87.310211,15.78,1.20,-0.02,6.68,1.41,-1.84,0.13,5.29,7.95,0.48,0.706,0.785,8.551
342208,22.317571,87.310211,15.78,0.95,-0.93,7.68,2.50,-0.24,0.11,10.84,15.95,-0.15,0.785,0.863,8.081
342354,22.317571,87.310211,15.78,1.20,0.19,6.78,-2.18,0.20,0.89,-32.00,3.03,5.28,0.628,0.941,8.473
342501,22.317571,87.310211,15.78,0.81,0.17,8.81,-1.98,-0.88,0.67,1.35,-7.32,-1.45,1.177,1.020,7.885
342706,22.317571,87.310211,15.78,0.76,-0.04,8.61,-1.89,-1.75,0.21,0.45,-4.25,-2.23,0.431,0.667,8.434
342910,22.317571,87.310211,15.78,1.26,-0.72,6.52,-5.42,-4.49,0.73,-17.33,-13.43,2.51,0.471,0.824,10.042
343104,22.317571,87.310211,15.78,0.92,-1.10,8.23,-0.89,-1.57,0.76,23.33,15.03,0.20,0.039,0.392,7.532
343206,22.317571,87.310211,15.78,1.20,-0.05,8.87,2.32,-1.77,0.64,31.51,-1.95,-1.20,-0.275,0.667,7.963
343355,22.317571,87.310211,15.78,1.41,-0.88,9.20,5.65,0.67,1.01,22.34,16.39,2.46,0.196,0.353,6.119
343500,22.317571,87.310211,15.78,0.70,0.39,8.56,-0.15,-3.26,0.99,-39.96,-27.11,-0.11,0.863,0.824,8.669
343708,22.317571,87.310211,15.78,0.86,-0.49,8.70,1.15,-0.83,1.63,6.24,11.67,3.08,0.314,0.667,7.414
343913,22.317571,87.310211,15.78,1.23,-0.55,9.42,-8.01,-0.79,1.90,-44.68,0.19,1.30,0.392,0.275,7.767
344104,22.317571,87.310211,15.78,1.15,-0.09,8.18,2.24,-0.94,1.61,53.63,-0.76,-1.52,0.549,0.628,9.375
344207,22.317571,87.310211,15.78,1.05,-0.03,6.99,-1.15,-1.29,0.63,-32.91,-3.41,-9.49,0.667,0.431,8.238
344356,22.317571,87.310211,15.78,0.91,-0.17,7.92,1.36,-1.51,1.48,16.86,-1.49,5.69,0.471,0.628,8.434
344503,22.317571,87.310211,15.78,0.73,-0.26,7.71,-1.02,-0.82,1.37,-16.15,4.67,-0.78,1.059,0.628,8.708
344710,22.317571,87.310211,15.78,1.09,0.44,9.36,-3.37,-0.25,1.24,-11.40,2.77,-0.63,0.392,0.431,8.983
344914,22.317571,87.310211,15.78,0.87,0.18,7.59,0.63,-3.54,1.16,19.65,-16.13,-0.37,0.353,1.059,8.551
345107,22.317571,87.310211,15.78,0.58,-0.30,8.95,0.14,-1.17,1.08,-2.57,12.30,-0.40,0.118,0.785,9.493
345209,22.317571,87.310211,15.78,0.81,-0.32,8.23,-3.70,-2.05,1.13,-37.64,-8.61,0.45,0.941,1.177,8.081
345358,22.317571,87.310211,15.78,0.41,-0.74,7.23,-2.17,-2.25,0.66,10.30,-1.38,-3.13,0.667,0.314,8.277
345506,22.317571,87.310211,15.78,0.79,0.11,8.24,6.10,-0.12,0.66,55.86,14.39,-0.05,0.549,0.706,8.983
345712,22.317571,87.310211,15.78,1.02,-1.10,8.51,-0.44,-0.61,0.37,-31.76,-2.37,-1.37,0.431,0.706,8.983
345917,22.317571,87.310211,15.78,1.01,-1.10,7.43,2.44,-2.82,-0.07,14.04,-10.80,-2.16,0.275,0.745,9.846
346108,22.317571,87.310211,15.78,0.89,0.34,8.19,4.18,0.52,-0.34,9.11,17.51,-1.44,0.471,0.824,9.454
346210,22.317571,87.310211,15.78,0.76,0.23,7.93,4.71,-2.66,-0.56,5.24,-31.21,-2.17,0.235,0.431,8.904
346356,22.317571,87.310211,15.78,0.68,0.25,8.05,-0.99,-0.56,-0.69,-39.06,14.43,-0.89,0.706,1.294,7.963
346507,22.317571,87.310211,15.78,0.76,0.35,6.73,-1.55,-1.81,-0.70,-3.69,-8.29,-0.05,0.981,1.098,9.924
346714,22.317571,87.310211,15.78,1.25,-0.19,7.94,-1.73,-1.76,-0.56,-0.89,0.26,0.70,0.863,0.510,7.218
346918,22.317571,87.310211,15.78,0.97,-0.04,9.18,1.74,-0.21,-0.11,17.03,7.56,2.17,1.216,0.902,8.198
347109,22.317571,87.310211,15.78,0.37,0.11,6.83,0.11,-2.26,0.84,-8.51,-10.71,5.00,0.981,0.667,8.904
347211,22.317571,87.310211,15.78,0.87,-0.16,7.62,-3.09,-1.12,0.49,-31.43,11.15,-3.44,1.098,0.392,7.610
347360,22.317571,87.310211,15.78,1.18,-0.14,8.50,-8.18,-1.73,1.21,-34.12,-4.05,4.87,0.196,0.431,8.708
347509,22.317571,87.310211,15.78,0.94,-1.14,8.98,2.13,-1.05,0.96,69.16,4.56,-1.69,0.981,0.667,7.335
347714,22.317571,87.310211,15.78,1.28,-0.44,8.70,0.93,-3.18,0.61,-5.85,-10.39,-1.71,1.177,1.334,7.845
347920,22.317571,87.310211,15.78,0.98,1.26,9.91,-13.01,-3.18,1.05,-67.66,0.00,2.11,0.667,0.588,8.708
348111,22.317571,87.310211,15.78,0.77,0.05,7.71,2.35,-1.96,1.19,80.41,6.35,0.76,0.745,1.177,10.081
348211,22.317571,87.310211,15.78,0.70,0.29,8.72,0.58,-4.55,1.15,-17.71,-25.88,-0.46,0.549,0.549,8.826
348359,22.317571,87.310211,15.78,0.96,-0.01,7.67,-5.06,-0.11,1.98,-38.12,30.02,5.67,0.902,0.981,7.688
348508,22.317571,87.310211,15.78,0.57,-0.06,7.13,-1.85,-1.69,1.76,21.52,-10.66,-1.49,0.431,0.941,8.081
348717,22.317571,87.310211,15.78,1.31,0.18,6.65,-6.34,-3.59,2.33,-21.44,-9.06,2.70,-0.235,0.353,8.669
348921,22.317571,87.310211,15.78,1.13,-0.12,7.81,5.09,-2.69,1.21,56.02,4.38,-5.46,0.824,0.745,8.473
349114,22.317571,87.310211,15.78,0.29,-0.96,7.76,2.44,-3.66,2.23,-13.72,-5.02,5.26,0.471,0.510,7.571
349215,22.317571,87.310211,15.78,0.81,-0.02,7.93,1.31,-1.21,1.98,-11.19,24.34,-2.42,0.431,0.431,7.767
349364,22.317571,87.310211,15.78,1.19,-0.10,7.38,-1.97,-0.31,2.41,-22.03,6.05,2.87,0.785,0.628,8.120
349511,22.317571,87.310211,15.78,1.38,-0.48,8.06,-0.62,0.33,1.89,9.19,4.31,-3.58,0.824,0.588,9.297
349715,22.317571,87.310211,15.78,0.75,0.28,8.18,-4.60,-3.18,1.69,-19.53,-17.21,-0.97,0.824,1.020,8.081
349921,22.317571,87.310211,15.78,1.43,-0.92,7.46,1.24,-2.98,1.74,28.35,1.00,0.26,0.549,0.785,9.414
350112,22.317571,87.310211,15.78,0.86,-0.13,6.90,1.82,-1.95,1.29,3.04,5.36,-2.36,0.863,0.785,8.238
350212,22.317571,87.310211,15.78,1.16,-0.97,7.62,-3.31,-1.67,1.41,-51.30,2.82,1.22,0.314,0.471,7.845
350359,22.317571,87.310211,15.78,1.86,-0.60,8.16,-0.79,0.05,0.94,17.14,11.68,-3.22,0.667,0.785,7.649
350507,22.317571,87.310211,15.78,1.09,1.01,8.49,-5.97,-3.88,2.03,-34.97,-26.51,7.38,0.431,0.431,8.512
350714,22.317571,87.310211,15.78,1.42,-0.13,9.11,-6.11,-0.91,1.33,-0.66,14.35,-3.39,0.314,0.588,8.277
350920,22.317571,87.310211,15.78,1.17,0.06,7.74,-1.85,-0.30,1.64,20.64,2.96,1.52,1.255,0.902,10.081
351113,22.317571,87.310211,15.78,0.95,0.59,8.02,-2.17,-5.20,1.14,-1.62,-25.39,-2.61,0.471,0.785,8.865
351215,22.317571,87.310211,15.78,1.14,-0.90,8.03,-1.05,-0.98,1.31,11.00,41.31,1.65,0.431,1.020,7.924
351363,22.317571,87.310211,15.78,0.93,-0.98,8.85,-5.85,-3.85,1.43,-32.49,-19.34,0.83,0.235,0.785,8.826
351512,22.317571,87.310211,15.78,0.88,0.47,7.39,-0.07,-0.69,1.12,38.83,21.21,-2.05,0.588,0.863,8.865
351718,22.317571,87.310211,15.78,0.83,0.22,8.69,-7.32,-1.93,2.03,-35.20,-6.04,4.41,0.431,0.981,7.688
351923,22.317571,87.310211,15.78,1.36,-0.31,8.67,-5.28,-4.17,0.79,9.94,-10.91,-6.07,0.745,0.745,9.375
352115,22.317571,87.310211,15.78,1.14,0.43,6.29,-1.21,-1.43,0.99,21.23,14.27,1.07,0.667,0.706,8.355
352216,22.317571,87.310211,15.78,1.25,-0.28,9.18,-5.47,-3.06,1.13,-42.17,-16.17,1.36,0.588,0.628,8.002
352365,22.317571,87.310211,15.78,1.11,-0.30,8.12,1.54,0.38,0.78,47.03,23.11,-2.36,0.431,0.824,8.041
352512,22.317571,87.310211,15.78,0.41,-0.86,9.47,-6.49,-4.32,0.99,-54.63,-31.99,1.45,1.020,0.824,8.120
352720,22.317571,87.310211,15.78,1.65,-0.46,6.82,1.63,-1.06,0.29,39.01,15.67,-3.38,0.549,0.667,9.179
352926,22.317655,87.310981,15.78,1.08,-0.04,7.82,1.27,-0.76,-0.08,-1.74,1.45,-1.78,0.941,0.941,8.277
353117,22.317655,87.310981,15.78,0.98,-0.60,8.40,-0.32,-3.47,0.08,-8.31,-14.15,0.84,0.667,1.138,7.924
353219,22.317655,87.310981,15.78,1.33,-0.49,6.44,3.85,0.25,-0.92,40.86,36.45,-9.80,0.941,1.216,8.944
353367,22.317655,87.310981,15.78,1.05,-0.51,8.25,-3.85,-1.31,0.14,-51.99,-10.57,7.12,0.824,1.216,9.571
353516,22.317655,87.310981,15.78,1.49,0.42,7.10,1.25,-0.20,-0.16,34.22,7.48,-2.00,0.431,0.785,8.277
353722,22.317655,87.310981,15.78,1.19,-0.54,7.88,-0.30,-4.02,0.25,-7.52,-18.57,2.00,0.667,1.216,8.394
353927,22.317668,87.311027,15.78,1.29,0.01,8.86,-7.34,-2.10,0.53,-34.37,9.38,1.34,-0.157,0.941,8.983
354117,22.317668,87.311027,15.78,0.86,-0.27,7.75,2.43,-1.47,0.56,51.43,3.29,0.16,0.863,0.628,8.669
354214,22.317668,87.311027,15.78,0.58,-0.32,8.40,-0.08,-3.85,-0.08,-25.89,-24.47,-6.61,0.588,0.785,7.571
354366,22.317668,87.311027,15.78,1.25,-0.29,8.01,1.63,0.34,0.83,11.25,27.57,6.03,0.471,1.020,8.002
354511,22.317668,87.311027,15.78,0.88,-0.02,8.17,-1.29,-1.43,1.25,-20.11,-12.21,2.90,0.392,0.549,7.885
354720,22.317668,87.311027,15.78,0.97,-0.21,6.40,3.47,-1.32,0.95,22.75,0.51,-1.42,0.353,0.863,8.669
354926,22.317684,87.311065,15.78,0.57,0.13,7.86,1.46,-1.39,1.40,-9.75,-0.33,2.15,0.745,0.706,8.394
355118,22.317684,87.311065,15.78,1.12,-0.67,8.90,-1.38,-2.96,1.24,-14.79,-8.19,-0.80,0.353,0.392,9.257
355219,22.317684,87.311065,15.78,1.03,0.10,7.13,0.30,-0.87,1.37,16.63,20.71,1.21,1.098,0.745,8.394
355364,22.317684,87.311065,15.78,0.99,-0.02,8.99,-2.71,-1.26,1.13,-20.74,-2.68,-1.63,0.392,0.314,8.865
355514,22.317684,87.311065,15.78,0.86,0.08,8.04,4.56,-3.46,0.81,48.50,-14.66,-2.14,0.628,0.941,9.022
355721,22.317684,87.311065,15.78,0.97,-0.43,8.43,-3.44,-0.87,1.60,-38.65,12.50,3.84,0.235,0.549,8.002
355927,22.317687,87.311119,15.78,1.25,0.41,8.65,-2.59,0.69,1.23,4.11,7.56,-1.82,0.706,0.824,8.159
356117,22.317687,87.311119,15.78,0.26,0.33,6.92,-0.98,-1.53,1.60,8.48,-11.65,1.93,0.824,0.981,8.591
356215,22.317687,87.311119,15.78,1.02,-0.06,9.36,-4.53,-1.84,1.16,-36.30,-3.19,-4.44,0.628,0.510,8.787
356364,22.317687,87.311119,15.78,1.27,0.26,7.05,7.55,1.21,0.08,81.10,20.44,-7.27,-0.785,0.706,9.767
356511,22.317687,87.311119,15.78,1.22,0.24,8.49,-4.68,-0.95,0.59,-83.19,-14.70,3.48,-0.196,0.667,8.041
356719,22.317687,87.311119,15.78,1.18,-1.20,6.94,7.76,-1.38,-0.47,59.82,-2.06,-5.10,1.216,0.902,8.708
356925,22.317691,87.311172,15.78,0.85,-0.04,8.87,-2.53,-0.92,0.00,-49.95,2.26,2.30,0.588,0.706,8.630
357117,22.317691,87.311172,15.78,0.96,-0.61,9.07,-0.62,-1.82,-0.14,9.94,-4.73,-0.72,0.667,0.785,9.728
357218,22.317691,87.311172,15.78,0.61,-0.58,6.90,6.35,-1.34,-0.45,69.00,4.76,-3.10,0.941,0.706,8.591
357365,22.317691,87.311172,15.78,0.72,0.31,9.09,-2.60,-3.38,-0.50,-60.86,-13.87,-0.31,0.392,0.628,8.630
357516,22.317691,87.311172,15.78,0.24,-0.09,8.37,1.06,-3.11,0.13,24.22,1.82,4.15,0.471,0.549,8.041
357721,22.317691,87.311172,15.78,0.78,-0.86,8.75,3.44,-1.61,-0.41,11.62,7.30,-2.64,0.745,1.255,8.669
357927,22.317695,87.311225,15.78,0.85,0.53,6.89,-1.41,-1.47,1.47,-23.57,0.70,9.15,0.235,0.902,7.963
358119,22.317695,87.311225,15.78,1.12,0.39,6.93,2.23,-2.64,1.16,18.96,-6.12,-1.63,1.098,0.863,9.375
358217,22.317695,87.311225,15.78,1.09,-0.22,7.80,3.73,-1.79,0.81,15.35,8.72,-3.58,0.431,0.824,9.454
358364,22.317695,87.311225,15.78,0.99,-0.46,7.29,0.18,-2.29,1.24,-24.15,-3.43,2.91,0.628,0.588,7.649
358511,22.317695,87.311225,15.78,0.66,0.87,7.90,4.89,1.07,1.39,31.99,22.85,1.04,0.353,0.981,8.708
358714,22.317695,87.311225,15.78,0.62,-0.46,6.60,-3.23,-1.57,1.47,-39.97,-13.01,0.41,0.000,0.745,10.434
358920,22.317695,87.311225,15.78,0.59,0.22,8.60,1.27,-1.61,1.50,21.86,-0.19,0.15,-0.157,0.431,8.041
359111,22.317695,87.311225,15.78,0.50,0.15,10.16,2.29,-1.10,1.51,5.32,2.68,0.04,0.588,0.745,8.120
359209,22.317695,87.311225,15.78,1.23,-0.96,6.91,7.70,-0.23,1.29,55.23,8.88,-2.26,1.373,0.824,9.414
359356,22.317695,87.311225,15.78,0.66,0.21,7.62,-2.82,-3.15,1.33,-71.56,-19.89,0.26,1.059,0.471,9.493
359504,22.317695,87.311225,15.78,1.16,-0.11,7.29,2.63,-2.90,1.01,36.83,1.70,-2.17,1.059,0.706,7.885
359709,22.317695,87.311225,15.78,0.71,-0.92,9.81,-2.46,-1.10,1.90,-24.84,8.79,4.36,0.549,0.745,7.610
359914,22.317695,87.311225,15.78,1.23,-0.04,8.72,-1.88,-1.18,0.82,2.83,-0.41,-5.25,0.510,0.667,8.159
360105,22.317695,87.311225,15.78,0.88,-0.03,7.87,-3.28,-0.67,0.82,-7.35,2.68,-0.04,1.138,0.471,9.101
360207,22.317695,87.311225,15.78,1.47,-0.92,9.24,0.13,-1.76,0.78,33.45,-10.63,-0.37,0.706,0.628,7.218
360355,22.317695,87.311225,15.78,0.94,-0.31,8.34,-1.75,-2.09,0.73,-12.69,-2.27,-0.36,0.275,0.824,7.649
360505,22.317695,87.311225,15.78,1.21,0.53,8.23,2.45,0.75,1.32,27.99,18.93,3.97,0.667,0.981,8.591
360708,22.317695,87.311225,15.78,0.84,-0.53,7.73,3.43,0.18,0.22,4.81,-2.82,-5.41,0.824,0.785,9.140
360912,22.317695,87.311225,15.78,0.34,0.17,7.22,5.16,-3.13,0.54,8.49,-16.20,1.57,0.902,1.020,7.924
361104,22.317695,87.311225,15.78,0.82,-0.60,8.94,-2.12,-0.18,1.20,-37.93,15.35,3.42,0.667,1.059,8.669
361206,22.317695,87.311225,15.78,0.89,0.61,7.39,5.69,-1.60,-0.27,76.56,-13.85,-14.37,0.824,0.745,8.826
361356,22.317695,87.311225,15.78,1.03,-0.37,9.12,-1.56,-0.92,0.42,-48.30,4.48,4.58,0.392,0.706,8.748
361503,22.317695,87.311225,15.78,1.29,-0.40,7.44,-3.04,-1.57,0.30,-10.07,-4.41,-0.83,1.491,0.588,9.924
361712,22.317695,87.311225,15.78,0.98,0.15,7.32,2.66,-1.74,0.48,27.25,-0.80,0.88,1.177,0.549,10.003
361918,22.317695,87.311225,15.78,0.64,-0.87,6.42,4.67,-1.60,0.21,9.78,0.70,-1.30,0.431,0.667,8.944
362108,22.317695,87.311225,15.78,0.49,-0.40,7.27,1.05,0.01,0.90,-19.04,8.44,3.62,0.981,1.138,9.964
362209,22.317695,87.311225,15.78,0.37,-0.61,7.37,1.81,-1.35,0.77,7.48,-13.45,-1.28,0.941,0.706,8.669
362355,22.317695,87.311225,15.78,0.77,-0.71,8.05,-3.42,-2.72,0.86,-35.82,-9.36,0.63,1.098,0.353,7.492
362505,22.317695,87.311225,15.78,0.53,0.64,6.77,4.73,0.00,0.64,54.30,18.12,-1.48,0.314,0.824,8.748
362708,22.317695,87.311225,15.78,0.50,-0.47,8.30,-3.67,-4.11,1.37,-41.36,-20.23,3.61,0.941,1.020,8.434
362914,22.317695,87.311225,15.78,1.15,0.09,9.03,-6.63,-2.87,1.21,-14.38,6.00,-0.78,0.431,0.745,7.924
363106,22.317695,87.311225,15.78,1.43,-0.88,7.67,4.32,0.31,0.11,57.05,16.54,-5.73,1.334,0.431,8.983
363206,22.317695,87.311225,15.78,1.38,-0.45,6.76,5.76,-1.67,1.03,14.35,-19.77,9.16,1.098,0.824,8.041
363354,22.317695,87.311225,15.78,1.02,-0.71,9.53,-1.26,-3.71,0.21,-47.40,-13.77,-5.52,0.471,1.177,9.061
363504,22.317695,87.311225,15.78,1.15,0.24,9.15,-0.29,-3.35,1.82,6.46,2.39,10.74,0.275,0.549,7.492
363709,22.317695,87.311225,15.78,1.14,0.51,8.92,-1.25,-0.53,1.28,-4.69,13.74,-2.64,0.431,1.059,8.434
363914,22.317695,87.311225,15.78,0.95,-0.85,9.47,-0.15,-2.92,0.92,5.36,-11.66,-1.75,0.392,0.510,7.022
364105,22.317695,87.311225,15.78,0.87,-0.37,7.92,-8.63,-3.32,1.51,-44.40,-2.08,3.08,-0.118,0.431,8.826
364210,22.317695,87.311225,15.78,1.33,-0.28,8.12,-4.91,-1.24,1.56,35.48,19.77,0.44,0.863,0.902,8.826
364356,22.317695,87.311225,15.78,0.63,-0.16,7.96,-1.26,-2.35,1.44,24.99,-7.58,-0.78,1.020,0.667,7.767
364506,22.317695,87.311225,15.78,0.60,0.01,7.86,4.60,-0.87,0.79,39.03,9.87,-4.33,0.431,0.941,8.787
364709,22.317695,87.311225,15.78,0.71,-0.19,7.21,1.32,-1.80,0.73,-16.13,-4.59,-0.34,0.392,0.471,7.022
364915,22.317695,87.311225,15.78,1.29,0.14,9.47,-5.39,-3.07,0.70,-32.57,-6.15,-0.11,1.098,0.628,8.787
365107,22.317695,87.311225,15.78,1.30,-0.19,6.03,0.95,-1.19,1.26,33.00,9.78,2.90,0.275,1.098,9.257
365206,22.317695,87.311225,15.78,0.79,0.19,8.17,-1.67,-3.08,0.68,-26.45,-19.05,-5.86,1.294,0.353,8.669
365356,22.317695,87.311225,15.78,1.41,-0.04,6.56,5.38,-0.24,0.38,47.02,18.93,-1.98,0.628,0.745,8.944
365503,22.317695,87.311225,15.78,1.29,-0.14,8.48,-4.98,-2.50,1.16,-70.52,-15.37,5.30,0.353,0.471,7.845
365711,22.317695,87.311225,15.78,1.37,-1.70,7.53,4.51,-1.44,0.91,45.65,5.06,-1.21,-0.078,0.431,9.571
365916,22.317695,87.311225,15.78,0.84,-0.17,6.58,2.57,-0.49,0.59,-9.46,4.65,-1.56,0.706,1.216,8.748
366107,22.317695,87.311225,15.78,1.25,0.70,8.48,0.30,-1.18,0.53,-11.91,-3.60,-0.28,1.059,0.392,7.885
366210,22.317695,87.311225,15.78,1.37,-0.46,7.11,1.34,-2.23,0.47,10.08,-10.23,-0.59,0.157,0.392,7.885
366357,22.317695,87.311225,15.78,1.11,-0.66,8.50,-4.72,-3.71,0.79,-41.18,-10.07,2.18,1.255,0.235,7.845
366507,22.317695,87.311225,15.78,1.19,-0.77,8.06,3.29,0.24,1.58,53.38,26.31,5.24,0.902,0.981,9.297
366711,22.317695,87.311225,15.78,1.00,-0.34,8.90,-3.12,-1.46,1.54,-31.43,-8.31,-0.19,0.667,0.863,8.865
366916,22.317739,87.311660,15.78,0.71,0.39,8.02,-0.83,-2.42,1.82,11.17,-4.69,1.38,0.235,0.510,7.728
367108,22.317739,87.311660,15.78,0.79,0.35,7.52,1.27,-2.65,1.53,10.97,-1.19,-1.55,0.588,0.902,8.316
367208,22.317739,87.311660,15.78,0.76,-1.02,8.78,1.40,-2.25,1.50,1.22,3.97,-0.23,0.235,0.628,8.238
367353,22.317739,87.311660,15.78,0.87,-0.45,6.96,1.73,-1.19,0.78,2.32,7.32,-5.00,0.392,0.941,8.904
367499,22.317739,87.311660,15.78,0.52,-0.10,8.83,3.12,-2.07,1.02,9.52,-6.01,1.62,0.000,0.745,8.630
367703,22.317739,87.311660,15.78,1.27,-0.05,5.61,-0.69,-0.09,0.44,-18.71,9.69,-2.81,1.216,0.824,9.101
367907,22.317739,87.311660,15.78,0.85,0.49,8.72,-7.68,-0.91,0.59,-34.24,-4.00,0.71,1.138,0.667,8.904
368099,22.317739,87.311660,15.78,1.33,0.74,7.91,2.43,-2.63,0.15,52.64,-8.99,-2.31,1.608,1.098,8.865
368199,22.317739,87.311660,15.78,0.78,0.67,6.10,0.77,2.57,0.53,-16.56,52.06,3.89,-0.196,0.785,8.630
368346,22.317739,87.311660,15.78,1.29,-0.30,8.67,-9.76,-3.60,1.06,-71.61,-42.01,3.58,1.334,0.510,6.629
368495,22.317739,87.311660,15.78,1.08,-0.42,7.76,5.67,-0.64,-0.37,103.54,19.88,-9.63,-0.275,0.941,9.532
368705,22.317739,87.311660,15.78,0.83,-1.04,7.81,4.95,-2.01,0.12,-3.45,-6.51,2.36,0.706,1.059,6.590
368910,22.317739,87.311660,15.78,1.23,-0.30,9.52,-1.96,-0.84,0.91,-33.70,5.70,3.84,0.431,0.745,8.198
369100,22.317739,87.311660,15.78,1.50,-0.21,7.23,3.13,0.44,0.69,26.80,6.75,-1.12,0.785,0.785,6.629
369201,22.317739,87.311660,15.78,0.91,-0.31,8.76,6.76,0.68,1.40,35.98,2.34,6.95,1.255,0.785,8.944
369344,22.317739,87.311660,15.78,0.73,-0.32,7.82,0.85,-0.79,1.08,-41.37,-10.30,-2.19,0.902,0.941,8.041
369495,22.317739,87.311660,15.78,0.70,-0.40,8.48,2.30,-2.51,1.07,9.61,-11.37,-0.10,0.863,0.745,9.061
369700,22.317739,87.311660,15.78,1.21,0.04,7.35,0.56,0.44,0.70,-8.45,14.37,-1.79,0.392,0.745,8.944
369905,22.317739,87.311660,15.78,1.15,-0.82,6.95,-1.45,-0.73,0.85,-9.83,-5.70,0.71,0.392,0.588,8.983
370096,22.317739,87.311660,15.78,1.02,-0.48,8.47,1.52,-1.24,0.74,15.55,-2.64,-0.56,0.628,0.628,8.669
370198,22.317739,87.311660,15.78,1.54,0.03,8.39,1.74,0.29,0.73,2.17,14.97,-0.07,0.392,0.510,7.571
370341,22.317739,87.311660,15.78,0.54,0.06,9.69,-2.66,-3.67,0.92,-30.80,-27.71,1.33,0.667,0.667,8.277
370491,22.317739,87.311660,15.78,1.17,0.24,7.25,3.05,-1.49,0.54,38.12,14.55,-2.54,0.471,0.902,9.257
370696,22.317739,87.311660,15.78,0.67,-0.17,7.62,12.95,-1.74,0.13,48.30,-1.23,-2.01,0.078,0.549,7.375
370902,22.317739,87.311660,15.78,1.20,-0.24,9.47,2.22,-2.04,0.64,-52.10,-1.45,2.48,0.628,0.549,7.335
371094,22.317739,87.311660,15.78,0.99,-0.34,6.50,2.10,-1.00,0.61,-0.64,5.41,-0.16,0.392,0.902,8.198
371194,22.317739,87.311660,15.78,0.46,-0.02,9.12,-1.27,-2.39,0.55,-33.66,-13.89,-0.61,0.275,0.392,8.983
371345,22.317739,87.311660,15.78,0.91,-0.35,7.13,0.70,-1.00,0.89,13.04,9.20,2.27,0.157,0.588,8.787
371490,22.317739,87.311660,15.78,0.87,0.59,7.50,0.66,-0.33,1.38,-0.26,4.63,3.37,0.078,0.667,9.493
371693,22.317739,87.311660,15.78,0.83,-0.42,6.13,0.05,-1.50,1.79,-3.01,-5.79,2.03,0.314,0.000,8.473
371898,22.317739,87.311660,15.78,0.80,0.20,8.53,-3.51,-0.61,0.79,-17.39,4.36,-4.88,0.196,0.392,7.728
372089,22.317739,87.311660,15.78,1.17,0.10,9.10,1.98,-2.45,0.24,28.78,-9.63,-2.88,1.059,0.235,8.159
372191,22.317739,87.311660,15.78,0.90,-0.18,6.53,-1.64,-1.32,0.06,-35.55,11.08,-1.80,1.373,0.824,9.375
372340,22.317739,87.311660,15.78,1.00,0.23,7.71,3.93,-0.34,-0.29,37.40,6.56,-2.36,0.706,0.588,8.865
372487,22.317739,87.311660,15.78,0.91,0.80,7.06,2.25,-0.16,-0.31,-11.42,1.25,-0.10,0.235,0.667,9.218
372694,22.317739,87.311660,15.78,0.67,-0.64,7.75,-1.21,-2.50,-0.19,-16.74,-11.28,0.55,0.981,0.863,8.512
372899,22.317739,87.311660,15.78,0.45,0.37,8.55,-8.94,-3.24,0.25,-37.68,-3.65,2.16,0.039,0.824,8.512
373091,22.317739,87.311660,15.78,1.21,-0.67,6.44,2.92,-0.27,-1.03,61.78,15.47,-6.68,0.588,0.628,7.649
373193,22.317739,87.311660,15.78,0.81,-0.15,8.57,2.31,-3.62,-0.35,-5.99,-32.78,6.66,0.588,0.667,7.492
373342,22.317739,87.311660,15.78,0.98,0.28,6.72,1.43,-0.53,-0.82,-5.94,20.70,-3.13,1.059,0.941,9.454
373489,22.317739,87.311660,15.78,1.08,0.26,7.84,4.40,-2.69,-0.73,20.25,-14.64,0.62,0.353,0.628,8.238
373696,22.317739,87.311660,15.78,0.83,-0.02,8.37,-4.00,-2.14,-0.77,-40.60,2.66,-0.22,0.510,0.863,7.610
373901,22.317739,87.311660,15.78,0.87,-0.59,7.16,-2.26,-1.23,-1.30,8.49,4.43,-2.57,0.431,0.863,9.689
374092,22.317739,87.311660,15.78,1.15,-0.15,8.27,-2.53,-3.52,-0.50,-1.44,-11.99,4.20,0.745,0.902,8.159
374197,22.317739,87.311660,15.78,1.58,0.14,6.41,1.49,-0.19,-0.71,38.31,31.70,-2.04,0.588,0.785,9.101
374344,22.317739,87.311660,15.78,0.96,0.45,7.93,-4.34,-1.89,-0.03,-39.62,-11.58,4.62,0.981,1.098,7.610
374494,22.317739,87.311660,15.78,0.90,-0.02,7.02,3.62,-0.88,-0.69,53.03,6.77,-4.38,0.235,0.863,10.630
374701,22.317739,87.311660,15.78,1.34,-0.25,5.48,4.76,-0.37,0.26,5.49,2.47,4.57,0.941,0.628,10.434
374906,22.317739,87.311660,15.78,0.71,-0.30,8.50,0.17,-3.30,0.19,-22.38,-14.30,-0.34,0.706,0.785,7.375
375099,22.317739,87.311660,15.78,1.01,-0.59,7.13,-2.74,-1.69,1.05,-15.07,8.31,4.43,0.078,0.745,10.160
375202,22.317739,87.311660,15.78,1.11,-0.58,9.00,-1.40,-3.36,0.05,13.04,-16.16,-9.71,-0.039,0.706,6.002
375353,22.317739,87.311660,15.78,0.95,-1.93,10.05,-6.14,-2.15,0.60,-31.39,8.04,3.69,-0.431,0.549,6.708
375502,22.317739,87.311660,15.78,0.97,-0.15,9.50,10.65,-0.05,1.25,112.66,14.04,4.35,0.000,0.785,8.277
375710,22.317739,87.311660,15.78,0.84,-0.46,7.85,-5.30,1.26,2.31,-76.67,6.31,5.10,0.235,0.549,9.257
375915,22.317739,87.311660,15.78,1.26,-0.26,8.67,1.50,-1.70,1.02,33.18,-14.45,-6.29,0.667,0.549,10.317
376109,22.317739,87.311660,15.78,0.87,0.37,6.65,12.37,-1.43,1.44,55.99,1.42,2.16,2.197,0.235,5.923
376208,22.317739,87.311660,15.78,0.89,-0.26,5.77,12.14,2.21,1.17,-2.31,36.70,-2.78,0.235,1.098,10.905
376356,22.317739,87.311660,15.78,0.26,-0.58,8.90,1.73,-2.13,1.99,-70.30,-29.30,5.57,0.392,0.275,6.669
376505,22.317739,87.311660,15.78,1.11,-0.64,7.25,-3.82,-3.34,1.94,-37.30,-8.15,-0.36,1.608,0.431,8.748
376713,22.317739,87.311660,15.78,0.82,0.80,7.07,-4.59,-2.08,2.85,-3.67,6.06,4.37,0.549,0.785,10.317
376919,22.317775,87.312187,15.78,0.64,1.07,10.82,-4.20,-0.34,2.94,1.89,8.49,0.44,-0.078,-0.157,6.041
377110,22.317775,87.312187,15.78,1.45,-0.73,10.99,-4.80,-1.11,2.38,-3.16,-4.04,-2.92,0.157,0.275,9.454
377213,22.317775,87.312187,15.78,0.10,-0.78,8.33,6.76,-4.95,2.01,112.21,-37.35,-3.63,2.236,1.294,10.277
377364,22.317775,87.312187,15.78,0.40,0.17,5.61,-15.69,-2.48,3.74,-148.68,16.38,11.48,2.824,0.000,9.807
377515,22.317775,87.312187,15.78,0.28,0.48,8.00,10.86,-0.69,1.95,175.88,11.83,-11.83,0.785,-0.196,7.885
377723,22.317775,87.312187,15.78,0.38,-0.34,6.77,0.99,-0.79,3.34,-47.45,-0.48,6.68,0.275,0.510,6.904
377914,22.317775,87.312187,15.78,0.69,-1.00,7.24,0.86,0.23,2.65,-0.68,5.36,-3.64,0.392,0.275,10.003
378106,22.317775,87.312187,15.78,0.24,0.14,8.57,-0.10,8.24,2.45,-5.01,41.75,-1.03,0.981,-0.510,8.787
378208,22.317775,87.312187,15.78,1.23,-0.47,6.72,4.66,5.24,2.95,46.62,-29.49,4.94,1.804,0.549,12.788
378355,22.317775,87.312187,15.78,-0.32,-1.30,5.02,0.18,-1.50,0.39,-30.48,-45.80,-17.45,0.118,0.706,8.238
378507,22.317775,87.312187,15.78,0.53,1.12,7.77,-6.88,-2.09,0.83,-46.40,-3.92,2.91,1.922,0.000,15.298
378715,22.317775,87.312187,15.78,0.30,0.71,6.13,2.18,-2.35,2.51,43.56,-1.25,8.07,1.020,0.588,11.533
378920,22.317785,87.312278,15.78,-1.15,0.65,9.08,-7.31,3.80,1.67,-46.32,30.01,-4.10,1.922,0.941,10.748
379114,22.317785,87.312278,15.78,0.46,0.02,5.20,7.73,-8.24,-0.23,77.52,-62.05,-9.80,0.824,-0.902,9.964
379215,22.317785,87.312278,15.78,0.61,0.70,5.45,4.69,-1.31,-1.11,-30.01,68.63,-8.69,1.412,0.431,8.630
379364,22.317785,87.312278,15.78,1.49,0.75,8.77,-8.37,-3.31,1.09,-87.71,-13.42,14.75,0.667,-0.078,8.238
379514,22.317785,87.312278,15.78,0.96,-0.14,7.99,2.02,-3.67,0.40,69.26,-2.44,-4.63,0.785,0.431,11.023
379721,22.317785,87.312278,15.78,1.76,0.72,5.74,4.09,-7.19,1.42,10.03,-17.00,4.94,1.177,0.941,9.964
379926,22.317787,87.312324,15.78,0.94,0.70,5.44,0.60,-8.11,2.39,-17.05,-4.47,4.73,0.863,0.275,7.100
380118,22.317787,87.312324,15.78,0.72,-0.33,9.43,-4.11,-3.41,1.44,-24.49,24.45,-4.97,0.549,0.392,7.453
380219,22.317787,87.312324,15.78,1.06,-0.09,8.35,-6.25,2.45,3.33,-21.24,58.05,18.74,1.648,-0.353,10.120
380369,22.317787,87.312324,15.78,0.23,-0.30,7.43,0.31,-2.93,1.50,43.72,-35.88,-12.21,0.628,1.138,9.846
380519,22.317787,87.312324,15.78,0.89,0.87,8.36,1.85,1.56,1.60,10.28,29.97,0.66,1.412,0.157,8.983
380721,22.317787,87.312324,15.78,-0.03,0.00,8.13,-0.39,-3.96,0.55,-11.07,-27.36,-5.18,0.549,0.588,7.924
380913,22.317787,87.312324,15.78,0.54,0.99,8.79,-7.93,1.15,1.90,-39.28,26.60,7.04,0.981,-0.078,8.591
381106,22.317787,87.312324,15.78,0.34,-0.12,6.74,-0.62,-0.57,1.24,37.89,-8.90,-3.44,0.706,-0.549,7.257
381209,22.317787,87.312324,15.78,0.56,-0.56,8.82,-11.42,-2.17,0.78,-104.87,-15.49,-4.45,0.353,-0.196,7.492
381363,22.317787,87.312324,15.78,0.34,-0.52,6.03,-2.23,2.18,0.40,59.68,28.20,-2.48,0.196,0.078,7.767
381510,22.317787,87.312324,15.78,0.98,-1.07,8.87,-1.43,-0.40,0.95,5.45,-17.55,3.79,0.863,0.118,7.728
381716,22.317787,87.312324,15.78,0.14,-0.58,6.34,12.59,-7.60,0.58,68.04,-34.91,-1.82,0.000,0.353,7.218
381910,22.317787,87.312324,15.78,0.76,0.61,9.94,-15.79,-1.26,1.84,-146.30,32.66,6.49,-0.039,0.196,7.924
382102,22.317787,87.312324,15.78,-0.67,-0.36,7.57,-9.74,-1.08,1.48,31.53,0.95,-1.87,0.628,0.196,10.434
382204,22.317787,87.312324,15.78,1.28,0.21,3.42,1.00,3.67,0.03,105.30,46.55,-14.22,0.275,-0.471,7.375
382352,22.317787,87.312324,15.78,0.72,-0.06,7.89,0.56,-2.90,0.01,-2.99,-44.41,-0.15,0.667,0.588,9.414
382501,22.317787,87.312324,15.78,0.32,-0.48,6.87,4.82,-4.01,-2.44,28.64,-7.43,-16.39,0.196,0.863,7.806
382709,22.317787,87.312324,15.78,1.54,0.59,8.24,1.23,-0.98,-2.05,-17.29,14.57,1.83,0.824,0.549,6.786
382915,22.317798,87.312469,15.78,1.10,-0.54,8.59,-1.23,-5.56,-1.49,-11.93,-22.23,2.74,0.275,-0.157,10.081
383109,22.317798,87.312469,15.78,0.68,-0.41,5.26,5.71,-1.38,-1.18,35.77,21.52,1.57,0.431,-0.628,7.022
383209,22.317798,87.312469,15.78,0.33,0.95,9.83,-4.98,-2.49,0.24,-106.95,-11.07,14.27,0.118,0.392,8.238
383360,22.317798,87.312469,15.78,-0.20,0.99,7.78,3.09,-3.21,0.34,53.49,-4.80,0.66,0.549,-0.314,9.846
383507,22.317798,87.312469,15.78,1.11,-0.13,8.70,0.46,-0.25,1.37,-17.92,20.15,7.01,0.314,0.392,8.708
383714,22.317798,87.312469,15.78,0.51,-0.51,7.43,-0.36,-4.15,2.98,-3.95,-18.84,7.74,-0.157,-0.314,10.160
383921,22.317802,87.312530,15.78,1.25,-2.60,5.71,4.47,-1.69,2.51,23.34,11.91,-2.25,0.118,1.059,9.454
384112,22.317802,87.312530,15.78,0.02,1.36,10.87,-9.39,-1.15,2.57,-72.58,2.84,0.32,1.138,0.824,11.062
384214,22.317802,87.312530,15.78,-0.40,0.58,8.92,-9.02,-7.18,3.40,3.59,-59.20,8.08,1.138,0.471,6.904
384360,22.317802,87.312530,15.78,2.07,0.51,6.87,-3.35,-2.82,3.61,38.85,29.91,1.46,2.471,-0.118,7.806
384508,22.317802,87.312530,15.78,1.58,-1.27,2.79,8.49,-0.32,1.47,80.00,16.87,-14.49,1.020,-0.785,5.884
384716,22.317802,87.312530,15.78,-0.29,-1.23,5.46,16.97,11.12,5.24,40.77,55.01,18.17,-0.549,1.608,4.158
384924,22.317811,87.312576,15.78,2.61,-0.75,7.43,3.08,4.34,1.89,-66.76,-32.59,-16.15,2.001,-0.157,14.161
385118,22.317811,87.312576,15.78,-0.12,0.39,11.88,-12.70,-5.27,0.03,-81.37,-49.58,-9.56,-0.785,-0.785,8.826
385225,22.317811,87.312576,15.78,-0.34,0.01,11.39,-2.41,-4.91,-0.99,96.17,3.42,-9.56,0.667,-0.039,5.923
385376,22.317811,87.312576,15.78,-0.48,-1.32,5.79,7.66,0.19,0.77,66.68,33.77,11.68,0.118,0.471,8.669
385523,22.317811,87.312576,15.78,0.71,-0.00,9.71,-11.16,2.18,3.56,-128.01,13.55,18.95,1.216,-0.392,7.061
385732,22.317811,87.312576,15.78,0.06,-1.40,8.46,3.93,-6.15,1.18,72.21,-39.85,-11.40,-0.275,-0.314,6.119
385926,22.317811,87.312576,15.78,2.16,0.42,9.49,1.06,2.79,2.89,-14.79,46.04,8.85,0.471,-0.039,9.179
386117,22.317811,87.312576,15.78,0.78,-0.39,6.15,-0.79,-3.73,0.85,-9.71,-34.09,-10.67,0.471,0.275,9.454
386220,22.317811,87.312576,15.78,-0.04,0.17,8.71,-0.96,-0.54,-0.03,-1.63,30.90,-8.60,0.039,0.353,7.649
386369,22.317811,87.312576,15.78,1.57,-1.60,5.99,1.03,5.27,0.68,13.37,38.99,4.76,0.785,-0.196,11.101
386516,22.317811,87.312576,15.78,-0.27,-0.63,9.09,-3.56,-2.18,0.04,-31.21,-50.68,-4.36,0.902,-0.235,9.571
386728,22.317811,87.312576,15.78,0.65,-1.91,7.86,-1.40,-4.32,0.26,10.19,-10.08,1.04,0.000,0.706,8.748
386921,22.317811,87.312576,15.78,0.13,0.10,7.47,3.37,2.83,0.98,24.68,37.06,3.76,0.196,0.275,9.179
387112,22.317811,87.312576,15.78,-0.09,-0.01,9.87,-2.37,-5.18,-0.47,-30.05,-41.92,-7.63,-0.157,0.314,9.767
387218,22.317811,87.312576,15.78,-0.23,-0.64,8.60,-3.02,-5.82,0.34,-6.12,-6.05,7.63,0.745,0.549,7.688
387366,22.317811,87.312576,15.78,0.25,-0.78,7.85,-0.40,-6.25,-0.06,17.69,-2.94,-2.68,0.118,0.431,7.649
387516,22.317811,87.312576,15.78,-0.38,0.11,7.83,3.72,-2.77,0.77,27.48,23.21,5.55,0.706,0.157,7.845
387721,22.317811,87.312576,15.78,0.37,-0.28,9.05,-3.27,-1.82,2.74,-34.07,4.65,9.61,0.000,1.059,8.512
387913,22.317811,87.312576,15.78,-0.15,-0.61,8.45,-0.98,-3.00,1.15,11.89,-6.16,-8.31,-0.078,-0.078,6.119
388106,22.317811,87.312576,15.78,0.26,-0.78,9.81,-15.37,-2.95,1.88,-74.52,0.24,3.80,-0.510,0.275,8.591
388208,22.317811,87.312576,15.78,0.70,0.42,8.24,7.00,-4.21,1.44,219.28,-12.27,-4.34,0.431,0.000,8.041
388357,22.317811,87.312576,15.78,0.51,-0.83,8.41,-0.10,0.78,2.22,-47.65,33.45,5.28,0.275,-0.118,8.355
388505,22.317811,87.312576,15.78,-0.25,-0.53,9.03,-6.90,-0.93,2.41,-45.96,-11.55,1.29,-0.785,0.471,11.023
388716,22.317811,87.312576,15.78,1.52,0.86,10.88,-7.28,-4.60,2.58,-1.81,-17.37,0.80,-0.039,-0.157,8.826
388909,22.317811,87.312576,15.78,1.78,-0.53,8.50,1.44,-1.03,0.72,45.21,18.47,-9.65,-0.118,0.314,8.198
389100,22.317811,87.312576,15.78,-0.45,0.41,7.44,-2.60,-1.43,0.96,-21.18,-2.08,1.28,0.628,-0.275,9.571
389204,22.317811,87.312576,15.78,0.12,-0.29,9.16,-0.88,-2.51,1.38,16.59,-10.42,4.04,1.334,-0.196,8.904
389353,22.317811,87.312576,15.78,0.76,0.04,7.16,-8.97,-5.72,0.66,-54.31,-21.52,-4.87,1.922,0.981,9.218
389504,22.317811,87.312576,15.78,0.63,0.37,5.82,13.28,5.31,0.24,147.36,73.05,-2.78,0.078,0.706,10.552
389710,22.317811,87.312576,15.78,0.53,-0.94,10.15,-7.60,-2.25,-0.41,-101.35,-36.72,-3.15,0.039,1.138,8.120
389918,22.317844,87.312805,15.78,0.51,-0.75,7.29,0.89,-2.24,-0.62,40.81,0.07,-0.99,0.628,0.824,9.924
390110,22.317844,87.312805,15.78,0.02,-0.82,7.48,1.76,0.89,-0.34,4.49,16.30,1.43,0.235,0.039,7.453
390207,22.317844,87.312805,15.78,1.20,-1.07,7.85,-2.11,0.44,-0.08,-39.90,-4.72,2.75,-0.314,0.588,9.022
390356,22.317844,87.312805,15.78,1.35,-1.33,9.11,-1.63,-1.79,-0.21,3.28,-14.96,-0.92,1.530,-0.157,5.806
390507,22.317844,87.312805,15.78,0.28,-2.20,9.44,-14.47,-4.98,0.24,-85.08,-21.08,3.03,1.451,0.314,7.649
390716,22.317844,87.312805,15.78,0.24,-1.03,5.85,7.01,0.21,-0.15,102.78,24.84,-1.90,0.196,0.941,6.433
390909,22.317844,87.312805,15.78,1.01,-0.46,8.29,-0.88,-1.79,0.11,-40.86,-10.36,1.38,0.000,-0.549,6.551
391102,22.317844,87.312805,15.78,0.33,-0.12,9.37,1.20,-6.69,0.34,10.76,-25.39,1.15,0.392,-0.078,7.257
391204,22.317844,87.312805,15.78,1.04,-0.29,8.89,-2.35,-2.66,-0.11,-34.80,39.52,-4.34,0.549,-0.196,7.767
391356,22.317844,87.312805,15.78,0.32,-0.74,9.57,-2.61,-0.70,1.16,-1.71,12.86,8.34,0.039,0.078,7.532
391503,22.317844,87.312805,15.78,0.29,-1.95,7.45,0.08,-1.26,0.69,18.33,-3.79,-3.22,0.902,0.824,7.453
391710,22.317844,87.312805,15.78,-0.02,0.45,7.91,-9.48,-1.01,1.73,-46.21,1.22,5.02,0.235,0.157,10.787
391916,22.317867,87.312911,15.78,0.69,0.12,4.48,6.18,-0.65,0.73,76.00,1.74,-4.82,0.706,0.157,8.394
392107,22.317867,87.312911,15.78,-0.06,-0.25,6.82,-1.76,-1.10,1.18,-41.53,-2.36,2.36,1.216,-0.078,9.336
392210,22.317867,87.312911,15.78,0.47,1.04,6.80,-2.40,0.67,1.91,-6.23,17.19,7.04,1.020,-0.118,9.257
392355,22.317867,87.312911,15.78,0.78,0.04,6.23,0.60,-1.95,1.83,20.69,-18.06,-0.53,1.491,0.235,8.591
392504,22.317867,87.312911,15.78,0.93,-0.27,10.14,4.41,-3.11,1.25,25.56,-7.79,-3.89,0.981,-0.628,8.120
392712,22.317867,87.312911,15.78,0.15,-0.12,7.90,4.31,-1.15,1.21,-0.48,9.43,-0.22,-0.078,0.314,8.277
392916,22.317880,87.312980,15.78,0.53,-1.08,6.85,-0.34,-3.03,1.78,-22.83,-9.24,2.81,-0.118,0.353,10.474
393110,22.317880,87.312980,15.78,0.75,-0.20,10.62,6.94,-2.31,1.06,37.54,3.74,-3.70,0.902,-0.157,9.022
393210,22.317880,87.312980,15.78,0.08,-0.24,7.06,2.12,-0.08,1.79,-48.17,22.29,7.25,-0.039,0.235,8.355
393359,22.317880,87.312980,15.78,-0.50,-0.15,9.40,-5.80,-2.24,2.39,-53.18,-14.55,4.05,1.334,0.353,8.434
393509,22.317880,87.312980,15.78,-0.31,-0.04,7.87,-2.76,-2.64,1.50,20.31,-2.65,-5.90,0.157,0.039,8.198
393718,22.317880,87.312980,15.78,0.12,-0.38,6.89,-0.52,-3.75,2.02,10.70,-5.30,2.48,0.588,0.078,7.767
393910,22.317880,87.312980,15.78,0.68,-0.05,7.44,6.84,-3.36,1.15,38.33,2.03,-4.57,0.471,-0.078,8.394
394100,22.317880,87.312980,15.78,0.31,0.14,8.42,-1.01,-3.77,1.59,-41.30,-2.17,2.33,1.020,-0.314,9.414
394202,22.317880,87.312980,15.78,-0.17,-0.14,6.52,3.32,-2.42,1.14,42.43,13.25,-4.42,0.941,0.314,10.120
394350,22.317880,87.312980,15.78,0.02,-0.05,8.80,2.12,-2.17,2.34,-8.10,1.70,8.15,0.628,0.196,8.081
394497,22.317880,87.312980,15.78,-0.34,0.21,7.57,-2.61,-2.03,1.55,-32.20,0.93,-5.40,0.471,0.235,9.140
394703,22.317880,87.312980,15.78,0.47,0.50,9.27,-2.21,-3.89,1.58,1.93,-9.04,0.15,0.510,0.157,7.492
394907,22.317916,87.313110,15.78,-0.18,-0.47,8.95,-1.88,0.64,1.87,1.65,22.23,1.42,0.471,0.588,8.316
395099,22.317916,87.313110,15.78,0.26,-0.23,7.67,-4.40,-0.46,1.43,-13.16,-5.73,-2.31,0.353,0.314,8.473
395200,22.317916,87.313110,15.78,0.80,0.03,8.50,-0.15,-5.18,0.73,42.10,-46.71,-6.95,0.706,-0.275,9.807
395350,22.317916,87.313110,15.78,1.06,-0.82,9.29,-4.41,-4.57,0.44,-28.40,4.02,-1.88,0.353,0.314,8.551
395498,22.317916,87.313110,15.78,0.56,0.18,9.00,-9.46,-5.76,0.99,-34.09,-8.05,3.71,0.353,0.118,7.885
395704,22.317916,87.313110,15.78,1.34,0.22,8.24,3.53,0.33,0.66,63.03,29.57,-1.59,0.549,-0.118,8.983
395909,22.317922,87.313171,15.78,0.95,-0.14,8.82,-3.81,-1.60,0.55,-35.78,-9.38,-0.56,-0.078,0.392,8.748
396101,22.317922,87.313171,15.78,0.28,0.34,8.54,0.25,-2.89,0.53,21.15,-6.72,-0.08,0.353,-0.039,7.845
396200,22.317922,87.313171,15.78,0.82,0.06,9.19,-1.67,-2.35,0.66,-19.43,5.40,1.31,0.235,1.059,9.101
396347,22.317922,87.313171,15.78,0.19,0.24,9.01,0.55,-2.53,0.66,15.11,-1.19,0.00,0.471,0.157,8.708
396492,22.317922,87.313171,15.78,0.47,-0.02,7.76,-1.24,-2.63,-0.02,-12.37,-0.68,-4.69,0.549,0.314,10.238
396702,22.317922,87.313171,15.78,0.79,-0.77,7.20,-1.60,-0.83,0.67,-1.71,8.54,3.27,0.196,1.216,9.807
396908,22.317922,87.313217,15.78,0.10,-0.16,7.34,1.78,0.17,1.26,16.42,4.85,2.85,0.706,0.628,8.198
397100,22.317922,87.313217,15.78,0.80,0.35,8.91,-2.82,-3.67,0.24,-23.93,-20.00,-5.29,0.510,0.431,8.159
397201,22.317922,87.313217,15.78,0.39,-0.97,7.93,0.66,-3.42,-0.48,34.46,2.49,-7.18,0.628,0.118,8.277
397348,22.317922,87.313217,15.78,1.34,-1.00,10.15,-3.02,-2.17,0.67,-25.08,8.52,7.84,0.314,-0.157,8.355
397498,22.317922,87.313217,15.78,1.16,-0.81,7.05,-3.46,-0.39,0.68,-2.90,11.86,0.05,0.157,0.863,6.629
397704,22.317922,87.313217,15.78,0.30,-1.67,9.69,-1.16,-1.22,1.23,11.15,-4.04,2.67,0.431,0.785,8.473
397911,22.317926,87.313285,15.78,0.56,-0.97,7.89,-1.61,0.34,1.36,-2.18,7.56,0.63,0.471,-0.078,7.885
398102,22.317926,87.313285,15.78,0.69,-0.70,8.42,-3.15,1.04,-0.48,-8.07,3.64,-9.63,0.628,0.235,7.492
398201,22.317926,87.313285,15.78,0.98,-1.46,7.25,1.21,0.47,-0.19,44.03,-5.71,2.93,0.588,0.078,7.924
398348,22.317926,87.313285,15.78,0.80,-0.64,7.21,-3.85,2.25,0.31,-34.38,12.10,3.38,0.549,0.196,8.708
398495,22.317926,87.313285,15.78,1.06,-1.17,10.16,-3.25,-3.63,-0.10,4.05,-40.04,-2.75,1.216,-0.157,7.610
398705,22.317926,87.313285,15.78,0.69,0.65,7.88,0.09,5.66,-0.31,15.92,44.24,-0.98,2.197,-0.196,8.904
398912,22.317935,87.313354,15.78,0.87,-0.68,5.16,-2.52,-3.34,-1.34,-12.61,-43.48,-5.02,0.941,-0.275,9.022
399104,22.317935,87.313354,15.78,1.03,-0.11,7.99,-2.28,-4.00,-1.32,1.23,-3.42,0.12,0.392,0.510,6.865
399204,22.317935,87.313354,15.78,1.81,-0.57,8.18,-1.40,2.93,-1.01,8.85,69.31,3.13,-0.314,0.549,9.454
399350,22.317935,87.313354,15.78,1.68,1.25,8.75,6.46,-0.79,-1.92,53.80,-25.46,-6.27,0.667,0.628,7.885
399500,22.317935,87.313354,15.78,0.56,-0.27,8.35,8.17,-2.60,-3.27,11.40,-12.06,-9.01,0.588,0.314,8.120
399708,22.317935,87.313354,15.78,1.11,-0.11,8.12,1.60,-0.13,-3.01,-31.56,11.85,1.28,0.235,1.177,9.101
399913,22.317953,87.313423,15.78,0.43,0.92,8.60,-2.92,0.02,-0.20,-22.04,0.74,13.70,1.020,0.941,8.944
400106,22.317953,87.313423,15.78,-0.04,0.14,6.53,1.44,-3.30,0.57,22.54,-17.21,3.99,0.392,0.353,9.767
400205,22.317953,87.313423,15.78,0.62,-1.36,8.96,8.55,-0.15,0.28,71.86,31.85,-2.93,0.392,-0.235,8.904
400354,22.317953,87.313423,15.78,-0.15,0.26,8.22,-3.63,-0.60,2.02,-81.72,-3.02,11.68,-0.157,0.902,11.886
400505,22.317953,87.313423,15.78,1.09,-0.46,7.54,15.76,3.95,2.67,128.36,30.08,4.30,0.471,0.471,7.924
400712,22.317953,87.313423,15.78,0.42,0.61,7.68,1.98,-4.18,2.74,-66.53,-39.24,0.33,0.863,0.314,7.296
400905,22.317953,87.313423,15.78,0.05,-1.07,8.73,-2.07,3.31,2.80,-21.00,38.76,0.32,0.981,-0.706,9.493
401097,22.317953,87.313423,15.78,0.37,-0.28,6.59,-5.34,-4.56,2.58,-17.02,-40.95,-1.15,0.235,-0.078,7.218
401201,22.317953,87.313423,15.78,-0.08,-0.37,8.23,-3.47,4.85,2.99,17.91,90.50,3.96,-0.039,-0.314,10.356
401351,22.317953,87.313423,15.78,0.19,-1.10,8.87,2.66,-2.77,2.81,40.87,-50.84,-1.22,0.000,0.078,5.609
401500,22.317953,87.313423,15.78,0.81,0.55,9.56,4.37,-2.64,2.63,11.48,0.87,-1.18,0.745,-0.431,9.218
401704,22.317953,87.313423,15.78,0.13,-0.04,8.87,-7.98,3.19,3.26,-60.51,28.59,3.07,1.569,-0.471,12.553
401911,22.317968,87.313537,15.78,0.93,0.60,7.73,-0.79,-2.59,2.53,34.70,-27.92,-3.50,1.491,0.118,8.002
402104,22.317968,87.313537,15.78,-0.45,-0.82,7.52,-9.00,-4.86,2.52,-42.52,-11.79,-0.08,0.275,-0.941,11.768
402209,22.317968,87.313537,15.78,0.59,0.04,5.48,7.00,2.25,2.47,152.38,67.76,-0.51,0.314,0.706,11.454
402357,22.317968,87.313537,15.78,-0.18,-0.36,8.76,-4.48,-4.13,2.44,-77.57,-43.12,-0.15,1.098,-0.745,5.806
402509,22.317968,87.313537,15.78,-0.47,-0.43,7.52,-6.90,-0.85,2.01,-15.92,21.54,-2.86,0.824,-0.431,8.002
402720,22.317968,87.313537,15.78,0.03,-0.23,6.90,5.74,-4.72,1.83,59.91,-18.31,-0.83,-0.157,-0.628,10.630
402914,22.317968,87.313537,15.78,-0.52,-0.94,6.95,-1.96,-3.35,2.44,-39.70,7.04,3.15,0.078,-0.981,7.492
403104,22.317968,87.313537,15.78,-0.43,1.05,8.14,-2.56,-3.28,1.63,-3.13,0.36,-4.30,-0.078,0.588,10.434
403201,22.317968,87.313537,15.78,0.24,1.32,10.50,-9.89,-8.56,2.53,-75.55,-54.38,9.36,0.549,-0.392,9.375
403351,22.317968,87.313537,15.78,-0.26,1.29,7.40,16.15,0.26,0.58,173.59,58.78,-13.03,-0.353,0.275,10.160
403503,22.317968,87.313537,15.78,0.65,0.89,5.60,-4.61,-1.50,2.06,-136.60,-11.55,9.74,0.785,0.275,9.924
403710,22.317968,87.313537,15.78,-0.21,0.11,7.23,-5.14,-1.97,2.58,-2.54,-2.29,2.51,0.824,-0.824,7.924
403902,22.317968,87.313537,15.78,0.34,-0.90,11.20,-6.56,4.99,1.97,-7.43,36.26,-3.18,0.745,-0.353,7.022
404093,22.317968,87.313537,15.78,0.84,0.50,8.08,-5.22,-5.98,1.69,7.03,-57.47,-1.44,0.275,-0.118,9.414
404196,22.317968,87.313537,15.78,0.45,-1.47,8.39,-8.02,-3.08,0.97,-27.13,28.16,-7.04,0.431,0.510,9.532
404344,22.317968,87.313537,15.78,1.14,-1.81,9.03,-13.59,0.87,1.65,-37.65,26.72,4.59,0.667,-0.275,7.649
404495,22.317968,87.313537,15.78,-0.37,-0.41,6.33,11.15,-2.63,-0.60,163.84,-23.15,-14.91,0.353,0.628,8.630
404707,22.317968,87.313537,15.78,-0.23,0.22,7.51,-0.05,-4.16,0.89,-52.86,-7.24,7.02,1.059,0.196,7.414
404912,22.317995,87.313697,15.78,0.46,-1.30,7.79,11.03,0.71,0.89,54.07,23.76,0.00,1.412,-0.235,7.688
405104,22.317995,87.313697,15.78,-0.13,-0.41,6.97,-9.59,-0.31,2.23,-107.39,-5.33,7.00,0.431,0.353,8.748
405207,22.317995,87.313697,15.78,0.69,-0.37,7.94,2.46,-2.50,0.82,116.95,-21.27,-13.71,0.314,-0.314,10.866
405359,22.317995,87.313697,15.78,0.23,-0.39,8.60,0.93,-4.44,0.61,-10.04,-12.76,-1.36,0.628,0.157,7.845
405509,22.317995,87.313697,15.78,0.46,-0.64,10.57,1.60,-2.54,0.61,4.48,12.67,0.00,0.235,-0.353,7.178
405715,22.317995,87.313697,15.78,0.45,-0.54,8.46,-3.66,1.94,0.85,-25.57,21.75,1.15,1.059,-0.235,9.022
405921,22.318008,87.313751,15.78,-0.16,-1.09,8.76,-5.66,0.49,0.63,-9.67,-7.04,-1.07,0.941,0.118,6.708
406112,22.318008,87.313751,15.78,0.53,-1.18,7.69,10.05,2.32,0.27,82.25,9.59,-1.88,0.863,0.118,8.983
406213,22.318008,87.313751,15.78,0.17,-0.24,6.60,7.46,0.09,0.34,-25.70,-22.07,0.68,0.353,-0.157,7.571
406361,22.318008,87.313751,15.78,-0.80,-0.13,8.28,0.16,-4.31,0.79,-49.31,-29.71,3.09,0.039,-0.392,9.650
406512,22.318008,87.313751,15.78,-0.92,-0.05,6.44,-4.24,0.07,0.85,-29.17,28.97,0.35,0.235,-0.118,9.179
406720,22.318008,87.313751,15.78,0.11,-0.57,7.72,2.47,-3.93,0.73,32.26,-19.23,-0.55,0.824,-0.235,8.316
406913,22.318008,87.313751,15.78,0.32,-0.80,8.25,-3.87,-3.22,0.63,-32.83,3.68,-0.51,0.392,-0.235,8.944
407104,22.318008,87.313751,15.78,0.12,0.66,7.59,-1.36,-1.83,0.44,13.15,7.27,-1.04,0.510,-0.039,8.041
407203,22.318008,87.313751,15.78,0.79,0.19,10.14,-4.54,-2.91,0.89,-32.15,-10.87,4.55,0.902,-0.118,7.100
407354,22.318008,87.313751,15.78,0.02,0.34,8.90,0.85,-3.49,-0.22,35.74,-3.84,-7.33,0.471,-0.353,8.551
407502,22.318008,87.313751,15.78,0.67,0.01,8.87,0.91,-3.40,0.75,0.36,0.57,6.55,0.510,-0.196,7.806
407704,22.318008,87.313751,15.78,-0.28,0.21,7.01,1.27,-1.63,1.14,1.78,8.81,1.93,0.353,0.392,10.434
407897,22.318008,87.313751,15.78,-0.82,0.26,6.95,-1.98,-1.16,1.48,-16.85,2.41,1.78,0.549,-0.392,7.688
408088,22.318008,87.313751,15.78,0.78,-0.09,7.70,-3.29,-0.89,0.65,-6.83,1.40,-4.36,-0.745,-0.078,8.277
408189,22.318008,87.313751,15.78,0.77,1.04,8.42,-1.41,-3.01,0.50,18.59,-20.94,-1.51,0.078,0.353,8.316
408338,22.318008,87.313751,15.78,1.19,0.70,9.05,7.36,0.18,0.37,58.87,21.42,-0.87,-0.549,0.235,10.944
408485,22.318008,87.313751,15.78,0.94,0.09,6.70,-5.56,1.35,0.98,-87.86,7.95,4.15,0.275,0.314,7.806
408690,22.318008,87.313751,15.78,0.83,-0.83,6.59,3.43,-4.82,0.46,43.83,-30.12,-2.53,0.706,0.118,7.061
408896,22.318008,87.313751,15.78,0.63,0.00,8.07,4.06,-2.47,0.78,3.08,11.45,1.56,0.157,0.471,9.218
409086,22.318008,87.313751,15.78,0.40,0.92,7.27,7.28,-0.73,1.00,16.95,9.12,1.17,1.098,0.196,8.355
409183,22.318008,87.313751,15.78,1.02,-0.48,5.49,7.97,1.09,0.28,7.08,18.81,-7.40,0.235,-0.510,7.571
409329,22.318008,87.313751,15.78,-0.23,-0.67,6.11,0.60,1.07,1.22,-50.51,-0.16,6.43,0.314,0.118,8.159
409477,22.318008,87.313751,15.78,0.14,0.42,10.81,2.66,-4.56,0.36,13.93,-38.06,-5.83,0.863,-0.314,9.297
409684,22.318008,87.313751,15.78,0.01,-0.89,6.65,-2.74,-0.34,1.44,-26.07,20.43,5.24,0.275,-0.039,9.846
409890,22.318008,87.313751,15.78,0.03,-0.04,8.48,7.63,-1.86,-0.05,50.36,-7.41,-7.26,0.549,0.510,8.316
410082,22.318008,87.313751,15.78,0.47,0.47,7.80,-4.66,-5.63,0.60,-64.05,-19.64,3.38,0.745,-0.510,6.472
410185,22.318008,87.313751,15.78,0.96,-0.09,10.08,-5.60,-0.17,1.12,-9.04,53.06,5.11,0.549,0.353,8.238
410334,22.318008,87.313751,15.78,0.81,0.58,7.61,-4.56,1.11,2.15,6.92,8.56,6.92,0.275,-0.235,10.081
410479,22.318008,87.313751,15.78,0.01,-0.53,5.87,4.74,-0.43,0.99,64.17,-10.58,-8.00,0.353,-0.039,9.336
410687,22.318008,87.313751,15.78,0.12,-0.69,7.93,0.80,-3.21,1.32,-18.94,-13.36,1.58,1.020,0.431,8.041
410893,22.318008,87.313751,15.78,0.42,-0.34,8.41,1.37,-0.30,1.54,2.74,14.12,1.07,1.216,-0.549,8.355
411084,22.318008,87.313751,15.78,0.18,-0.96,6.65,1.90,-0.97,0.31,2.80,-3.52,-6.43,1.020,-0.157,8.277
411187,22.318008,87.313751,15.78,0.06,0.64,10.76,-2.80,-4.82,0.59,-45.65,-37.43,2.67,0.549,-0.549,7.963
411336,22.318008,87.313751,15.78,0.57,-0.35,7.08,-0.48,0.57,1.10,15.57,36.22,3.43,1.059,-0.078,8.551
411484,22.318008,87.313751,15.78,-0.15,-0.37,8.30,-0.86,-3.08,2.08,-2.58,-24.71,6.60,0.863,-0.078,7.571
411694,22.318008,87.313751,15.78,0.76,0.27,9.50,-7.58,-1.21,3.05,-31.99,8.91,4.62,0.510,-0.588,8.355
411899,22.318048,87.314056,15.78,-0.13,-0.22,8.15,-3.50,0.26,5.56,19.88,7.19,12.25,0.667,-0.314,9.414
412092,22.318048,87.314056,15.78,-0.36,0.12,7.66,0.47,-1.92,6.47,20.61,-11.31,4.75,0.981,-1.255,7.924
412193,22.318048,87.314056,15.78,-0.47,-0.26,7.57,-2.47,-4.40,7.52,-29.17,-24.56,10.35,0.941,-0.235,8.591
412346,22.318048,87.314056,15.78,-0.87,-0.34,6.71,2.54,-3.13,7.18,32.78,8.33,-2.25,0.275,-1.098,7.924
412494,22.318048,87.314056,15.78,0.00,-0.51,7.74,-0.71,-3.33,7.78,-21.97,-1.34,4.07,0.745,-0.549,10.552
412703,22.318048,87.314056,15.78,-0.47,0.65,7.60,-0.44,-3.40,8.14,1.28,-0.37,1.72,1.451,-0.235,8.159
412908,22.318052,87.314109,15.78,-0.17,0.21,7.81,3.13,-0.51,8.76,17.43,14.11,3.05,1.648,-1.138,8.394
413102,22.318052,87.314109,15.78,0.39,0.91,7.69,0.86,-0.86,8.85,-11.69,-1.81,0.43,1.569,-0.118,9.375
413201,22.318052,87.314109,15.78,0.37,-0.32,8.23,-0.66,-6.54,7.73,-15.42,-57.37,-11.33,1.648,-0.196,10.238
413355,22.318052,87.314109,15.78,-0.50,-2.23,7.72,-7.38,-1.42,6.69,-43.62,33.26,-6.69,1.294,-0.314,8.591
413507,22.318052,87.314109,15.78,-0.17,-0.37,6.37,-6.04,-3.40,5.98,8.84,-13.01,-4.67,1.020,-0.039,6.825
413716,22.318052,87.314109,15.78,-0.50,-1.29,7.20,7.33,-4.35,2.69,63.95,-4.57,-15.74,0.981,0.510,6.119
413907,22.318052,87.314109,15.78,1.44,-1.99,7.53,-5.58,-6.07,1.83,-67.58,-8.99,-4.52,0.314,0.196,9.807
414100,22.318052,87.314109,15.78,2.12,-1.14,6.67,8.12,-2.92,1.44,71.00,16.34,-2.02,1.294,0.981,10.944
414200,22.318052,87.314109,15.78,-0.00,-1.61,9.10,9.66,-4.46,0.63,15.42,-15.42,-8.17,0.314,0.824,4.276
414350,22.318052,87.314109,15.78,0.27,-1.87,11.33,-20.93,-1.98,1.50,-203.97,16.49,5.80,0.863,-0.549,7.100
414503,22.318052,87.314109,15.78,0.46,-0.16,7.25,-0.46,-6.14,-1.05,133.81,-27.14,-16.61,1.177,0.706,9.140
414714,22.318052,87.314109,15.78,2.17,0.36,8.71,-11.00,0.06,0.37,-49.96,29.38,6.73,-0.078,0.706,7.296
414907,22.318052,87.314109,15.78,2.51,-1.23,10.98,-11.73,-0.04,-0.76,-3.76,-0.51,-5.85,1.726,0.118,13.180
415100,22.318052,87.314109,15.78,1.66,-1.41,6.30,8.85,-5.90,-2.78,106.63,-30.38,-10.48,0.392,-0.863,5.335
415205,22.318052,87.314109,15.78,2.77,-0.60,11.00,-14.74,-7.23,-4.72,-224.72,-12.65,-18.47,1.177,-0.431,8.787
415362,22.318052,87.314109,15.78,3.15,-1.00,8.52,-5.07,-0.18,-6.17,61.60,44.88,-9.24,-0.078,-0.157,5.217
415513,22.318052,87.314109,15.78,2.47,-0.42,8.08,15.06,-2.05,-7.35,133.31,-12.39,-7.84,-0.235,0.510,6.394
415725,22.318052,87.314109,15.78,2.73,-2.56,8.50,8.63,-0.29,-9.49,-30.35,8.32,-10.08,0.902,-0.471,14.122
415919,22.318052,87.314109,15.78,2.68,-0.80,12.98,-4.95,3.96,-10.09,-70.00,21.92,-3.11,1.255,1.491,12.160
416113,22.318052,87.314109,15.78,0.87,-0.88,16.65,-2.47,8.27,-9.98,12.79,22.19,0.55,-1.648,0.431,2.197
416209,22.318052,87.314109,15.78,2.49,-0.36,13.31,-8.50,4.69,-6.79,-62.82,-37.21,33.32,1.216,0.275,10.317
416362,22.318052,87.314109,15.78,0.37,0.48,6.47,1.02,2.10,-6.80,62.22,-16.96,-0.10,0.039,1.883,10.474
416510,22.318052,87.314109,15.78,-0.29,1.74,10.46,-7.16,-14.38,-5.66,-55.24,-111.36,7.74,1.883,1.177,9.336
416722,22.318052,87.314109,15.78,0.99,1.24,7.17,-4.08,-5.92,-3.08,14.55,39.93,12.17,0.628,1.020,7.296
416916,22.318052,87.314109,15.78,-0.06,-0.37,3.89,12.76,-3.04,2.79,86.76,14.83,30.22,-0.118,0.824,6.629
417110,22.318052,87.314109,15.78,1.27,0.68,7.55,4.49,2.66,5.06,-42.61,29.39,11.73,0.785,0.863,7.139
417206,22.318052,87.314109,15.78,1.00,-0.23,9.60,-9.98,1.62,4.91,-150.76,-10.89,-1.59,1.294,-0.235,11.768
417358,22.318052,87.314109,15.78,0.36,-1.02,6.21,7.50,-1.62,3.30,115.01,-21.29,-10.60,0.078,0.902,9.336
417509,22.318052,87.314109,15.78,0.62,-1.56,5.69,8.92,0.27,3.76,9.45,12.49,3.08,1.530,-0.745,9.650
417713,22.318052,87.314109,15.78,-1.24,-0.94,6.33,14.99,-2.29,4.92,29.75,-12.54,5.69,-0.275,0.157,6.865
417905,22.318052,87.314109,15.78,2.17,-0.10,10.62,0.60,-0.89,2.83,-74.98,7.28,-10.89,0.745,-0.118,6.394
418099,22.318052,87.314109,15.78,1.88,-0.30,6.98,11.49,-2.32,1.84,56.15,-7.36,-5.12,0.039,0.824,7.728
418202,22.318052,87.314109,15.78,0.41,0.58,6.98,6.63,1.24,0.44,-47.14,34.61,-13.56,-0.078,0.353,12.592
418351,22.318052,87.314109,15.78,1.09,1.13,8.01,6.93,-0.16,1.07,2.00,-9.43,4.20,0.235,0.118,9.061
418496,22.318052,87.314109,15.78,2.95,-1.60,10.61,-5.70,-1.62,2.19,-87.13,-10.06,7.74,0.902,-0.471,7.296
418706,22.318052,87.314109,15.78,0.61,0.99,8.46,-0.27,-2.38,0.82,25.88,-3.64,-6.51,1.804,0.314,5.884
418911,22.318109,87.314392,15.78,1.48,-0.03,5.19,-21.09,-4.60,0.53,-101.58,-10.84,-1.45,0.785,1.020,12.435
419105,22.318109,87.314392,15.78,0.99,0.36,5.99,-2.48,-5.18,-1.35,95.93,-2.95,-9.68,-0.039,0.196,5.923
419209,22.318109,87.314392,15.78,3.30,-0.75,9.47,-12.15,5.21,0.30,-93.00,99.82,15.85,2.628,0.196,11.454
419359,22.318109,87.314392,15.78,-0.80,-0.63,6.29,-0.97,-8.32,-1.91,74.55,-90.18,-14.71,0.431,-0.431,2.707
419513,22.318109,87.314392,15.78,1.54,0.32,10.78,2.30,0.16,-0.50,21.22,55.07,9.12,-1.334,0.000,9.414
419720,22.318109,87.314392,15.78,0.84,0.51,2.69,3.23,-11.45,-1.15,4.50,-56.09,-3.10,-0.471,-0.549,7.610
419911,22.318109,87.314392,15.78,1.59,-0.05,8.98,-4.95,4.89,-1.94,-42.80,85.57,-4.16,1.883,0.039,11.297
420105,22.318109,87.314392,15.78,0.13,-0.92,8.77,6.49,-3.63,-2.46,58.94,-43.95,-2.68,-0.471,0.353,5.374
420210,22.318109,87.314392,15.78,0.84,-0.42,8.10,-11.23,-2.40,-2.40,-168.74,11.78,0.51,0.588,0.824,8.041
420361,22.318109,87.314392,15.78,1.95,0.32,11.63,-5.38,-4.49,-1.50,38.72,-13.85,5.97,-0.039,0.745,10.591
420513,22.318109,87.314392,15.78,1.74,0.04,10.35,2.37,-3.69,-0.60,50.97,5.22,5.98,-0.235,0.824,8.041
420719,22.318109,87.314392,15.78,1.67,0.01,6.49,-0.69,-4.26,0.56,-14.82,-2.74,5.63,0.118,1.294,9.022
420911,22.318109,87.314392,15.78,0.46,0.45,10.87,-3.73,-1.53,0.95,-15.82,14.23,2.03,0.314,0.588,8.865
421104,22.318109,87.314392,15.78,0.37,0.38,6.58,-0.56,-1.56,0.98,16.37,-0.16,0.16,0.902,0.941,8.944
421204,22.318109,87.314392,15.78,2.02,0.34,7.46,2.85,-3.15,0.89,34.20,-15.88,-0.92,0.039,1.294,8.316
421352,22.318109,87.314392,15.78,0.54,0.37,6.41,5.13,1.09,1.42,15.37,28.63,3.56,0.196,0.118,7.610
421496,22.318109,87.314392,15.78,1.24,-0.70,10.46,-2.27,-1.69,1.83,-51.37,-19.30,2.86,-0.196,0.588,6.904
421706,22.318109,87.314392,15.78,1.82,-0.32,8.09,-4.40,-4.50,1.85,-10.18,-13.41,0.07,1.569,1.059,10.199
421913,22.318124,87.314514,15.78,-0.04,0.48,7.55,-2.69,-2.06,3.98,8.26,11.80,10.29,0.745,1.138,7.375
422106,22.318124,87.314514,15.78,0.49,0.43,8.76,-5.62,-0.73,3.27,-15.15,6.88,-3.64,0.039,0.392,10.670
422208,22.318124,87.314514,15.78,0.37,0.83,9.11,-7.02,-1.18,3.74,-13.77,-4.42,4.57,0.471,0.275,9.767
422355,22.318124,87.314514,15.78,0.45,-0.06,6.66,-2.54,-2.03,2.79,30.48,-5.76,-6.44,0.039,0.431,9.454
422504,22.318124,87.314514,15.78,0.70,-0.48,8.79,-4.11,0.02,2.87,-10.55,13.73,0.51,0.745,-0.157,7.296
422711,22.318124,87.314514,15.78,1.01,0.68,7.24,-1.54,-3.07,2.67,12.43,-14.90,-0.96,0.431,0.392,8.669
422903,22.318124,87.314514,15.78,0.37,-0.03,7.93,2.62,-1.41,1.48,21.67,8.63,-6.20,1.138,0.549,8.826
423095,22.318124,87.314514,15.78,1.68,0.13,6.62,6.44,-2.52,1.21,19.92,-5.76,-1.39,1.334,0.706,10.042
423196,22.318124,87.314514,15.78,2.09,-0.53,5.66,2.99,1.18,1.11,-34.16,36.58,-0.98,1.059,0.353,8.630
423344,22.318124,87.314514,15.78,0.77,0.15,7.02,5.32,-1.18,0.61,15.73,-15.94,-3.40,-0.196,1.059,10.709
423493,22.318124,87.314514,15.78,1.35,-0.84,8.18,-0.47,-1.27,0.42,-38.89,-0.56,-1.28,0.628,0.941,6.747
423702,22.318124,87.314514,15.78,1.20,-1.07,7.09,-7.22,-4.01,0.40,-32.29,-13.11,-0.11,0.000,1.059,8.159
423908,22.318147,87.314590,15.78,2.47,-1.10,7.97,0.85,-1.19,-0.82,39.17,13.67,-5.89,0.431,0.628,9.022
424099,22.318147,87.314590,15.78,0.76,-0.03,5.96,-1.66,-4.24,-0.12,-13.11,-15.99,3.64,0.431,0.235,7.022
424205,22.318147,87.314590,15.78,0.63,0.22,9.20,-10.15,-2.30,-0.35,-80.15,18.36,-2.16,0.039,0.902,9.807
424354,22.318147,87.314590,15.78,0.21,-0.34,8.06,-0.74,-3.64,-0.27,63.17,-9.02,0.56,0.431,1.451,6.629
424504,22.318147,87.314590,15.78,0.40,0.01,8.22,-4.64,-7.30,-0.27,-26.01,-24.38,0.00,0.039,0.745,6.472
424712,22.318147,87.314590,15.78,1.39,0.61,10.40,0.78,4.50,0.18,26.06,56.74,2.17,0.706,-0.314,8.394
424904,22.318147,87.314590,15.78,1.54,0.04,8.60,-3.24,-5.01,0.30,-20.95,-49.54,0.60,0.431,0.902,10.081
425096,22.318147,87.314590,15.78,1.07,0.35,6.08,6.38,-5.74,1.11,50.14,-3.82,4.25,1.255,0.785,8.983
425196,22.318147,87.314590,15.78,0.57,0.68,9.61,-0.02,0.10,0.70,-63.97,58.40,-4.12,1.177,0.392,10.042
425344,22.318147,87.314590,15.78,1.45,-0.97,8.22,-9.16,-3.04,1.18,-61.79,-21.20,3.25,0.353,0.392,6.943
425494,22.318147,87.314590,15.78,1.48,-0.85,10.26,-4.76,-4.69,-0.01,29.36,-11.04,-7.94,0.196,0.549,7.845
425705,22.318147,87.314590,15.78,1.18,-0.73,6.84,1.07,-2.46,-0.10,27.60,10.60,-0.43,0.314,1.020,9.885
425911,22.318161,87.314689,15.78,1.28,-0.97,8.90,5.24,2.13,-0.80,20.27,22.27,-3.41,0.275,1.059,8.787
426102,22.318161,87.314689,15.78,1.40,-0.16,9.07,-1.01,-0.35,-1.05,-32.73,-12.99,-1.32,0.981,1.059,9.218
426209,22.318161,87.314689,15.78,0.90,-0.15,6.48,0.21,1.35,-0.53,11.41,15.91,4.85,0.902,1.059,7.139
426354,22.318161,87.314689,15.78,1.22,0.48,8.89,-6.05,1.44,-0.52,-43.17,0.63,0.11,0.745,1.216,8.551
426502,22.318161,87.314689,15.78,0.98,-0.42,6.91,2.53,-1.05,-1.03,57.92,-16.87,-3.46,0.667,0.549,8.826
426708,22.318161,87.314689,15.78,1.91,-0.04,7.55,-2.65,1.38,-1.44,-25.12,11.82,-1.96,0.510,0.745,8.512
426901,22.318161,87.314689,15.78,1.09,-1.39,7.22,0.64,-2.24,-0.81,17.05,-18.79,3.24,0.000,0.706,8.787
427094,22.318161,87.314689,15.78,0.85,0.24,7.66,-4.97,-2.03,-0.39,-29.07,1.11,2.18,-0.118,0.549,8.394
427197,22.318161,87.314689,15.78,0.87,-0.91,7.61,-7.79,-1.54,-0.07,-27.35,4.74,3.11,0.431,1.255,9.885
427345,22.318161,87.314689,15.78,1.19,-0.49,7.27,-1.18,-0.96,0.47,44.62,3.92,3.61,0.039,0.510,7.375
427492,22.318161,87.314689,15.78,0.64,0.01,9.50,1.84,-4.05,0.51,20.56,-20.98,0.31,0.196,0.510,8.551
427697,22.318161,87.314689,15.78,1.03,-0.47,9.38,-3.80,1.14,0.94,-27.52,25.28,2.09,0.314,0.157,8.512
427904,22.318164,87.314788,15.78,0.47,-0.55,9.46,2.79,-2.36,1.63,31.83,-16.89,3.36,0.078,0.667,9.218
428096,22.318164,87.314788,15.78,0.65,-0.28,7.33,-2.52,-1.98,1.89,-27.63,1.99,1.35,0.353,0.706,10.591
428198,22.318164,87.314788,15.78,1.46,-0.52,10.37,-13.26,-3.98,2.66,-105.30,-19.68,7.48,0.588,0.196,5.806
428351,22.318164,87.314788,15.78,1.72,-0.06,8.74,-6.03,-2.62,1.42,47.25,8.93,-8.08,0.902,0.392,9.336
428498,22.318164,87.314788,15.78,0.20,1.19,7.73,0.14,-2.55,1.55,41.96,0.47,0.88,0.941,0.941,10.827
428702,22.318164,87.314788,15.78,0.86,0.05,6.60,-1.92,0.82,2.66,-10.07,16.50,5.46,0.275,0.628,9.218
428894,22.318164,87.314788,15.78,0.94,0.26,9.87,-0.22,-2.47,0.77,8.83,-17.14,-9.86,0.706,1.648,9.101
429085,22.318164,87.314788,15.78,1.56,0.21,8.10,15.83,2.28,0.66,84.05,24.90,-0.56,0.824,0.785,9.846
429187,22.318164,87.314788,15.78,1.55,-0.37,8.28,10.23,-0.63,-0.11,-54.93,-28.59,-7.56,-0.275,0.353,9.061
429339,22.318164,87.314788,15.78,0.96,0.05,9.05,-3.30,-2.10,0.74,-88.99,-9.64,5.57,0.353,1.138,10.042
429488,22.318164,87.314788,15.78,0.95,0.47,7.46,8.64,-2.91,0.10,80.13,-5.43,-4.30,0.785,0.628,7.688
429693,22.318164,87.314788,15.78,0.92,0.54,6.27,1.84,-1.79,1.07,-33.18,5.44,4.73,0.000,-0.275,8.708
429898,22.318170,87.314888,15.78,1.08,-1.06,7.76,-0.10,-0.93,1.84,-9.46,4.21,3.76,0.471,0.431,7.532
430089,22.318170,87.314888,15.78,0.10,-0.68,9.28,-1.07,-3.56,3.83,-5.08,-13.79,10.43,0.000,0.314,9.257
430194,22.318170,87.314888,15.78,0.91,-1.14,7.66,-1.15,-1.87,3.21,-0.80,16.14,-5.89,0.706,0.588,8.277
430342,22.318170,87.314888,15.78,0.45,0.34,8.58,10.95,-2.56,2.44,81.80,-4.64,-5.21,-0.039,0.785,8.669
430491,22.318170,87.314888,15.78,0.54,-0.69,5.97,-8.39,-0.76,3.77,-129.82,12.09,8.91,1.804,1.059,7.728
430699,22.318170,87.314888,15.78,0.32,-0.64,8.36,1.61,-2.14,3.02,48.08,-6.64,-3.60,0.235,0.667,8.277
430905,22.318180,87.314933,15.78,0.87,-0.29,8.53,3.30,0.40,2.71,8.19,12.34,-1.52,0.510,0.275,6.943
431095,22.318180,87.314933,15.78,1.24,-0.58,8.65,8.56,-1.82,2.97,27.72,-11.73,1.37,0.118,0.588,7.335
431198,22.318180,87.314933,15.78,1.13,-0.95,7.59,3.21,-1.19,2.98,-51.95,6.15,0.07,0.118,0.824,6.433
431343,22.318180,87.314933,15.78,1.21,0.05,8.96,-5.44,-3.21,2.42,-59.70,-13.95,-3.84,-0.078,0.510,8.630
431495,22.318180,87.314933,15.78,0.27,0.40,5.78,2.96,-0.75,2.40,55.29,16.22,-0.10,0.431,0.392,7.532
431699,22.318180,87.314933,15.78,1.00,-1.87,9.19,-3.18,0.04,1.57,-30.12,3.85,-4.08,-0.392,0.314,7.924
431904,22.318187,87.314987,15.78,1.01,-0.58,9.05,-5.38,-1.26,0.69,-10.72,-6.33,-4.32,1.216,0.196,9.964
432096,22.318187,87.314987,15.78,1.17,-0.62,6.29,-0.56,-1.99,-0.71,25.09,-3.82,-7.28,0.785,1.020,8.591
432200,22.318187,87.314987,15.78,1.88,-0.08,8.11,1.26,2.31,-0.68,17.54,41.32,0.29,0.000,0.510,7.963
432346,22.318187,87.314987,15.78,0.99,0.54,8.18,0.88,0.35,-0.77,-2.61,-13.38,-0.63,-0.471,0.392,7.885
432495,22.318187,87.314987,15.78,1.08,0.36,8.97,-3.58,-1.09,-0.08,-29.92,-9.68,4.61,0.745,0.471,7.375
432702,22.318187,87.314987,15.78,0.49,-0.26,7.63,2.17,-0.05,0.39,27.77,5.02,2.29,1.491,0.902,8.238
432907,22.318193,87.315040,15.78,0.78,0.49,7.26,-3.02,-3.13,0.77,-25.28,-15.01,1.86,-0.118,0.745,10.042
433100,22.318193,87.315040,15.78,0.97,0.06,8.94,-0.92,-1.59,1.18,10.88,7.99,2.10,0.078,0.510,9.218
433200,22.318193,87.315040,15.78,1.28,-0.42,6.61,3.60,-2.27,1.18,45.11,-6.79,0.00,0.471,0.785,8.002
433345,22.318193,87.315040,15.78,0.64,-0.13,8.83,-6.66,-2.11,2.31,-70.76,1.11,7.84,0.941,0.235,8.002
433494,22.318193,87.315040,15.78,0.49,0.51,6.76,5.37,0.66,1.37,80.79,18.60,-6.30,-0.510,0.549,9.885
433698,22.318193,87.315040,15.78,1.29,-1.27,9.81,-3.92,-3.61,1.59,-45.54,-20.95,1.05,0.353,0.431,10.003
433905,22.318201,87.315093,15.78,0.74,-0.52,7.66,11.35,-0.71,0.54,73.75,14.01,-5.05,1.098,0.628,11.062
434100,22.318201,87.315093,15.78,1.49,-1.31,3.97,10.40,-3.02,1.28,-4.85,-11.82,3.80,1.098,0.902,6.982
434202,22.318201,87.315093,15.78,2.06,0.26,7.75,-6.85,-2.05,2.09,-169.14,9.50,7.93,0.510,0.078,6.708
434350,22.318201,87.315093,15.78,1.17,0.49,9.09,-6.96,-3.58,1.40,-0.77,-10.37,-4.64,0.235,0.314,8.983
434498,22.318201,87.315093,15.78,1.03,-0.62,7.68,0.11,-3.71,0.78,47.76,-0.88,-4.23,-0.863,0.549,7.688
434705,22.318201,87.315093,15.78,0.70,-0.33,6.28,6.89,2.04,1.62,32.78,27.77,4.06,0.745,0.588,6.825
434897,22.318201,87.315093,15.78,1.32,0.21,7.43,-4.98,-1.21,1.21,-61.82,-16.94,-2.15,1.569,0.785,11.219
435091,22.318201,87.315093,15.78,1.23,-0.38,7.05,1.80,0.47,1.47,34.94,8.66,1.34,0.628,0.549,9.532
435190,22.318201,87.315093,15.78,0.69,0.09,7.04,0.95,-0.81,0.95,-8.64,-12.88,-5.17,0.000,0.824,7.139
435338,22.318201,87.315093,15.78,1.56,-2.07,10.80,0.60,-1.64,0.74,-2.37,-5.62,-1.44,0.471,0.353,7.532
435486,22.318201,87.315093,15.78,1.39,-0.77,6.38,-1.82,2.44,1.33,-16.35,27.54,3.97,0.824,0.745,8.630
435692,22.318201,87.315093,15.78,1.35,-0.90,6.48,0.79,1.35,0.40,12.71,-5.26,-4.52,0.785,1.059,8.473
435897,22.318201,87.315093,15.78,1.10,-0.23,9.69,-2.59,-1.60,0.49,-16.50,-14.37,0.45,0.314,0.824,7.453
436089,22.318201,87.315093,15.78,0.71,0.55,8.08,-1.48,-2.24,0.47,5.76,-3.38,-0.12,0.118,0.981,8.473
436191,22.318201,87.315093,15.78,1.99,-0.81,7.77,2.16,-0.76,-0.12,35.70,14.59,-5.76,0.157,1.098,9.375
436339,22.318201,87.315093,15.78,1.01,0.50,6.88,0.62,-2.85,0.30,-10.42,-14.18,2.84,0.824,1.177,9.375
436487,22.318201,87.315093,15.78,1.10,0.23,8.33,2.70,-2.00,-0.10,14.08,5.78,-2.68,0.706,0.785,7.335
436691,22.318201,87.315093,15.78,1.57,-0.49,8.97,2.32,-1.71,-0.04,-1.87,1.42,0.30,0.431,0.549,7.924
436896,22.318223,87.315261,15.78,1.49,0.02,7.66,-6.44,-3.40,0.09,-42.75,-8.27,0.63,1.373,0.706,10.277
437089,22.318223,87.315261,15.78,0.59,-1.13,8.92,-2.31,-1.19,0.34,21.44,11.47,1.27,0.706,0.902,6.982
437192,22.318223,87.315261,15.78,1.13,-0.71,8.06,3.54,-1.81,1.10,56.77,-6.00,7.41,0.941,0.510,6.472
437338,22.318223,87.315261,15.78,0.60,-0.20,11.54,-1.82,-4.09,0.29,-36.70,-15.63,-5.54,0.510,1.569,7.296
437490,22.318223,87.315261,15.78,1.19,-1.25,8.65,-0.45,-2.58,1.07,8.99,9.94,5.12,0.667,0.981,7.022
437694,22.318223,87.315261,15.78,1.92,-0.17,6.33,2.95,-2.36,0.50,16.65,1.09,-2.77,0.588,1.255,9.493
437899,22.318229,87.315315,15.78,2.12,-0.70,6.60,2.78,-4.35,1.26,-0.82,-9.72,3.69,0.392,1.451,9.022
438090,22.318229,87.315315,15.78,1.53,-0.74,8.62,-2.32,-4.95,1.02,-26.70,-3.12,-1.24,0.902,0.981,9.414
438194,22.318229,87.315315,15.78,1.43,-0.38,7.27,-2.31,-3.42,0.55,0.15,14.68,-4.55,0.353,0.824,8.865
438341,22.318229,87.315315,15.78,1.21,-0.99,10.08,1.25,0.79,1.15,24.20,28.61,4.10,0.275,0.745,9.061
438488,22.318229,87.315315,15.78,2.18,-0.20,7.89,5.63,4.46,1.30,29.76,24.98,0.99,0.902,0.588,9.807
438691,22.318229,87.315315,15.78,1.07,0.08,7.88,1.75,-1.10,0.27,-19.10,-27.38,-5.04,1.216,1.451,9.924
438897,22.318233,87.315368,15.78,1.92,1.23,6.39,3.00,-1.60,0.68,6.08,-2.41,1.96,0.431,1.255,7.571
439088,22.318233,87.315368,15.78,0.22,0.26,7.40,-0.58,-1.30,2.85,-18.74,1.56,11.39,-1.138,0.902,10.199
439192,22.318233,87.315368,15.78,0.82,-1.85,11.27,-8.87,-2.80,2.60,-79.71,-14.46,-2.50,1.177,-0.275,8.473
439344,22.318233,87.315368,15.78,0.79,1.21,6.30,-7.58,-5.85,3.47,8.49,-20.04,5.73,2.275,0.941,9.767
439491,22.318233,87.315368,15.78,0.64,-0.20,8.54,-1.02,-5.10,1.95,44.61,5.09,-10.33,0.353,0.902,6.159
439697,22.318233,87.315368,15.78,1.00,-0.98,9.65,0.10,0.66,1.21,5.45,27.94,-3.56,1.687,0.706,9.885
439887,22.318233,87.315368,15.78,1.38,-1.96,8.00,1.64,-1.34,-0.21,8.12,-10.49,-7.51,0.863,0.981,9.101
440080,22.318233,87.315368,15.78,1.60,-0.75,4.90,10.12,-2.63,-0.24,43.94,-6.72,-0.12,1.216,0.902,7.571
440184,22.318233,87.315368,15.78,1.06,-0.41,7.33,-3.27,-0.45,-0.05,-128.74,20.99,1.76,0.941,0.745,7.845
440335,22.318233,87.315368,15.78,1.33,-0.54,9.54,-1.66,2.89,1.19,10.62,22.09,8.24,1.883,0.510,10.944
440482,22.318233,87.315368,15.78,0.02,-0.53,7.26,0.17,0.44,1.93,12.46,-16.62,5.04,1.451,0.510,9.611
440687,22.318233,87.315368,15.78,0.54,-0.78,8.35,-0.34,-3.48,0.92,-2.46,-19.14,-4.95,1.059,1.530,11.768
440894,22.318250,87.315467,15.78,1.60,0.91,7.11,-4.82,-1.16,2.03,-21.68,11.21,5.38,0.510,0.353,8.198
441086,22.318250,87.315467,15.78,1.05,-0.72,9.75,-4.92,-0.74,0.38,-0.48,2.19,-8.59,0.471,0.785,9.571
441189,22.318250,87.315467,15.78,0.52,-1.03,9.35,5.39,-4.00,0.34,100.05,-31.65,-0.37,0.353,1.098,8.630
441337,22.318250,87.315467,15.78,0.73,-0.54,5.82,0.61,-0.38,-0.76,-32.29,24.45,-7.48,0.078,0.981,7.963
441488,22.318250,87.315467,15.78,0.63,-0.67,8.10,11.41,-3.79,-1.28,71.53,-22.60,-3.44,0.000,0.510,7.924
441696,22.318250,87.315467,15.78,1.80,-1.97,6.10,3.18,-1.21,-0.62,-39.56,12.44,3.19,1.412,0.745,7.924
441887,22.318250,87.315467,15.78,1.61,-1.66,7.06,1.14,-3.82,-0.44,-10.71,-13.67,0.96,1.451,0.824,8.355
442080,22.318250,87.315467,15.78,0.80,0.77,8.18,-6.87,-1.50,1.21,-41.49,11.98,8.54,-0.314,1.648,10.356
442184,22.318250,87.315467,15.78,1.35,-0.50,10.13,-5.60,-0.96,1.34,12.18,5.21,1.17,1.098,0.706,9.571
442331,22.318250,87.315467,15.78,0.95,-0.22,7.22,7.11,0.18,2.72,86.51,7.74,9.40,0.549,0.981,7.061
442475,22.318250,87.315467,15.78,0.27,0.38,7.31,0.85,-3.34,1.08,-43.52,-24.44,-11.34,0.667,1.216,9.061
442684,22.318250,87.315467,15.78,0.77,0.51,6.48,0.80,-2.41,2.33,-0.22,4.46,5.95,1.530,1.177,8.944
442889,22.318264,87.315574,15.78,0.58,-0.03,8.21,-8.94,-3.63,1.44,-47.51,-5.96,-4.32,0.196,1.138,8.826
443081,22.318264,87.315574,15.78,1.11,-1.16,8.75,9.19,-2.02,1.63,94.43,8.39,0.95,0.510,1.059,7.885
443181,22.318264,87.315574,15.78,1.07,-0.89,7.36,4.73,-1.08,2.22,-44.66,9.47,5.95,1.098,0.118,8.865
443327,22.318264,87.315574,15.78,0.76,0.11,6.22,4.47,1.57,1.05,-1.73,18.14,-8.00,1.216,0.667,9.101
443472,22.318264,87.315574,15.78,1.04,-0.00,10.24,-9.63,-3.78,1.50,-97.29,-36.90,3.05,1.138,0.314,7.767
443682,22.318264,87.315574,15.78,0.27,0.13,7.98,-2.94,-1.81,0.31,31.88,9.38,-5.63,-0.275,1.177,7.571
443887,22.318264,87.315574,15.78,0.98,-0.38,5.92,7.62,-3.53,0.16,51.50,-8.38,-0.74,0.824,0.941,8.394
444079,22.318264,87.315574,15.78,1.48,-0.67,9.70,7.98,-2.44,0.08,1.87,5.65,-0.40,0.706,0.941,5.649
444178,22.318264,87.315574,15.78,1.18,-1.71,8.01,6.09,1.55,0.47,-19.05,40.33,3.86,-0.745,0.510,7.335
444325,22.318264,87.315574,15.78,1.56,-1.07,8.75,-5.79,0.37,2.07,-80.85,-8.00,10.91,-0.118,0.667,7.061
444475,22.318264,87.315574,15.78,0.87,-1.04,8.95,-1.02,-0.70,1.98,31.81,-7.18,-0.61,0.510,0.314,9.807
444683,22.318264,87.315574,15.78,1.17,-0.52,9.64,-5.92,0.97,1.41,-23.56,8.04,-2.72,-0.235,0.667,9.414
444889,22.318264,87.315574,15.78,0.99,0.35,6.49,-0.50,-4.21,0.77,26.35,-25.16,-3.11,0.078,1.255,8.159
445080,22.318264,87.315574,15.78,0.95,-0.89,9.29,2.22,-0.44,1.21,14.23,19.78,2.32,0.392,0.785,9.218
445181,22.318264,87.315574,15.78,0.64,0.39,8.13,6.12,-0.80,0.38,38.62,-3.63,-8.24,-0.078,0.745,7.688
445328,22.318264,87.315574,15.78,1.05,0.68,7.72,-2.11,-7.15,0.73,-55.98,-43.21,2.39,0.392,0.510,9.061
445477,22.318264,87.315574,15.78,1.07,-0.62,4.50,13.81,0.40,0.93,106.82,50.72,1.33,-0.196,0.863,9.101
445683,22.318264,87.315574,15.78,1.35,-0.42,8.30,-3.44,-1.92,-218.87,-83.75,-11.27,-1067.00,0.275,0.706,8.983
445893,22.318283,87.315727,15.78,1.45,-0.78,6.81,4.88,-1.53,0.82,39.62,1.85,1046.13,0.549,0.863,10.630
446087,22.318283,87.315727,15.78,0.98,0.58,7.65,1.63,-3.03,-0.34,-16.72,-7.75,-5.98,1.294,1.255,8.630
446188,22.318283,87.315727,15.78,1.76,-0.56,7.89,-2.38,0.18,0.26,-39.76,31.74,5.97,0.628,0.549,8.277
446334,22.318283,87.315727,15.78,0.45,0.20,7.92,2.65,-2.41,-0.15,34.46,-17.72,-2.82,0.353,0.667,7.414
446484,22.318283,87.315727,15.78,1.68,-0.42,9.77,-2.65,-3.39,0.11,-35.32,-6.51,1.78,0.392,0.863,6.982
446691,22.318283,87.315727,15.78,1.00,-1.64,9.05,2.27,-1.64,0.60,23.75,8.44,2.32,0.353,1.020,8.630
446896,22.318286,87.315780,15.78,1.26,-1.27,8.21,-1.61,-0.72,1.08,-18.92,4.51,2.35,0.078,0.981,9.414
447088,22.318286,87.315780,15.78,1.10,-0.87,7.30,-1.64,-1.13,0.98,-0.16,-2.15,-0.52,0.510,1.765,9.454
447191,22.318286,87.315780,15.78,0.41,-0.58,6.77,3.72,-0.18,1.45,52.03,9.19,4.59,0.039,0.745,9.493
447336,22.318286,87.315780,15.78,0.99,-0.27,8.55,-2.05,-0.88,1.41,-39.80,-4.79,-0.26,0.863,0.902,8.473
447485,22.318286,87.315780,15.78,1.08,-0.70,8.22,-2.06,-1.56,1.40,-0.05,-4.56,-0.10,0.902,1.020,8.591
447692,22.318286,87.315780,15.78,1.15,-0.86,7.35,1.07,-0.82,1.37,15.12,3.58,-0.15,0.667,0.706,7.532
447885,22.318286,87.315780,15.78,1.07,0.00,8.80,-2.38,0.19,2.24,-17.88,5.22,4.51,0.863,0.863,7.845
448076,22.318286,87.315780,15.78,1.26,-0.54,8.00,-3.57,-1.69,1.67,-6.23,-9.87,-2.96,1.098,0.667,10.120
448181,22.318286,87.315780,15.78,0.38,-0.20,7.19,7.27,-1.01,1.21,103.31,6.54,-4.36,-0.118,0.824,9.140
448329,22.318286,87.315780,15.78,1.57,-0.27,9.15,-10.39,1.02,2.18,-119.35,13.72,6.50,0.353,0.353,6.865
448479,22.318286,87.315780,15.78,0.51,-0.52,7.80,-5.92,-0.82,1.45,29.77,-12.32,-4.83,1.373,1.255,8.394
448687,22.318286,87.315780,15.78,0.81,-0.71,8.36,7.83,-3.07,0.25,66.13,-10.79,-5.76,0.588,1.216,10.003
448893,22.318300,87.315887,15.78,0.76,-0.63,8.84,2.98,0.85,0.89,-23.57,19.01,3.11,0.235,0.628,7.885
449086,22.318300,87.315887,15.78,1.65,-0.36,9.62,-4.53,-0.53,0.18,-38.92,-7.16,-3.68,0.981,0.353,9.728
449189,22.318300,87.315887,15.78,0.81,-0.20,6.15,3.13,0.38,-0.45,74.41,8.89,-6.15,0.941,1.373,8.002
449336,22.318300,87.315887,15.78,1.25,0.51,9.52,-2.71,-4.30,-0.37,-39.73,-31.83,0.57,0.078,0.706,9.101
449485,22.318300,87.315887,15.78,1.43,-1.31,8.98,0.72,-1.21,0.24,23.00,20.70,4.05,0.510,0.275,7.688
449690,22.318300,87.315887,15.78,0.67,0.18,6.71,1.21,-3.09,1.28,2.42,-9.16,5.10,0.981,0.863,8.081
449881,22.318300,87.315887,15.78,1.43,-0.75,7.89,-0.41,-0.04,0.39,-8.51,15.99,-4.68,0.941,1.177,8.551
450072,22.318300,87.315887,15.78,0.80,-0.12,8.26,-2.00,-3.52,0.13,-8.31,-18.22,-1.36,0.628,0.667,8.551
450177,22.318300,87.315887,15.78,1.48,-1.13,7.75,2.14,-1.68,-0.97,39.40,17.52,-10.47,0.941,1.255,7.963
450326,22.318300,87.315887,15.78,1.30,-0.48,8.43,-3.11,-3.69,-1.68,-35.20,-13.53,-4.76,0.981,0.745,8.277
450478,22.318300,87.315887,15.78,0.94,-0.46,8.12,1.77,-1.51,-3.49,32.09,14.36,-11.90,0.706,1.491,8.394
450685,22.318300,87.315887,15.78,0.98,-1.17,8.16,3.52,-3.84,-2.83,8.44,-11.25,3.17,0.667,1.373,8.394
450891,22.318313,87.315979,15.78,1.68,-0.03,9.27,-0.85,-3.10,-3.46,-21.20,3.59,-3.04,0.628,1.020,7.492
451084,22.318313,87.315979,15.78,1.42,-0.86,8.27,-2.97,-2.02,-2.36,-11.00,5.58,5.70,0.549,0.981,9.218
451186,22.318313,87.315979,15.78,1.62,-0.63,8.23,1.37,-0.05,-1.20,42.51,19.31,11.38,0.628,1.059,8.865
451335,22.318313,87.315979,15.78,1.08,-0.27,8.00,-0.90,-1.76,-0.15,-15.22,-11.42,7.02,0.549,0.706,9.454
451485,22.318313,87.315979,15.78,1.14,-0.17,8.17,-1.69,-0.41,-0.22,-5.29,8.96,-0.46,0.981,0.863,7.571
451692,22.318313,87.315979,15.78,0.76,-0.27,8.86,0.50,-2.78,0.45,10.62,-11.43,3.25,0.902,0.667,8.748
451885,22.318313,87.315979,15.78,1.16,-0.19,8.18,-2.06,-1.44,0.98,-13.29,6.92,2.77,1.138,1.059,9.336
452075,22.318313,87.315979,15.78,0.86,-0.55,8.23,-2.88,-3.02,0.83,-4.30,-8.28,-0.80,0.706,1.059,8.316
452179,22.318313,87.315979,15.78,1.30,-0.69,8.16,0.15,-1.37,0.78,29.14,15.78,-0.51,0.471,0.785,7.845
452326,22.318313,87.315979,15.78,1.50,-0.37,8.55,-1.84,0.04,0.69,-13.55,9.61,-0.62,0.941,0.941,10.160
452475,22.318313,87.315979,15.78,0.93,-0.13,7.66,1.18,-1.20,0.63,20.24,-8.30,-0.41,0.941,1.020,8.708
452681,22.318313,87.315979,15.78,1.33,-0.18,7.81,0.32,-1.12,-0.21,-4.15,0.37,-4.04,1.177,1.177,10.591
452887,22.318313,87.315979,15.78,0.69,-0.17,7.24,0.38,-0.50,0.28,0.30,3.04,2.37,1.020,1.177,10.081
453079,22.318313,87.315979,15.78,1.07,-0.47,8.45,-0.63,0.12,-0.03,-5.25,3.22,-1.63,0.628,0.549,8.355
453181,22.318313,87.315979,15.78,1.12,-0.90,9.09,-0.85,-1.91,0.66,-2.25,-19.91,6.74,0.981,0.039,6.708
453329,22.318313,87.315979,15.78,1.70,-1.08,8.41,0.25,0.50,-0.06,7.48,16.30,-4.85,1.059,0.510,8.434
453476,22.318313,87.315979,15.78,0.92,-0.22,7.58,0.01,-0.25,0.56,-1.66,-5.14,4.26,0.588,0.471,8.198
453681,22.318313,87.315979,15.78,1.36,-1.22,8.76,-1.24,0.68,-1.08,-6.11,4.54,-8.01,1.451,0.667,8.512
453885,22.318313,87.315979,15.78,0.67,-1.26,9.03,-3.72,-5.66,-3.98,-12.12,-31.10,-14.26,1.177,1.177,8.434
454080,22.318313,87.315979,15.78,1.43,-1.50,7.09,-0.99,2.16,-4.16,13.98,40.13,-0.90,1.412,1.412,7.649
454183,22.318313,87.315979,15.78,1.21,-0.77,7.22,2.92,1.05,-4.76,38.02,-10.82,-5.85,1.608,0.785,9.414
454331,22.318313,87.315979,15.78,0.62,-0.59,8.80,-3.18,-1.48,-4.85,-41.21,-17.07,-0.62,1.294,0.510,8.983
454483,22.318313,87.315979,15.78,0.97,-0.69,6.99,-5.02,-1.90,-5.24,-12.10,-2.76,-2.51,1.138,1.020,8.551
454691,22.318313,87.315979,15.78,0.99,-0.73,7.07,-0.92,-1.31,-5.49,19.71,2.83,-1.21,0.745,0.549,8.591
454884,22.318313,87.315979,15.78,0.85,-1.42,8.58,2.13,-0.86,-5.78,15.78,2.33,-1.50,1.608,1.059,8.787
455075,22.318313,87.315979,15.78,0.57,-1.14,7.66,1.11,0.07,-6.08,-5.36,4.88,-1.56,1.255,0.785,7.571
455178,22.318313,87.315979,15.78,1.25,-1.43,8.99,-1.26,-1.82,-6.66,-22.97,-18.38,-5.63,1.177,0.706,8.120
455329,22.318313,87.315979,15.78,1.17,-0.42,8.06,1.32,-0.92,-7.23,17.09,6.02,-3.79,1.138,0.667,8.394
455477,22.318313,87.315979,15.78,0.94,-0.78,8.50,-0.94,0.17,-6.93,-15.27,7.32,2.01,1.412,0.667,8.238
455683,22.318313,87.315979,15.78,1.16,-0.87,9.37,-0.85,0.21,-8.21,0.44,0.19,-6.23,1.216,0.196,6.786
455888,22.318334,87.316154,15.78,1.98,-1.09,7.87,2.11,-0.31,-8.16,14.41,-2.49,0.26,1.373,0.628,7.845
456081,22.318334,87.316154,15.78,0.85,-0.89,7.14,-1.23,1.16,-8.27,-17.28,7.59,-0.55,1.530,1.255,8.630
456183,22.318334,87.316154,15.78,0.51,-0.71,6.16,-1.65,-1.08,-9.26,-4.12,-21.93,-9.73,1.373,0.628,9.218
456334,22.318334,87.316154,15.78,0.83,-1.33,7.98,-1.82,-2.05,-9.27,-1.11,-6.42,-0.10,1.569,0.628,6.590
456483,22.318334,87.316154,15.78,1.03,-0.97,9.05,-5.02,-1.01,-9.37,-21.52,6.97,-0.61,1.412,0.745,9.022
456691,22.318334,87.316154,15.78,1.04,-1.16,7.40,3.18,-1.54,-9.88,39.45,-2.57,-2.46,1.608,0.824,8.277
456884,22.318334,87.316154,15.78,0.88,-1.43,7.49,-3.44,-1.84,-11.15,-34.33,-1.54,-6.57,1.530,1.177,10.434
457077,22.318334,87.316154,15.78,0.48,-0.99,9.14,-0.60,0.01,-10.61,14.75,9.57,2.77,1.451,0.941,8.394
457181,22.318334,87.316154,15.78,0.75,-1.11,7.11,0.38,-0.66,-11.43,9.40,-6.46,-7.85,0.549,1.294,10.003
457329,22.318334,87.316154,15.78,0.88,-1.12,8.96,5.06,-0.75,-11.51,31.62,-0.57,-0.57,0.941,0.039,8.551
457480,22.318334,87.316154,15.78,1.42,-0.82,7.90,-1.61,-2.60,-11.56,-44.18,-12.28,-0.30,1.765,0.353,8.669
457691,22.318334,87.316154,15.78,0.76,-0.67,7.41,3.48,-0.36,-11.69,24.13,10.64,-0.65,1.334,0.588,9.061
457897,22.318319,87.316184,15.78,0.55,-0.88,7.51,-2.07,0.66,-10.69,-26.94,4.97,4.89,1.138,1.020,8.394
458090,22.318319,87.316184,15.78,0.57,-1.61,9.40,-2.22,-0.33,-12.82,-0.79,-5.14,-11.07,1.138,-0.235,9.964
458196,22.318319,87.316184,15.78,1.09,0.03,7.60,-2.02,-0.14,-10.46,1.87,1.80,22.32,1.804,0.785,8.591
458344,22.318319,87.316184,15.78,0.10,-1.00,6.75,3.82,-3.11,-12.37,39.51,-20.06,-12.89,0.941,0.549,8.826
458496,22.318319,87.316184,15.78,0.75,-0.93,9.46,5.12,-5.22,-11.39,8.54,-13.91,6.43,1.569,0.628,8.669
458703,22.318319,87.316184,15.78,0.65,-0.69,7.02,-1.63,-0.96,-9.15,-32.60,20.58,10.84,1.255,0.902,8.748
458897,22.318319,87.316184,15.78,0.46,-0.45,7.62,2.25,0.96,-6.65,19.99,9.92,12.87,1.804,0.118,8.394
459088,22.318319,87.316184,15.78,-0.08,-0.45,8.03,1.42,-1.66,-6.05,-4.36,-13.71,3.12,1.373,0.353,8.865
459192,22.318319,87.316184,15.78,0.36,-0.94,7.46,0.09,-3.02,-5.15,-12.77,-13.07,8.66,1.216,-0.235,8.826
459341,22.318319,87.316184,15.78,0.60,-1.46,8.06,-2.04,-3.67,-4.53,-14.29,-4.41,4.20,1.177,0.078,7.492
459492,22.318319,87.316184,15.78,0.67,-0.69,7.79,3.21,-3.27,-3.31,34.73,2.63,8.09,0.902,0.235,8.630
459697,22.318319,87.316184,15.78,0.80,-0.69,8.14,1.08,-1.31,-1.27,-10.35,9.61,9.91,1.569,0.235,9.179
459889,22.318319,87.316184,15.78,0.56,-0.76,7.39,3.03,-2.34,-0.21,10.14,-5.41,5.53,1.530,0.431,8.865
460082,22.318319,87.316184,15.78,0.12,-0.65,7.76,2.60,-2.85,0.51,-2.25,-2.61,3.76,1.687,0.235,8.316
460182,22.318319,87.316184,15.78,0.80,-1.14,7.80,0.60,-3.26,1.32,-20.00,-4.12,8.09,1.412,0.157,8.002
460329,22.318319,87.316184,15.78,0.57,-0.68,8.43,0.12,-1.83,0.70,-3.22,9.71,-4.21,0.863,0.039,7.806
460476,22.318319,87.316184,15.78,0.51,-0.84,7.97,-0.79,-0.45,2.32,-6.23,9.40,11.01,1.255,0.157,8.904
460681,22.318319,87.316184,15.78,0.51,-0.67,7.81,0.60,-2.64,1.35,6.81,-10.69,-4.73,0.863,0.275,8.512
460873,22.318319,87.316184,15.78,0.52,-0.71,8.35,-0.44,-2.27,1.15,-5.45,1.95,-1.03,1.216,0.353,8.630
461065,22.318319,87.316184,15.78,0.45,-0.80,7.85,-0.86,-2.02,1.30,-2.19,1.31,0.76,1.138,0.314,8.512
461165,22.318319,87.316184,15.78,0.59,-0.65,8.36,-0.44,-2.45,1.27,4.27,-4.35,-0.23,1.138,0.078,8.316
461313,22.318319,87.316184,15.78,0.83,-0.74,8.21,-0.82,-1.99,1.05,-2.58,3.09,-1.55,1.216,0.039,8.355
461460,22.318319,87.316184,15.78,0.68,-0.72,8.09,-0.85,-1.28,1.15,-0.21,4.83,0.73,1.098,0.314,8.434
461665,22.318319,87.316184,15.78,0.61,-0.71,8.09,-0.50,-1.82,1.01,1.71,-2.64,-0.71,1.098,0.196,8.591
461870,22.318319,87.316184,15.78,0.63,-0.69,8.03,0.00,-1.69,0.94,2.42,0.67,-0.34,1.098,0.275,8.316
462060,22.318319,87.316184,15.78,0.60,-0.70,8.12,-0.36,-1.70,0.85,-1.89,-0.08,-0.48,0.902,0.275,8.434
462164,22.318319,87.316184,15.78,0.57,-0.14,8.19,0.19,-1.71,0.99,5.28,-0.07,1.39,0.431,0.235,8.591
462309,22.318319,87.316184,15.78,0.66,-0.19,8.11,-0.36,-1.72,0.89,-3.79,-0.05,-0.74,0.549,0.275,8.473
462457,22.318319,87.316184,15.78,0.62,-0.34,8.04,-0.35,-1.44,0.98,0.05,1.86,0.62,0.588,0.353,8.591
462661,22.318319,87.316184,15.78,0.61,-0.20,8.02,-0.40,-1.56,0.89,-0.26,-0.60,-0.45,0.588,0.275,8.551
462865,22.318319,87.316184,15.78,0.63,-0.27,7.98,-0.29,-1.73,1.14,0.56,-0.82,1.23,0.549,0.235,8.512
463056,22.318319,87.316184,15.78,0.69,-0.26,8.06,-0.23,-1.68,0.95,0.32,0.28,-1.00,0.628,0.275,8.512
463158,22.318319,87.316184,15.78,0.63,-0.21,8.11,-0.21,-1.45,0.93,0.15,2.25,-0.15,0.549,0.275,8.512
463304,22.318319,87.316184,15.78,0.62,-0.21,8.07,-0.24,-1.73,0.92,-0.16,-1.88,-0.10,0.588,0.235,8.512
463453,22.318319,87.316184,15.78,0.66,-0.20,8.04,-0.31,-1.72,0.85,-0.51,0.05,-0.46,0.510,0.196,8.551
463660,22.318319,87.316184,15.78,0.65,-0.22,8.08,-0.34,-1.91,0.95,-0.15,-0.92,0.52,0.588,0.353,8.630
463864,22.318319,87.316184,15.78,0.62,-0.35,7.95,-0.40,-1.48,0.97,-0.26,2.10,0.07,0.667,0.157,8.473
464055,22.318319,87.316184,15.78,0.51,-0.29,8.07,-0.37,-1.53,0.86,0.16,-0.28,-0.56,0.588,0.235,8.512
464157,22.318319,87.316184,15.78,0.71,-0.15,8.10,-0.53,-1.67,0.82,-1.65,-1.35,-0.45,0.471,0.353,8.591
464306,22.318319,87.316184,15.78,0.66,-0.26,8.06,-0.06,-1.32,1.10,3.18,2.36,1.90,0.588,0.235,8.512
464451,22.318319,87.316184,15.78,0.58,-0.19,8.11,-0.57,-1.60,0.94,-3.53,-1.95,-1.11,0.549,0.275,8.591
464659,22.318319,87.316184,15.78,0.61,-0.24,8.16,-0.34,-1.58,0.90,1.14,0.11,-0.18,0.510,0.392,8.591
464863,22.318319,87.316184,15.78,0.61,-0.26,8.13,-0.49,-1.44,1.03,-0.75,0.71,0.64,0.549,0.471,8.591